TotalSteps,TotalDistance,TrackerDistance,LoggedActivitiesDistance,VeryActiveDistance,ModeratelyActiveDistance,LightActiveDistance,SedentaryActiveDistance,VeryActiveMinutes,FairlyActiveMinutes,LightlyActiveMinutes,SedentaryMinutes,Calories,TotalSleepRecords,TotalMinutesAsleep,TotalTimeInBed,WeightKg,BMI,Fat,TotalActiveMinutes,ActivityRatio,VeryActiveRatio,SedentaryPercentage,ActivitySleepRatio,StepsPerActiveMinute,CaloriesPerStep
13162,8.5,8.5,0.0,1.87999999523163,0.550000011920929,6.05999994277954,0.0,25,13,328,728,1985,1.0,327.0,346.0,62.5,24.3899993896484,23.5,366,0.33424657534246577,0.0681198910081744,0.5055555555555555,1.1158536585365855,35.86376021798365,0.15080148902225937
10735,6.96999979019165,6.96999979019165,0.0,1.57000005245209,0.689999997615814,4.71000003814697,0.0,21,19,217,776,1797,2.0,384.0,407.0,62.5,24.3899993896484,23.5,257,0.24854932301740812,0.08139534883720931,0.5388888888888889,0.6675324675324675,41.60852713178294,0.16738077496274217
10460,6.73999977111816,6.73999977111816,0.0,2.44000005722046,0.400000005960464,3.91000008583069,0.0,30,11,181,1218,1776,1.0,433.0,463.0,62.5,24.3899993896484,23.5,222,0.15405968077723803,0.13452914798206278,0.8458333333333333,0.511520737327189,46.90582959641256,0.16977344422139376
9762,6.28000020980835,6.28000020980835,0.0,2.14000010490417,1.25999999046326,2.82999992370605,0.0,29,34,209,726,1745,1.0,412.0,442.0,62.5,24.3899993896484,23.5,272,0.2722722722722723,0.10622710622710622,0.5041666666666667,0.6585956416464891,35.75824175824176,0.17873604424869405
12669,8.15999984741211,8.15999984741211,0.0,2.71000003814697,0.409999996423721,5.03999996185303,0.0,36,10,221,773,1863,2.0,340.0,367.0,62.5,24.3899993896484,23.5,267,0.2564841498559078,0.13432835820895522,0.5368055555555555,0.782991202346041,47.27238805970149,0.14704025256511444
9705,6.48000001907349,6.48000001907349,0.0,3.19000005722046,0.779999971389771,2.50999999046326,0.0,38,20,164,539,1728,1.0,700.0,712.0,62.5,24.3899993896484,23.5,222,0.29133858267716534,0.17040358744394618,0.37430555555555556,0.3166904422253923,43.52017937219731,0.17803420564599218
13019,8.59000015258789,8.59000015258789,0.0,3.25,0.639999985694885,4.71000003814697,0.0,42,16,233,1149,1921,1.0,433.0,463.0,62.5,24.3899993896484,23.5,291,0.20194309507286606,0.14383561643835616,0.7979166666666667,0.6705069124423964,44.58561643835616,0.14754224270353303
15506,9.88000011444092,9.88000011444092,0.0,3.52999997138977,1.32000005245209,5.03000020980835,0.0,50,31,264,775,2035,1.0,304.0,320.0,62.5,24.3899993896484,23.5,345,0.30776092774308655,0.14450867052023122,0.5381944444444444,1.1311475409836065,44.8150289017341,0.1312310569420262
10544,6.67999982833862,6.67999982833862,0.0,1.96000003814697,0.479999989271164,4.23999977111816,0.0,28,12,205,818,1786,1.0,360.0,377.0,62.5,24.3899993896484,23.5,245,0.23026315789473684,0.11382113821138211,0.5680555555555555,0.6786703601108033,42.86178861788618,0.16936936936936936
9819,6.34000015258789,6.34000015258789,0.0,1.3400000333786,0.349999994039536,4.65000009536743,0.0,19,8,211,838,1775,1.0,325.0,364.0,62.5,24.3899993896484,23.5,238,0.22098421541318478,0.0794979079497908,0.5819444444444445,0.7300613496932515,41.0836820083682,0.18075356415478616
12764,8.13000011444092,8.13000011444092,0.0,4.76000022888184,1.12000000476837,2.24000000953674,0.0,66,27,130,1217,1827,1.0,433.0,463.0,62.5,24.3899993896484,23.5,223,0.15475364330326163,0.29464285714285715,0.8451388888888889,0.5138248847926268,56.982142857142854,0.14312573443008225
14371,9.03999996185303,9.03999996185303,0.0,2.80999994277954,0.870000004768372,5.3600001335144,0.0,41,21,262,732,1949,1.0,361.0,384.0,62.5,24.3899993896484,23.5,324,0.3065279091769158,0.12615384615384614,0.5083333333333333,0.8950276243093923,44.21846153846154,0.13561091010297802
10039,6.40999984741211,6.40999984741211,0.0,2.92000007629395,0.209999993443489,3.27999997138977,0.0,39,5,238,709,1788,1.0,430.0,449.0,62.5,24.3899993896484,23.5,282,0.2842741935483871,0.13780918727915195,0.49236111111111114,0.654292343387471,35.47349823321555,0.17808764940239044
15355,9.80000019073486,9.80000019073486,0.0,5.28999996185303,0.569999992847443,3.94000005722046,0.0,73,14,216,814,2013,1.0,277.0,323.0,62.5,24.3899993896484,23.5,303,0.2710196779964222,0.24013157894736842,0.5652777777777778,1.089928057553957,50.50986842105263,0.1310888252148997
13755,8.78999996185303,8.78999996185303,0.0,2.32999992370605,0.920000016689301,5.53999996185303,0.0,31,23,279,833,1970,1.0,245.0,274.0,62.5,24.3899993896484,23.5,333,0.2853470437017995,0.09281437125748503,0.5784722222222223,1.353658536585366,41.18263473053892,0.14321023553358533
18134,12.210000038147,12.210000038147,0.0,6.40000009536743,0.409999996423721,5.40999984741211,0.0,78,11,243,1108,2159,1.0,433.0,463.0,62.5,24.3899993896484,23.5,332,0.23039555863983344,0.23423423423423423,0.7694444444444445,0.7649769585253456,54.45645645645646,0.11905155776123517
13154,8.52999973297119,8.52999973297119,0.0,3.53999996185303,1.1599999666214,3.78999996185303,0.0,48,28,189,782,1898,1.0,366.0,393.0,62.5,24.3899993896484,23.5,265,0.25286259541984735,0.18045112781954886,0.5430555555555555,0.7220708446866485,49.45112781954887,0.1442797415431395
11181,7.15000009536743,7.15000009536743,0.0,1.05999994277954,0.5,5.57999992370605,0.0,16,12,243,815,1837,1.0,341.0,354.0,62.5,24.3899993896484,23.5,271,0.24931002759889603,0.058823529411764705,0.5659722222222222,0.7923976608187134,41.106617647058826,0.1642818815954212
14673,9.25,9.25,0.0,3.55999994277954,1.41999995708466,4.26999998092651,0.0,52,34,217,712,1947,1.0,404.0,425.0,62.5,24.3899993896484,23.5,303,0.29822834645669294,0.17105263157894737,0.49444444444444446,0.7481481481481481,48.266447368421055,0.13268365817091454
10602,6.80999994277954,6.80999994277954,0.0,2.28999996185303,1.60000002384186,2.92000007629395,0.0,33,35,246,730,1820,1.0,369.0,396.0,62.5,24.3899993896484,23.5,314,0.3004784688995215,0.10476190476190476,0.5069444444444444,0.8486486486486486,33.65714285714286,0.17164953315099502
14727,9.71000003814697,9.71000003814697,0.0,3.21000003814697,0.569999992847443,5.92000007629395,0.0,41,15,277,798,2004,1.0,277.0,309.0,52.5999984741211,22.6499996185303,22.0,333,0.2941696113074205,0.12275449101796407,0.5541666666666667,1.1978417266187051,44.09281437125748,0.1360673546985334
15103,9.65999984741211,9.65999984741211,0.0,3.73000001907349,1.04999995231628,4.88000011444092,0.0,50,24,254,816,1990,1.0,273.0,296.0,52.5999984741211,22.6499996185303,23.5,328,0.28646288209606985,0.1519756838905775,0.5666666666666667,1.197080291970803,45.90577507598784,0.1317531779661017
11100,7.15000009536743,7.15000009536743,0.0,2.46000003814697,0.870000004768372,3.8199999332428,0.0,36,22,203,1179,1819,1.0,433.0,463.0,62.5,24.3899993896484,23.5,261,0.18112421929215822,0.13740458015267176,0.81875,0.6013824884792627,42.36641221374046,0.1638591117917305
14070,8.89999961853027,8.89999961853027,0.0,2.92000007629395,1.08000004291534,4.88000011444092,0.0,45,24,250,857,1959,1.0,247.0,264.0,62.5,24.3899993896484,23.5,319,0.27102803738317754,0.140625,0.5951388888888889,1.2862903225806452,43.96875,0.13922251439130126
12159,8.02999973297119,8.02999973297119,0.0,1.97000002861023,0.25,5.80999994277954,0.0,24,6,289,754,1896,1.0,334.0,367.0,62.5,24.3899993896484,23.5,319,0.29702048417132215,0.075,0.5236111111111111,0.9522388059701492,37.996875,0.15592105263157896
11992,7.71000003814697,7.71000003814697,0.0,2.46000003814697,2.11999988555908,3.13000011444092,0.0,37,46,175,833,1821,1.0,331.0,349.0,62.5,24.3899993896484,23.5,258,0.23626373626373626,0.14285714285714285,0.5784722222222223,0.7771084337349398,46.3011583011583,0.15183857250062535
10060,6.57999992370605,6.57999992370605,0.0,3.52999997138977,0.319999992847443,2.73000001907349,0.0,44,8,203,574,1740,1.0,594.0,611.0,62.5,24.3899993896484,23.5,255,0.3072289156626506,0.171875,0.39861111111111114,0.42857142857142855,39.296875,0.17294503528476293
12022,7.71999979019165,7.71999979019165,0.0,3.45000004768372,0.529999971389771,3.74000000953674,0.0,46,11,206,835,1819,1.0,338.0,342.0,62.5,24.3899993896484,23.5,263,0.23930846223839855,0.17424242424242425,0.5798611111111112,0.775811209439528,45.53787878787879,0.1512933544040589
12207,7.76999998092651,7.76999998092651,0.0,3.34999990463257,1.1599999666214,3.25999999046326,0.0,46,31,214,746,1859,1.0,383.0,403.0,62.5,24.3899993896484,23.5,291,0.28034682080924855,0.15753424657534246,0.5180555555555556,0.7578125,41.804794520547944,0.15227719528178243
12770,8.13000011444092,8.13000011444092,0.0,2.55999994277954,1.00999999046326,4.55000019073486,0.0,36,23,251,669,1783,1.0,285.0,306.0,62.5,24.3899993896484,23.5,310,0.3163265306122449,0.1157556270096463,0.46458333333333335,1.083916083916084,41.061093247588424,0.13961318612481402
0,0.0,0.0,0.0,0.0,0.0,0.0,0.0,0,0,0,1440,0,1.0,433.0,463.0,62.5,24.3899993896484,23.5,0,0.0,0.0,1.0,0.0,0.0,0.0
8163,5.30999994277954,5.30999994277954,0.0,0.0,0.0,5.30999994277954,0.0,0,0,146,1294,1432,1.0,433.0,463.0,62.5,24.3899993896484,23.5,146,0.10131852879944483,0.0,0.8986111111111111,0.33640552995391704,55.53061224489796,0.17540421362077413
7007,4.55000019073486,4.55000019073486,0.0,0.0,0.0,4.55000019073486,0.0,0,0,148,1292,1411,1.0,433.0,463.0,62.5,24.3899993896484,23.5,148,0.10270645385149202,0.0,0.8972222222222223,0.34101382488479265,47.02684563758389,0.20134132420091325
9107,5.92000007629395,5.92000007629395,0.0,0.0,0.0,5.90999984741211,0.0099999997764825,0,0,236,1204,1572,1.0,433.0,463.0,62.5,24.3899993896484,23.5,236,0.16377515614156835,0.0,0.8361111111111111,0.543778801843318,38.426160337552744,0.1725955204216074
1510,0.980000019073486,0.980000019073486,0.0,0.0,0.0,0.970000028610229,0.0,0,0,96,1344,1344,1.0,433.0,463.0,62.5,24.3899993896484,23.5,96,0.06662040249826509,0.0,0.9333333333333333,0.22119815668202766,15.56701030927835,0.8894771674387822
5370,3.49000000953674,3.49000000953674,0.0,0.0,0.0,3.49000000953674,0.0,0,0,176,1264,1463,1.0,433.0,463.0,62.5,24.3899993896484,23.5,176,0.12213740458015267,0.0,0.8777777777777778,0.4055299539170507,30.338983050847457,0.27238875442189536
6175,4.05999994277954,4.05999994277954,0.0,1.02999997138977,1.51999998092651,1.49000000953674,0.0099999997764825,15,22,127,1276,1554,1.0,433.0,463.0,62.5,24.3899993896484,23.5,164,0.11380985426786953,0.09090909090909091,0.8861111111111111,0.3778801843317972,37.42424242424242,0.25161917098445596
10536,7.40999984741211,7.40999984741211,0.0,2.15000009536743,0.620000004768372,4.61999988555908,0.0099999997764825,17,7,202,1214,1604,1.0,433.0,463.0,62.5,24.3899993896484,23.5,226,0.1568355308813324,0.07488986784140969,0.8430555555555556,0.5207373271889401,46.414096916299556,0.1522254911265066
2916,1.89999997615814,1.89999997615814,0.0,0.0,0.0,1.89999997615814,0.0,0,0,141,1299,1435,1.0,433.0,463.0,62.5,24.3899993896484,23.5,141,0.09784871616932686,0.0,0.9020833333333333,0.3248847926267281,20.535211267605632,0.49194377785395954
4974,3.23000001907349,3.23000001907349,0.0,0.0,0.0,3.23000001907349,0.0,0,0,151,1289,1446,1.0,433.0,463.0,62.5,24.3899993896484,23.5,151,0.10478834142956281,0.0,0.8951388888888889,0.347926267281106,32.723684210526315,0.2906532663316583
6349,4.13000011444092,4.13000011444092,0.0,0.0,0.0,4.1100001335144,0.0199999995529652,0,0,186,1254,1467,1.0,433.0,463.0,62.5,24.3899993896484,23.5,186,0.12907702984038863,0.0,0.8708333333333333,0.42857142857142855,33.95187165775401,0.23102362204724408
4026,2.61999988555908,2.61999988555908,0.0,0.0,0.0,2.59999990463257,0.0,0,0,199,1241,1470,1.0,433.0,463.0,62.5,24.3899993896484,23.5,199,0.13809854267869534,0.0,0.8618055555555556,0.45852534562211983,20.13,0.3650360069530668
8538,5.55000019073486,5.55000019073486,0.0,0.0,0.0,5.53999996185303,0.0099999997764825,0,0,227,1213,1562,1.0,433.0,463.0,62.5,24.3899993896484,23.5,227,0.157529493407356,0.0,0.8423611111111111,0.5230414746543779,37.44736842105263,0.18292540110083147
6076,3.95000004768372,3.95000004768372,0.0,1.14999997615814,0.910000026226044,1.88999998569489,0.0,16,18,185,1221,1617,1.0,433.0,463.0,62.5,24.3899993896484,23.5,219,0.15197779319916724,0.07272727272727272,0.8479166666666667,0.5046082949308756,27.618181818181817,0.266085239427349
6497,4.21999979019165,4.21999979019165,0.0,0.0,0.0,4.19999980926514,0.0199999995529652,0,0,202,1238,1492,1.0,433.0,463.0,62.5,24.3899993896484,23.5,202,0.14018043025676613,0.0,0.8597222222222223,0.46543778801843316,32.004926108374384,0.2296091104955371
2826,1.8400000333786,1.8400000333786,0.0,0.0,0.0,1.83000004291534,0.0099999997764825,0,0,140,1300,1402,1.0,433.0,463.0,62.5,24.3899993896484,23.5,140,0.09715475364330327,0.0,0.9027777777777778,0.3225806451612903,20.04255319148936,0.4959320834807216
8367,5.44000005722046,5.44000005722046,0.0,1.11000001430511,1.87000000476837,2.46000003814697,0.0,17,36,154,1233,1670,1.0,433.0,463.0,62.5,24.3899993896484,23.5,207,0.1436502428868841,0.08173076923076923,0.85625,0.4769585253456221,40.22596153846154,0.1995697896749522
2759,1.78999996185303,1.78999996185303,0.0,0.0,0.200000002980232,1.60000002384186,0.0,0,5,115,1320,1401,1.0,433.0,463.0,62.5,24.3899993896484,23.5,120,0.08327550312283137,0.0,0.9166666666666666,0.2764976958525346,22.801652892561982,0.5076086956521739
2390,1.54999995231628,1.54999995231628,0.0,0.0,0.0,1.54999995231628,0.0,0,0,150,1290,1404,1.0,433.0,463.0,62.5,24.3899993896484,23.5,150,0.1040943789035392,0.0,0.8958333333333334,0.3456221198156682,15.827814569536423,0.5872020075282308
6474,4.30000019073486,4.30000019073486,0.0,0.899999976158142,1.27999997138977,2.11999988555908,0.0099999997764825,11,23,224,1182,1655,1.0,433.0,463.0,62.5,24.3899993896484,23.5,258,0.17904233171408743,0.04247104247104247,0.8208333333333333,0.5944700460829493,24.996138996138995,0.2555984555984556
36019,28.0300006866455,28.0300006866455,0.0,21.9200000762939,4.19000005722046,1.9099999666214,0.0199999995529652,186,63,171,1020,2690,1.0,433.0,463.0,62.5,24.3899993896484,23.5,420,0.2914642609299098,0.4418052256532066,0.7083333333333334,0.967741935483871,85.55581947743468,0.07468073292615214
7155,4.92999982833862,4.92999982833862,0.0,0.860000014305115,0.589999973773956,3.47000002861023,0.0,7,6,166,1261,1497,1.0,433.0,463.0,62.5,24.3899993896484,23.5,179,0.12421929215822346,0.03888888888888889,0.8756944444444444,0.41244239631336405,39.75,0.2091950810508664
2100,1.37000000476837,1.37000000476837,0.0,0.0,0.0,1.3400000333786,0.0199999995529652,0,0,96,1344,1334,1.0,433.0,463.0,62.5,24.3899993896484,23.5,96,0.06662040249826509,0.0,0.9333333333333333,0.22119815668202766,21.649484536082475,0.6349357448833889
2193,1.42999994754791,1.42999994754791,0.0,0.0,0.0,1.41999995708466,0.0,0,0,118,1322,1368,1.0,433.0,463.0,62.5,24.3899993896484,23.5,118,0.08188757807078417,0.0,0.9180555555555555,0.271889400921659,18.428571428571427,0.6235186873290793
2470,1.61000001430511,1.61000001430511,0.0,0.0,0.0,1.58000004291534,0.0199999995529652,0,0,117,1323,1370,1.0,433.0,463.0,62.5,24.3899993896484,23.5,117,0.08119361554476058,0.0,0.91875,0.2695852534562212,20.93220338983051,0.5544314042897612
1727,1.12000000476837,1.12000000476837,0.0,0.0,0.0,1.12000000476837,0.0099999997764825,0,0,102,1338,1341,1.0,433.0,463.0,62.5,24.3899993896484,23.5,102,0.07078417765440666,0.0,0.9291666666666667,0.2350230414746544,16.766990291262136,0.7760416666666666
2104,1.37000000476837,1.37000000476837,0.0,0.0,0.0,1.37000000476837,0.0,0,0,182,1258,1474,1.0,433.0,463.0,62.5,24.3899993896484,23.5,182,0.12630117973629423,0.0,0.8736111111111111,0.41935483870967744,11.497267759562842,0.7002375296912114
3427,2.23000001907349,2.23000001907349,0.0,0.0,0.0,2.22000002861023,0.0,0,0,152,1288,1427,1.0,433.0,463.0,62.5,24.3899993896484,23.5,152,0.1054823039555864,0.0,0.8944444444444445,0.35023041474654376,22.398692810457515,0.4162777129521587
1732,1.12999999523163,1.12999999523163,0.0,0.0,0.0,1.12999999523163,0.0,0,0,91,1349,1328,1.0,433.0,463.0,62.5,24.3899993896484,23.5,91,0.06315058986814712,0.0,0.9368055555555556,0.20967741935483872,18.82608695652174,0.7663012117714946
2969,1.92999994754791,1.92999994754791,0.0,0.0,0.0,1.91999995708466,0.0099999997764825,0,0,139,1301,1393,1.0,433.0,463.0,62.5,24.3899993896484,23.5,139,0.09646079111727966,0.0,0.9034722222222222,0.32027649769585254,21.207142857142856,0.469023569023569
3134,2.03999996185303,2.03999996185303,0.0,0.0,0.0,2.03999996185303,0.0,0,0,112,1328,1359,1.0,433.0,463.0,62.5,24.3899993896484,23.5,112,0.0777238029146426,0.0,0.9222222222222223,0.25806451612903225,27.734513274336283,0.43349282296650715
2971,1.92999994754791,1.92999994754791,0.0,0.0,0.0,1.91999995708466,0.0099999997764825,0,0,107,890,1002,1.0,433.0,463.0,62.5,24.3899993896484,23.5,107,0.10721442885771543,0.0,0.6180555555555556,0.2465437788018433,27.50925925925926,0.33714670255720053
10694,7.76999998092651,7.76999998092651,0.0,0.140000000596046,2.29999995231628,5.32999992370605,0.0,2,51,256,1131,3199,1.0,433.0,463.0,62.5,24.3899993896484,23.5,309,0.21443442054129078,0.0064516129032258064,0.7854166666666667,0.7119815668202765,34.49677419354839,0.299111734455353
8001,5.82000017166138,5.82000017166138,0.0,2.27999997138977,0.899999976158142,2.64000010490417,0.0,30,16,135,1259,2902,1.0,433.0,463.0,62.5,24.3899993896484,23.5,181,0.12560721721027066,0.16483516483516483,0.8743055555555556,0.41705069124423966,43.96153846153846,0.36265933516620846
11037,8.02000045776367,8.02000045776367,0.0,0.360000014305115,2.55999994277954,5.09999990463257,0.0,5,58,252,1125,3226,1.0,433.0,463.0,62.5,24.3899993896484,23.5,315,0.21859819569743233,0.015822784810126583,0.78125,0.7258064516129032,34.927215189873415,0.2922630911396992
5263,3.82999992370605,3.82999992370605,0.0,0.219999998807907,0.150000005960464,3.45000004768372,0.0,3,4,170,1263,2750,1.0,433.0,463.0,62.5,24.3899993896484,23.5,177,0.12283136710617627,0.016853932584269662,0.8770833333333333,0.4078341013824885,29.56741573033708,0.5224164133738601
15300,11.1199998855591,11.1199998855591,0.0,4.09999990463257,1.87999999523163,5.09000015258789,0.0,51,42,212,1135,3493,1.0,433.0,463.0,62.5,24.3899993896484,23.5,305,0.21165857043719638,0.16666666666666666,0.7881944444444444,0.7027649769585254,50.0,0.22828573295863017
8757,6.36999988555908,6.36999988555908,0.0,2.25,0.569999992847443,3.54999995231628,0.0,29,13,186,1212,3011,1.0,433.0,463.0,62.5,24.3899993896484,23.5,228,0.1582234559333796,0.12663755458515283,0.8416666666666667,0.5253456221198156,38.24017467248908,0.343799954327472
7132,5.19000005722046,5.19000005722046,0.0,1.07000005245209,1.66999995708466,2.45000004768372,0.0,15,33,121,1271,2806,1.0,433.0,463.0,62.5,24.3899993896484,23.5,169,0.11727966689798751,0.08823529411764706,0.8826388888888889,0.38940092165898615,41.95294117647059,0.3933828683583345
11256,8.18000030517578,8.18000030517578,0.0,0.360000014305115,2.52999997138977,5.30000019073486,0.0,5,58,278,1099,3300,1.0,433.0,463.0,62.5,24.3899993896484,23.5,341,0.2366412213740458,0.014619883040935672,0.7631944444444444,0.7857142857142857,32.91228070175438,0.293150928311273
2436,1.76999998092651,1.76999998092651,0.0,0.0,0.0,1.75999999046326,0.0099999997764825,0,0,125,1315,2430,1.0,433.0,463.0,62.5,24.3899993896484,23.5,125,0.08674531575294935,0.0,0.9131944444444444,0.2880184331797235,19.333333333333332,0.9971276159212146
1223,0.889999985694885,0.889999985694885,0.0,0.0,0.0,0.879999995231628,0.0099999997764825,0,0,38,1402,2140,1.0,433.0,463.0,62.5,24.3899993896484,23.5,38,0.0263705759888966,0.0,0.9736111111111111,0.08755760368663594,31.358974358974358,1.7483660130718954
3673,2.67000007629395,2.67000007629395,0.0,0.0,0.0,2.66000008583069,0.0099999997764825,0,0,86,1354,2344,1.0,433.0,463.0,62.5,24.3899993896484,23.5,86,0.05968077723802915,0.0,0.9402777777777778,0.19815668202764977,42.2183908045977,0.637996733805117
6637,4.82999992370605,4.82999992370605,0.0,0.0,0.579999983310699,4.25,0.0,0,15,160,1265,2677,1.0,433.0,463.0,62.5,24.3899993896484,23.5,175,0.12144344205412907,0.0,0.8784722222222222,0.4032258064516129,37.71022727272727,0.40328412172341066
3321,2.41000008583069,2.41000008583069,0.0,0.0,0.0,2.41000008583069,0.0,0,0,89,1351,2413,1.0,433.0,463.0,62.5,24.3899993896484,23.5,89,0.06176266481609993,0.0,0.9381944444444444,0.20506912442396313,36.9,0.726369656833233
3580,2.59999990463257,2.59999990463257,0.0,0.589999973773956,0.0599999986588955,1.95000004768372,0.0,8,1,94,1337,2497,1.0,433.0,463.0,62.5,24.3899993896484,23.5,103,0.07147814018043026,0.07692307692307693,0.9284722222222223,0.23732718894009217,34.42307692307692,0.6972912594247417
9919,7.21000003814697,7.21000003814697,0.0,0.800000011920929,1.72000002861023,4.69000005722046,0.0,11,41,223,1165,3123,1.0,433.0,463.0,62.5,24.3899993896484,23.5,275,0.19083969465648856,0.03985507246376811,0.8090277777777778,0.6336405529953917,35.93840579710145,0.3148185483870968
3032,2.20000004768372,2.20000004768372,0.0,0.0,0.0,2.20000004768372,0.0,0,0,118,1322,2489,1.0,433.0,463.0,62.5,24.3899993896484,23.5,118,0.08188757807078417,0.0,0.9180555555555555,0.271889400921659,25.478991596638654,0.8206396307286515
9405,6.84000015258789,6.84000015258789,0.0,0.200000002980232,2.3199999332428,4.30999994277954,0.0,3,53,227,1157,3108,1.0,433.0,463.0,62.5,24.3899993896484,23.5,283,0.1963913948646773,0.01056338028169014,0.8034722222222223,0.652073732718894,33.11619718309859,0.3304273867743993
3176,2.30999994277954,2.30999994277954,0.0,0.0,0.0,2.30999994277954,0.0,0,0,120,1193,2498,1.0,119.0,127.0,62.5,24.3899993896484,23.5,120,0.091324200913242,0.0,0.8284722222222223,1.0,26.24793388429752,0.7862763613471829
18213,13.2399997711182,13.2399997711182,0.0,0.629999995231628,3.14000010490417,9.46000003814697,0.0,9,71,402,816,3846,1.0,124.0,142.0,62.5,24.3899993896484,23.5,482,0.3710546574287914,0.018633540372670808,0.5666666666666667,3.856,37.70807453416149,0.21115625343142638
6132,4.46000003814697,4.46000003814697,0.0,0.239999994635582,0.990000009536743,3.23000001907349,0.0,3,24,146,908,2696,1.0,433.0,463.0,62.5,24.3899993896484,23.5,173,0.1598890942698706,0.017241379310344827,0.6305555555555555,0.3986175115207373,35.241379310344826,0.4395891081037013
3758,2.73000001907349,2.73000001907349,0.0,0.0700000002980232,0.310000002384186,2.34999990463257,0.0,1,7,148,682,2580,1.0,796.0,961.0,62.5,24.3899993896484,23.5,156,0.18593563766388557,0.006369426751592357,0.4736111111111111,0.19573400250941028,23.936305732484076,0.6863527533918595
12850,9.34000015258789,9.34000015258789,0.0,0.720000028610229,4.09000015258789,4.53999996185303,0.0,10,94,221,1115,3324,1.0,433.0,463.0,62.5,24.3899993896484,23.5,325,0.22553782095766828,0.03067484662576687,0.7743055555555556,0.7488479262672811,39.41717791411043,0.25865691385884365
2309,1.67999994754791,1.67999994754791,0.0,0.0,0.0,1.6599999666214,0.0199999995529652,0,0,52,1388,2222,1.0,433.0,463.0,62.5,24.3899993896484,23.5,52,0.03608605135322693,0.0,0.9638888888888889,0.11981566820276497,43.56603773584906,0.9619047619047619
4363,3.19000005722046,3.19000005722046,0.0,0.519999980926514,0.540000021457672,2.13000011444092,0.0099999997764825,6,12,81,1341,2463,1.0,433.0,463.0,62.5,24.3899993896484,23.5,99,0.06870229007633588,0.06,0.93125,0.22811059907834103,43.63,0.5643904674610449
9787,7.11999988555908,7.11999988555908,0.0,0.819999992847443,0.270000010728836,6.01000022888184,0.0199999995529652,11,6,369,1054,3328,1.0,433.0,463.0,62.5,24.3899993896484,23.5,386,0.2678695350451076,0.028423772609819122,0.7319444444444444,0.8894009216589862,25.289405684754524,0.340008173273396
13372,9.72000026702881,9.72000026702881,0.0,3.25999999046326,0.790000021457672,5.67000007629395,0.0099999997764825,41,17,243,1139,3404,1.0,433.0,463.0,62.5,24.3899993896484,23.5,301,0.208882720333102,0.1357615894039735,0.7909722222222222,0.6935483870967742,44.27814569536424,0.25454273536229716
6724,4.8899998664856,4.8899998664856,0.0,0.0,0.0,4.88000011444092,0.0,0,0,295,991,2987,1.0,137.0,154.0,62.5,24.3899993896484,23.5,295,0.22921522921522922,0.0,0.6881944444444444,2.13768115942029,22.716216216216218,0.4441635687732342
6643,4.82999992370605,4.82999992370605,0.0,2.39000010490417,0.349999994039536,2.08999991416931,0.0099999997764825,32,6,303,1099,3008,1.0,433.0,463.0,62.5,24.3899993896484,23.5,341,0.2366412213740458,0.0935672514619883,0.7631944444444444,0.7857142857142857,19.423976608187136,0.45273931366646597
9167,6.65999984741211,6.65999984741211,0.0,0.879999995231628,0.810000002384186,4.96999979019165,0.0099999997764825,12,19,155,1254,2799,1.0,433.0,463.0,62.5,24.3899993896484,23.5,186,0.12907702984038863,0.06417112299465241,0.8708333333333333,0.42857142857142855,49.02139037433155,0.30530104712041883
1329,0.970000028610229,0.970000028610229,0.0,0.0,0.0,0.949999988079071,0.0099999997764825,0,0,49,713,1276,1.0,433.0,463.0,62.5,24.3899993896484,23.5,49,0.06422018348623854,0.0,0.4951388888888889,0.11290322580645161,26.58,0.9593984962406015
6697,4.42999982833862,4.42999982833862,0.0,0.0,0.0,4.42999982833862,0.0,0,0,339,1101,2030,1.0,433.0,463.0,62.5,24.3899993896484,23.5,339,0.23525329632199862,0.0,0.7645833333333333,0.7811059907834101,19.69705882352941,0.3030755449387877
4929,3.25999999046326,3.25999999046326,0.0,0.0,0.0,3.25999999046326,0.0,0,0,248,1192,1860,1.0,433.0,463.0,62.5,24.3899993896484,23.5,248,0.17210270645385148,0.0,0.8277777777777777,0.5714285714285714,19.795180722891565,0.3772819472616633
7937,5.25,5.25,0.0,0.0,0.0,5.23000001907349,0.0,0,0,373,843,2130,1.0,433.0,463.0,62.5,24.3899993896484,23.5,373,0.3064913722267872,0.0,0.5854166666666667,0.8594470046082949,21.22192513368984,0.26832955404383974
3844,2.53999996185303,2.53999996185303,0.0,0.0,0.0,2.53999996185303,0.0,0,0,176,527,1725,1.0,644.0,961.0,62.5,24.3899993896484,23.5,176,0.25,0.0,0.3659722222222222,0.27286821705426356,21.717514124293785,0.4486345903771131
3414,2.25999999046326,2.25999999046326,0.0,0.0,0.0,2.25999999046326,0.0,0,0,147,1293,1657,1.0,433.0,463.0,62.5,24.3899993896484,23.5,147,0.10201249132546843,0.0,0.8979166666666667,0.3387096774193548,23.06756756756757,0.48521229868228405
4525,2.99000000953674,2.99000000953674,0.0,0.140000000596046,0.259999990463257,2.58999991416931,0.0,2,8,199,1231,1793,1.0,433.0,463.0,62.5,24.3899993896484,23.5,209,0.1450381679389313,0.009523809523809525,0.8548611111111111,0.4815668202764977,21.547619047619047,0.396155545735749
4597,3.03999996185303,3.03999996185303,0.0,0.0,0.479999989271164,2.55999994277954,0.0,0,12,217,1211,1814,1.0,433.0,463.0,62.5,24.3899993896484,23.5,229,0.1589174184594032,0.0,0.8409722222222222,0.5276497695852534,19.98695652173913,0.39451935624184425
197,0.129999995231628,0.129999995231628,0.0,0.0,0.0,0.129999995231628,0.0,0,0,10,1430,1366,1.0,433.0,463.0,62.5,24.3899993896484,23.5,10,0.006939625260235947,0.0,0.9930555555555556,0.02304147465437788,17.90909090909091,6.898989898989899
8,0.0099999997764825,0.0099999997764825,0.0,0.0,0.0,0.0099999997764825,0.0,0,0,1,1439,1349,1.0,433.0,463.0,62.5,24.3899993896484,23.5,1,0.0006939625260235947,0.0,0.9993055555555556,0.002304147465437788,4.0,149.88888888888889
8054,5.32000017166138,5.32000017166138,0.0,0.119999997317791,0.519999980926514,4.67999982833862,0.0,2,13,308,1117,2062,1.0,433.0,463.0,62.5,24.3899993896484,23.5,323,0.2241498959056211,0.006172839506172839,0.7756944444444445,0.7442396313364056,24.858024691358025,0.2559900682805711
5372,3.54999995231628,3.54999995231628,0.0,0.0,0.0,3.54999995231628,0.0,0,0,220,1220,1827,1.0,433.0,463.0,62.5,24.3899993896484,23.5,220,0.15267175572519084,0.0,0.8472222222222222,0.5069124423963134,24.307692307692307,0.34003350083752093
3570,2.35999989509583,2.35999989509583,0.0,0.0,0.0,2.35999989509583,0.0,0,0,139,1301,1645,1.0,433.0,463.0,62.5,24.3899993896484,23.5,139,0.09646079111727966,0.0,0.9034722222222222,0.32027649769585254,25.5,0.460655278633436
0,0.0,0.0,0.0,0.0,0.0,0.0,0.0,0,0,0,1440,1347,1.0,433.0,463.0,62.5,24.3899993896484,23.5,0,0.0,0.0,1.0,0.0,0.0,1347.0
0,0.0,0.0,0.0,0.0,0.0,0.0,0.0,0,0,0,1440,1347,1.0,433.0,463.0,62.5,24.3899993896484,23.5,0,0.0,0.0,1.0,0.0,0.0,1347.0
0,0.0,0.0,0.0,0.0,0.0,0.0,0.0,0,0,0,1440,1347,1.0,433.0,463.0,62.5,24.3899993896484,23.5,0,0.0,0.0,1.0,0.0,0.0,1347.0
4,0.0,0.0,0.0,0.0,0.0,0.0,0.0,0,0,1,1439,1348,1.0,433.0,463.0,62.5,24.3899993896484,23.5,1,0.0006939625260235947,0.0,0.9993055555555556,0.002304147465437788,2.0,269.6
6907,4.57000017166138,4.57000017166138,0.0,0.0,0.0,4.55999994277954,0.0,0,0,302,1138,1992,1.0,433.0,463.0,62.5,24.3899993896484,23.5,302,0.20957668285912562,0.0,0.7902777777777777,0.695852534562212,22.795379537953796,0.28836132020845395
4920,3.25,3.25,0.0,0.0,0.0,3.25,0.0,0,0,247,1082,1856,1.0,433.0,463.0,62.5,24.3899993896484,23.5,247,0.18571428571428572,0.0,0.7513888888888889,0.5691244239631337,19.838709677419356,0.37715911400121926
4014,2.67000007629395,2.67000007629395,0.0,0.0,0.0,2.65000009536743,0.0,0,0,184,218,1763,1.0,722.0,961.0,62.5,24.3899993896484,23.5,184,0.456575682382134,0.0,0.15138888888888888,0.2544951590594744,21.697297297297297,0.43910336239103365
2573,1.70000004768372,1.70000004768372,0.0,0.0,0.259999990463257,1.45000004768372,0.0,0,7,75,585,1541,1.0,590.0,961.0,62.5,24.3899993896484,23.5,82,0.12275449101796407,0.0,0.40625,0.13874788494077833,31.0,0.5986790986790986
0,0.0,0.0,0.0,0.0,0.0,0.0,0.0,0,0,0,1440,1348,1.0,433.0,463.0,62.5,24.3899993896484,23.5,0,0.0,0.0,1.0,0.0,0.0,1348.0
4059,2.6800000667572,2.6800000667572,0.0,0.0,0.0,2.6800000667572,0.0,0,0,184,1256,1742,1.0,433.0,463.0,62.5,24.3899993896484,23.5,184,0.12768910478834142,0.0,0.8722222222222222,0.423963133640553,21.94054054054054,0.429064039408867
2080,1.37000000476837,1.37000000476837,0.0,0.0,0.0,1.37000000476837,0.0,0,0,87,1353,1549,1.0,433.0,463.0,62.5,24.3899993896484,23.5,87,0.06037473976405274,0.0,0.9395833333333333,0.20046082949308755,23.636363636363637,0.7443536761172513
2237,1.48000001907349,1.48000001907349,0.0,0.0,0.0,1.48000001907349,0.0,0,0,120,1320,1589,1.0,433.0,463.0,62.5,24.3899993896484,23.5,120,0.08327550312283137,0.0,0.9166666666666666,0.2764976958525346,18.487603305785125,0.7100089365504915
44,0.0299999993294477,0.0299999993294477,0.0,0.0,0.0,0.0299999993294477,0.0,0,0,2,1438,1351,1.0,433.0,463.0,62.5,24.3899993896484,23.5,2,0.0013879250520471894,0.0,0.9986111111111111,0.004608294930875576,14.666666666666666,30.022222222222222
0,0.0,0.0,0.0,0.0,0.0,0.0,0.0,0,0,0,1440,1347,1.0,433.0,463.0,62.5,24.3899993896484,23.5,0,0.0,0.0,1.0,0.0,0.0,1347.0
0,0.0,0.0,0.0,0.0,0.0,0.0,0.0,0,0,0,1440,1347,1.0,433.0,463.0,62.5,24.3899993896484,23.5,0,0.0,0.0,1.0,0.0,0.0,1347.0
0,0.0,0.0,0.0,0.0,0.0,0.0,0.0,0,0,0,1440,1347,1.0,433.0,463.0,62.5,24.3899993896484,23.5,0,0.0,0.0,1.0,0.0,0.0,1347.0
0,0.0,0.0,0.0,0.0,0.0,0.0,0.0,0,0,0,1440,1347,1.0,433.0,463.0,62.5,24.3899993896484,23.5,0,0.0,0.0,1.0,0.0,0.0,1347.0
0,0.0,0.0,0.0,0.0,0.0,0.0,0.0,0,0,0,1440,1347,1.0,433.0,463.0,62.5,24.3899993896484,23.5,0,0.0,0.0,1.0,0.0,0.0,1347.0
0,0.0,0.0,0.0,0.0,0.0,0.0,0.0,0,0,0,711,665,1.0,433.0,463.0,62.5,24.3899993896484,23.5,0,0.0,0.0,0.49375,0.0,0.0,665.0
678,0.469999998807907,0.469999998807907,0.0,0.0,0.0,0.469999998807907,0.0,0,0,55,734,2220,3.0,750.0,775.0,62.5,24.3899993896484,23.5,55,0.06962025316455696,0.0,0.5097222222222222,0.07323568575233022,12.107142857142858,3.2695139911634756
356,0.25,0.25,0.0,0.0,0.0,0.25,0.0,0,0,32,986,2151,1.0,398.0,422.0,133.5,47.5400009155273,23.5,32,0.03140333660451423,0.0,0.6847222222222222,0.08020050125313283,10.787878787878787,6.025210084033613
2163,1.5,1.5,0.0,0.0,0.400000005960464,1.10000002384186,0.0,0,9,88,1292,2383,1.0,433.0,463.0,62.5,24.3899993896484,23.5,97,0.06978417266187051,0.0,0.8972222222222223,0.22350230414746544,22.071428571428573,1.1012014787430684
980,0.680000007152557,0.680000007152557,0.0,0.0,0.0,0.680000007152557,0.0,0,0,51,941,2221,2.0,475.0,499.0,62.5,24.3899993896484,23.5,51,0.0513595166163142,0.0,0.6534722222222222,0.10714285714285714,18.846153846153847,2.2640163098878694
0,0.0,0.0,0.0,0.0,0.0,0.0,0.0,0,0,0,1440,2064,1.0,433.0,463.0,62.5,24.3899993896484,23.5,0,0.0,0.0,1.0,0.0,0.0,2064.0
0,0.0,0.0,0.0,0.0,0.0,0.0,0.0,0,0,0,1440,2063,1.0,433.0,463.0,62.5,24.3899993896484,23.5,0,0.0,0.0,1.0,0.0,0.0,2063.0
244,0.170000001788139,0.170000001788139,0.0,0.0,0.0,0.170000001788139,0.0,0,0,17,1423,2111,1.0,433.0,463.0,62.5,24.3899993896484,23.5,17,0.01179736294240111,0.0,0.9881944444444445,0.03917050691244239,13.555555555555555,8.616326530612245
0,0.0,0.0,0.0,0.0,0.0,0.0,0.0,0,0,0,1440,2063,1.0,433.0,463.0,62.5,24.3899993896484,23.5,0,0.0,0.0,1.0,0.0,0.0,2063.0
0,0.0,0.0,0.0,0.0,0.0,0.0,0.0,0,0,0,1440,2063,1.0,433.0,463.0,62.5,24.3899993896484,23.5,0,0.0,0.0,1.0,0.0,0.0,2063.0
0,0.0,0.0,0.0,0.0,0.0,0.0,0.0,0,0,0,1440,2064,1.0,433.0,463.0,62.5,24.3899993896484,23.5,0,0.0,0.0,1.0,0.0,0.0,2064.0
149,0.100000001490116,0.100000001490116,0.0,0.0,0.0,0.100000001490116,0.0,0,0,10,1430,2093,1.0,433.0,463.0,62.5,24.3899993896484,23.5,10,0.006939625260235947,0.0,0.9930555555555556,0.02304147465437788,13.545454545454545,13.953333333333333
2945,2.03999996185303,2.03999996185303,0.0,0.0,0.0,2.03999996185303,0.0,0,0,145,1295,2499,1.0,433.0,463.0,62.5,24.3899993896484,23.5,145,0.10062456627342123,0.0,0.8993055555555556,0.33410138248847926,20.171232876712327,0.8482688391038696
2090,1.45000004768372,1.45000004768372,0.0,0.0700000002980232,0.239999994635582,1.13999998569489,0.0,1,6,75,1358,2324,1.0,433.0,463.0,62.5,24.3899993896484,23.5,82,0.05690492713393477,0.012048192771084338,0.9430555555555555,0.1889400921658986,25.180722891566266,1.11142993782879
152,0.109999999403954,0.109999999403954,0.0,0.0,0.0,0.109999999403954,0.0,0,0,12,1303,2100,1.0,433.0,463.0,62.5,24.3899993896484,23.5,12,0.00911854103343465,0.0,0.9048611111111111,0.027649769585253458,11.692307692307692,13.72549019607843
3761,2.59999990463257,2.59999990463257,0.0,0.0,0.0,2.59999990463257,0.0,0,0,192,1058,2638,1.0,296.0,315.0,62.5,24.3899993896484,23.5,192,0.15347721822541965,0.0,0.7347222222222223,0.6464646464646465,19.487046632124354,0.7012227538543327
0,0.0,0.0,0.0,0.0,0.0,0.0,0.0,0,0,0,1440,2063,1.0,433.0,463.0,62.5,24.3899993896484,23.5,0,0.0,0.0,1.0,0.0,0.0,2063.0
1675,1.1599999666214,1.1599999666214,0.0,0.0,0.0,1.1599999666214,0.0,0,0,95,1167,2351,1.0,166.0,178.0,62.5,24.3899993896484,23.5,95,0.07521773555027712,0.0,0.8104166666666667,0.5688622754491018,17.447916666666668,1.402744630071599
0,0.0,0.0,0.0,0.0,0.0,0.0,0.0,0,0,0,1440,2063,1.0,433.0,463.0,62.5,24.3899993896484,23.5,0,0.0,0.0,1.0,0.0,0.0,2063.0
0,0.0,0.0,0.0,0.0,0.0,0.0,0.0,0,0,0,1440,2064,1.0,433.0,463.0,62.5,24.3899993896484,23.5,0,0.0,0.0,1.0,0.0,0.0,2064.0
2704,1.87000000476837,1.87000000476837,0.0,1.00999999046326,0.0299999993294477,0.829999983310699,0.0,14,1,70,1355,2411,1.0,433.0,463.0,62.5,24.3899993896484,23.5,85,0.05898681471200555,0.16279069767441862,0.9409722222222222,0.195852534562212,31.441860465116278,0.8913123844731978
3790,2.61999988555908,2.61999988555908,0.0,1.1599999666214,0.300000011920929,1.1599999666214,0.0,16,8,94,1322,2505,1.0,433.0,463.0,62.5,24.3899993896484,23.5,118,0.08188757807078417,0.13445378151260504,0.9180555555555555,0.271889400921659,31.84873949579832,0.6607755209707201
1326,0.920000016689301,0.920000016689301,0.0,0.730000019073486,0.0,0.180000007152557,0.0,10,0,17,1413,2195,1.0,433.0,463.0,62.5,24.3899993896484,23.5,27,0.018736988202637056,0.35714285714285715,0.98125,0.06221198156682028,47.357142857142854,1.6541070082893745
1786,1.24000000953674,1.24000000953674,0.0,0.0,0.0,1.24000000953674,0.0,0,0,87,1353,2338,1.0,433.0,463.0,62.5,24.3899993896484,23.5,87,0.06037473976405274,0.0,0.9395833333333333,0.20046082949308755,20.295454545454547,1.3083379966424176
0,0.0,0.0,0.0,0.0,0.0,0.0,0.0,0,0,0,1440,2063,1.0,433.0,463.0,62.5,24.3899993896484,23.5,0,0.0,0.0,1.0,0.0,0.0,2063.0
2091,1.45000004768372,1.45000004768372,0.0,0.0,0.0,1.45000004768372,0.0,0,0,108,1332,2383,1.0,433.0,463.0,62.5,24.3899993896484,23.5,108,0.07494795281054822,0.0,0.925,0.2488479262672811,19.18348623853211,1.1391013384321225
1510,1.03999996185303,1.03999996185303,0.0,0.0,0.0,1.03999996185303,0.0,0,0,48,1392,2229,1.0,433.0,463.0,62.5,24.3899993896484,23.5,48,0.033310201249132546,0.0,0.9666666666666667,0.11059907834101383,30.816326530612244,1.4751819986763732
0,0.0,0.0,0.0,0.0,0.0,0.0,0.0,0,0,0,1440,2063,1.0,433.0,463.0,62.5,24.3899993896484,23.5,0,0.0,0.0,1.0,0.0,0.0,2063.0
0,0.0,0.0,0.0,0.0,0.0,0.0,0.0,0,0,0,1440,2063,1.0,433.0,463.0,62.5,24.3899993896484,23.5,0,0.0,0.0,1.0,0.0,0.0,2063.0
0,0.0,0.0,0.0,0.0,0.0,0.0,0.0,0,0,0,1440,2063,1.0,433.0,463.0,62.5,24.3899993896484,23.5,0,0.0,0.0,1.0,0.0,0.0,2063.0
0,0.0,0.0,0.0,0.0,0.0,0.0,0.0,0,0,0,1440,2063,1.0,433.0,463.0,62.5,24.3899993896484,23.5,0,0.0,0.0,1.0,0.0,0.0,2063.0
0,0.0,0.0,0.0,0.0,0.0,0.0,0.0,0,0,0,966,1383,1.0,433.0,463.0,62.5,24.3899993896484,23.5,0,0.0,0.0,0.6708333333333333,0.0,0.0,1383.0
11875,8.34000015258789,8.34000015258789,0.0,3.30999994277954,0.769999980926514,4.26000022888184,0.0,42,14,227,1157,2390,1.0,433.0,463.0,62.5,24.3899993896484,23.5,283,0.1963913948646773,0.14788732394366197,0.8034722222222223,0.652073732718894,41.813380281690144,0.20124621084540248
12024,8.5,8.5,0.0,2.99000000953674,0.100000001490116,5.40999984741211,0.0,43,5,292,1100,2601,1.0,433.0,463.0,62.5,24.3899993896484,23.5,340,0.2359472588480222,0.12609970674486803,0.7638888888888888,0.783410138248848,35.26099706744868,0.2162993762993763
10690,7.5,7.5,0.0,2.48000001907349,0.209999993443489,4.82000017166138,0.0,32,3,257,1148,2312,1.0,433.0,463.0,62.5,24.3899993896484,23.5,292,0.20263705759888967,0.10921501706484642,0.7972222222222223,0.6728110599078341,36.484641638225256,0.21625666448414554
11034,8.02999973297119,8.02999973297119,0.0,1.94000005722046,0.310000002384186,5.78000020980835,0.0,27,9,282,1122,2525,1.0,433.0,463.0,62.5,24.3899993896484,23.5,318,0.22068008327550312,0.08463949843260188,0.7791666666666667,0.7327188940092166,34.58934169278997,0.22881739918441324
10100,7.09000015258789,7.09000015258789,0.0,3.15000009536743,0.550000011920929,3.39000010490417,0.0,41,11,151,1237,2177,1.0,433.0,463.0,62.5,24.3899993896484,23.5,203,0.14087439278278974,0.20098039215686275,0.8590277777777777,0.46774193548387094,49.509803921568626,0.21552321552321552
15112,11.3999996185303,11.3999996185303,0.0,3.86999988555908,0.660000026226044,6.88000011444092,0.0,28,29,331,1052,2782,1.0,433.0,463.0,62.5,24.3899993896484,23.5,388,0.26925746009715473,0.07197943444730077,0.7305555555555555,0.8940092165898618,38.84832904884319,0.18407993118507246
14131,10.0699996948242,10.0699996948242,0.0,3.64000010490417,0.119999997317791,6.30000019073486,0.0,48,3,311,1078,2770,1.0,433.0,463.0,62.5,24.3899993896484,23.5,362,0.2512144344205413,0.1322314049586777,0.7486111111111111,0.8341013824884793,38.92837465564738,0.19600905745825078
11548,8.52999973297119,8.52999973297119,0.0,3.28999996185303,0.239999994635582,5.0,0.0,31,7,250,1152,2489,1.0,433.0,463.0,62.5,24.3899993896484,23.5,288,0.19986120749479527,0.10726643598615918,0.8,0.663594470046083,39.95847750865052,0.21551649493462638
15112,10.6700000762939,10.6700000762939,0.0,3.33999991416931,1.92999994754791,5.40000009536743,0.0,48,63,276,1053,2897,1.0,433.0,463.0,62.5,24.3899993896484,23.5,387,0.2685634975711312,0.12371134020618557,0.73125,0.8917050691244239,38.94845360824742,0.1916892741348508
12453,8.73999977111816,8.73999977111816,0.0,3.32999992370605,1.11000001430511,4.30999994277954,0.0,104,53,255,1028,3158,1.0,433.0,463.0,62.5,24.3899993896484,23.5,412,0.28591256072172105,0.25181598062953997,0.7138888888888889,0.9493087557603687,30.152542372881356,0.2535731491890156
12954,9.32999992370605,9.32999992370605,0.0,4.42999982833862,0.419999986886978,4.46999979019165,0.0,52,10,273,1105,2638,1.0,433.0,463.0,62.5,24.3899993896484,23.5,335,0.23247744621790423,0.15476190476190477,0.7673611111111112,0.771889400921659,38.55357142857143,0.20362794287919722
6001,4.21000003814697,4.21000003814697,0.0,0.0,0.0,4.21000003814697,0.0,0,0,249,1191,2069,1.0,433.0,463.0,62.5,24.3899993896484,23.5,249,0.17279666897987508,0.0,0.8270833333333333,0.5737327188940092,24.004,0.34471842719093637
13481,10.2799997329712,10.2799997329712,0.0,4.55000019073486,1.14999997615814,4.57999992370605,0.0,37,26,216,1161,2529,1.0,433.0,463.0,62.5,24.3899993896484,23.5,279,0.19361554476058293,0.13214285714285715,0.80625,0.6428571428571429,48.14642857142857,0.1875834445927904
11369,8.01000022888184,8.01000022888184,0.0,3.32999992370605,0.219999998807907,4.46000003814697,0.0,44,8,217,1171,2470,1.0,433.0,463.0,62.5,24.3899993896484,23.5,269,0.18667591950034698,0.16296296296296298,0.8131944444444444,0.619815668202765,42.10740740740741,0.21723834652594548
10119,7.19000005722046,7.19000005722046,0.0,1.42999994754791,0.660000026226044,5.1100001335144,0.0,55,24,275,1086,2793,1.0,433.0,463.0,62.5,24.3899993896484,23.5,354,0.24566273421235255,0.15492957746478872,0.7541666666666667,0.815668202764977,28.504225352112677,0.27598814229249014
10159,7.13000011444092,7.13000011444092,0.0,1.03999996185303,0.970000028610229,5.11999988555908,0.0,19,20,282,1119,2463,1.0,433.0,463.0,62.5,24.3899993896484,23.5,321,0.2227619708535739,0.059006211180124224,0.7770833333333333,0.7396313364055299,31.549689440993788,0.2424212598425197
10140,7.11999988555908,7.11999988555908,0.0,0.409999996423721,1.33000004291534,5.3899998664856,0.0,6,20,291,1123,2296,1.0,433.0,463.0,62.5,24.3899993896484,23.5,317,0.21998612074947954,0.018867924528301886,0.7798611111111111,0.7304147465437788,31.88679245283019,0.22640765210531505
10245,7.19000005722046,7.19000005722046,0.0,0.479999989271164,1.21000003814697,5.5,0.0,21,40,281,1098,2611,1.0,433.0,463.0,62.5,24.3899993896484,23.5,342,0.23733518390006939,0.061224489795918366,0.7625,0.7880184331797235,29.868804664723033,0.25483115362092523
18387,12.9099998474121,12.9099998474121,0.0,0.939999997615814,1.39999997615814,10.5699996948242,0.0,13,23,361,1043,2732,1.0,433.0,463.0,62.5,24.3899993896484,23.5,397,0.27550312283136713,0.032663316582914576,0.7243055555555555,0.9147465437788018,46.198492462311556,0.148575157711551
10538,7.40000009536743,7.40000009536743,0.0,1.94000005722046,0.959999978542328,4.5,0.0,25,28,245,1142,2380,1.0,433.0,463.0,62.5,24.3899993896484,23.5,298,0.20680083275503122,0.08361204013377926,0.7930555555555555,0.6866359447004609,35.24414715719063,0.2258278774077237
10379,7.28999996185303,7.28999996185303,0.0,2.60999989509583,0.340000003576279,4.32999992370605,0.0,36,8,277,1119,2473,1.0,433.0,463.0,62.5,24.3899993896484,23.5,321,0.2227619708535739,0.11180124223602485,0.7770833333333333,0.7396313364055299,32.232919254658384,0.23824662813102118
12183,8.73999977111816,8.73999977111816,0.0,3.99000000953674,0.46000000834465,4.28000020980835,0.0,72,14,250,1104,2752,1.0,433.0,463.0,62.5,24.3899993896484,23.5,336,0.23317140874392783,0.21364985163204747,0.7666666666666667,0.7741935483870968,36.1513353115727,0.22586999343401182
11768,8.28999996185303,8.28999996185303,0.0,2.50999999046326,0.930000007152557,4.84999990463257,0.0,36,27,272,1105,2649,1.0,433.0,463.0,62.5,24.3899993896484,23.5,335,0.23247744621790423,0.10714285714285714,0.7673611111111112,0.771889400921659,35.023809523809526,0.225082844761662
11895,8.35000038146973,8.35000038146973,0.0,2.78999996185303,0.860000014305115,4.69999980926514,0.0,55,20,253,1112,2609,1.0,433.0,463.0,62.5,24.3899993896484,23.5,328,0.22761970853573907,0.16717325227963525,0.7722222222222223,0.7557603686635944,36.15501519756839,0.21931741761936785
10227,7.17999982833862,7.17999982833862,0.0,1.87000000476837,0.670000016689301,4.6399998664856,0.0,24,17,295,1104,2498,1.0,433.0,463.0,62.5,24.3899993896484,23.5,336,0.23317140874392783,0.0712166172106825,0.7666666666666667,0.7741935483870968,30.347181008902076,0.24423152131403988
6708,4.71000003814697,4.71000003814697,0.0,1.61000001430511,0.0799999982118607,3.01999998092651,0.0,20,2,149,1269,1995,1.0,433.0,463.0,62.5,24.3899993896484,23.5,171,0.11866759195003469,0.11627906976744186,0.88125,0.39400921658986177,39.0,0.29736175286928007
3292,2.30999994277954,2.30999994277954,0.0,0.0,0.0,2.30999994277954,0.0,0,0,135,1305,1848,1.0,433.0,463.0,62.5,24.3899993896484,23.5,135,0.0936849410131853,0.0,0.90625,0.31105990783410137,24.205882352941178,0.5611904038870331
13379,9.39000034332275,9.39000034332275,0.0,2.11999988555908,1.62999999523163,5.6399998664856,0.0,35,47,297,1061,2709,1.0,433.0,463.0,62.5,24.3899993896484,23.5,379,0.2630117973629424,0.09210526315789473,0.7368055555555556,0.8732718894009217,35.20789473684211,0.2024663677130045
12798,8.97999954223633,8.97999954223633,0.0,2.22000002861023,1.21000003814697,5.55999994277954,0.0,57,28,271,1084,2797,1.0,433.0,463.0,62.5,24.3899993896484,23.5,356,0.24705065926439973,0.15966386554621848,0.7527777777777778,0.8202764976958525,35.84873949579832,0.21853269786702087
13272,9.31999969482422,9.31999969482422,0.0,4.17999982833862,1.14999997615814,3.99000000953674,0.0,58,25,224,1133,2544,1.0,433.0,463.0,62.5,24.3899993896484,23.5,307,0.2130464954892436,0.18831168831168832,0.7868055555555555,0.7073732718894009,43.09090909090909,0.1916672945076471
9117,6.40999984741211,6.40999984741211,0.0,1.27999997138977,0.670000016689301,4.44000005722046,0.0,16,16,236,728,1853,1.0,433.0,463.0,62.5,24.3899993896484,23.5,268,0.2688064192577733,0.05947955390334572,0.5055555555555555,0.6175115207373272,33.89219330855018,0.20322439131388462
4414,2.74000000953674,2.74000000953674,0.0,0.189999997615814,0.349999994039536,2.20000004768372,0.0,3,8,181,706,1459,1.0,503.0,546.0,62.5,24.3899993896484,23.5,192,0.2135706340378198,0.015544041450777202,0.49027777777777776,0.38095238095238093,22.870466321243523,0.3304643261608154
4993,3.09999990463257,3.09999990463257,0.0,0.0,0.0,3.09999990463257,0.0,0,0,238,663,1521,1.0,531.0,565.0,62.5,24.3899993896484,23.5,238,0.2638580931263858,0.0,0.46041666666666664,0.4473684210526316,20.89121338912134,0.3045654785742892
3335,2.0699999332428,2.0699999332428,0.0,0.0,0.0,2.04999995231628,0.0,0,0,197,653,1431,1.0,545.0,568.0,62.5,24.3899993896484,23.5,197,0.23149236192714454,0.0,0.4534722222222222,0.3608058608058608,16.843434343434343,0.4289568345323741
3821,2.36999988555908,2.36999988555908,0.0,0.0,0.0,2.36999988555908,0.0,0,0,188,687,1444,1.0,523.0,573.0,62.5,24.3899993896484,23.5,188,0.2146118721461187,0.0,0.47708333333333336,0.35877862595419846,20.21693121693122,0.37781266352694926
2547,1.58000004291534,1.58000004291534,0.0,0.0,0.0,1.58000004291534,0.0,0,0,150,728,1373,1.0,524.0,567.0,62.5,24.3899993896484,23.5,150,0.17064846416382254,0.0,0.5055555555555555,0.2857142857142857,16.867549668874172,0.5388540031397174
838,0.519999980926514,0.519999980926514,0.0,0.0,0.0,0.519999980926514,0.0,0,0,60,1053,1214,1.0,437.0,498.0,62.5,24.3899993896484,23.5,60,0.05385996409335727,0.0,0.73125,0.136986301369863,13.737704918032787,1.4469606674612634
3325,2.05999994277954,2.05999994277954,0.0,0.0,0.0,2.05999994277954,0.0,0,0,182,1062,1419,1.0,433.0,463.0,62.5,24.3899993896484,23.5,182,0.1461847389558233,0.0,0.7375,0.41935483870967744,18.169398907103826,0.4266386049308479
2424,1.5,1.5,0.0,0.0,0.0,1.5,0.0,0,0,141,785,1356,1.0,498.0,540.0,62.5,24.3899993896484,23.5,141,0.15210355987055016,0.0,0.5451388888888888,0.28256513026052105,17.070422535211268,0.5591752577319588
7222,4.48000001907349,4.48000001907349,0.0,0.0,0.0,4.48000001907349,0.0,0,0,327,623,1667,1.0,461.0,510.0,62.5,24.3899993896484,23.5,327,0.3438485804416404,0.0,0.4326388888888889,0.7077922077922078,22.01829268292683,0.2307905302505884
2467,1.52999997138977,1.52999997138977,0.0,0.0,0.0,1.52999997138977,0.0,0,0,153,749,1370,1.0,477.0,514.0,62.5,24.3899993896484,23.5,153,0.16943521594684385,0.0,0.5201388888888889,0.3200836820083682,16.01948051948052,0.5551053484602917
2915,1.80999994277954,1.80999994277954,0.0,0.0,0.0,1.80999994277954,0.0,0,0,162,712,1399,1.0,520.0,545.0,62.5,24.3899993896484,23.5,162,0.18514285714285714,0.0,0.49444444444444446,0.31094049904030713,17.883435582822084,0.47976680384087794
12357,7.71000003814697,7.71000003814697,0.0,0.0,0.0,7.71000003814697,0.0,0,0,432,458,1916,1.0,522.0,554.0,62.5,24.3899993896484,23.5,432,0.48484848484848486,0.0,0.31805555555555554,0.8260038240917782,28.53810623556582,0.1550412688137239
3490,2.16000008583069,2.16000008583069,0.0,0.0,0.0,2.16000008583069,0.0,0,0,164,704,1401,1.0,555.0,591.0,62.5,24.3899993896484,23.5,164,0.18872266973532797,0.0,0.4888888888888889,0.2949640287769784,21.151515151515152,0.4013176740189058
6017,3.73000001907349,3.73000001907349,0.0,0.0,0.0,3.73000001907349,0.0,0,0,260,821,1576,1.0,506.0,531.0,62.5,24.3899993896484,23.5,260,0.24029574861367836,0.0,0.5701388888888889,0.5128205128205128,23.053639846743295,0.261881023595879
5933,3.6800000667572,3.6800000667572,0.0,0.0,0.0,3.6800000667572,0.0,0,0,288,1018,1595,1.0,433.0,463.0,62.5,24.3899993896484,23.5,288,0.22035195103289976,0.0,0.7069444444444445,0.663594470046083,20.529411764705884,0.26879002359285475
6088,3.76999998092651,3.76999998092651,0.0,0.0,0.0,3.76999998092651,0.0,0,0,286,586,1593,1.0,508.0,545.0,62.5,24.3899993896484,23.5,286,0.32760595647193586,0.0,0.40694444444444444,0.5618860510805501,21.21254355400697,0.26161931351617673
6375,3.95000004768372,3.95000004768372,0.0,0.0,0.0,3.95000004768372,0.0,0,0,331,626,1649,1.0,513.0,545.0,62.5,24.3899993896484,23.5,331,0.3455114822546973,0.0,0.43472222222222223,0.6439688715953308,19.201807228915662,0.25862609786700125
7604,4.71000003814697,4.71000003814697,0.0,0.0,0.0,4.71000003814697,0.0,0,0,352,492,1692,1.0,490.0,510.0,62.5,24.3899993896484,23.5,352,0.4165680473372781,0.0,0.3416666666666667,0.7169042769857433,21.541076487252123,0.22248520710059172
4729,2.9300000667572,2.9300000667572,0.0,0.0,0.0,2.9300000667572,0.0,0,0,233,594,1506,1.0,573.0,607.0,62.5,24.3899993896484,23.5,233,0.28140096618357485,0.0,0.4125,0.4059233449477352,20.20940170940171,0.31839323467230446
3609,2.27999997138977,2.27999997138977,0.0,0.0,0.0,2.27999997138977,0.0,0,0,191,716,1447,1.0,527.0,546.0,62.5,24.3899993896484,23.5,191,0.21035242290748898,0.0,0.49722222222222223,0.36174242424242425,18.796875,0.4008310249307479
7018,4.34999990463257,4.34999990463257,0.0,0.0,0.0,4.34999990463257,0.0,0,0,355,716,1690,1.0,511.0,543.0,62.5,24.3899993896484,23.5,355,0.33115671641791045,0.0,0.49722222222222223,0.693359375,19.713483146067414,0.2407750391793703
5992,3.72000002861023,3.72000002861023,0.0,0.0,0.0,3.72000002861023,0.0,0,0,304,981,1604,1.0,433.0,463.0,62.5,24.3899993896484,23.5,304,0.2363919129082426,0.0,0.68125,0.7004608294930875,19.645901639344263,0.2676455865176039
6564,4.07000017166138,4.07000017166138,0.0,0.0,0.0,4.07000017166138,0.0,0,0,345,530,1658,1.0,538.0,560.0,62.5,24.3899993896484,23.5,345,0.3938356164383562,0.0,0.3680555555555556,0.640074211502783,18.971098265895954,0.25255140898705253
12167,7.53999996185303,7.53999996185303,0.0,0.0,0.0,7.53999996185303,0.0,0,0,475,479,1926,1.0,468.0,485.0,62.5,24.3899993896484,23.5,475,0.4973821989528796,0.0,0.3326388888888889,1.0127931769722816,25.560924369747898,0.15828402366863906
8198,5.07999992370605,5.07999992370605,0.0,0.0,0.0,5.07999992370605,0.0,0,0,383,511,1736,1.0,524.0,548.0,62.5,24.3899993896484,23.5,383,0.42793296089385474,0.0,0.3548611111111111,0.7295238095238096,21.348958333333332,0.21173313818758385
4193,2.59999990463257,2.59999990463257,0.0,0.0,0.0,2.59999990463257,0.0,0,0,229,665,1491,1.0,511.0,521.0,62.5,24.3899993896484,23.5,229,0.2558659217877095,0.0,0.4618055555555556,0.447265625,18.230434782608697,0.35550786838340487
5528,3.45000004768372,3.45000004768372,0.0,0.0,0.0,3.45000004768372,0.0,0,0,258,610,1555,1.0,541.0,568.0,62.5,24.3899993896484,23.5,258,0.29689298043728424,0.0,0.4236111111111111,0.47601476014760147,21.343629343629345,0.28124434798336045
10685,6.61999988555908,6.61999988555908,0.0,0.0,0.0,6.59999990463257,0.0,0,0,401,543,1869,1.0,531.0,556.0,62.5,24.3899993896484,23.5,401,0.42433862433862435,0.0,0.3770833333333333,0.7537593984962406,26.579601990049753,0.17490174059517125
254,0.159999996423721,0.159999996423721,0.0,0.0,0.0,0.159999996423721,0.0,0,0,17,1002,1141,1.0,357.0,380.0,62.5,24.3899993896484,23.5,17,0.016666666666666666,0.0,0.6958333333333333,0.04748603351955307,14.11111111111111,4.474509803921569
8580,5.32000017166138,5.32000017166138,0.0,0.0,0.0,5.32000017166138,0.0,0,0,330,569,1698,1.0,523.0,553.0,62.5,24.3899993896484,23.5,330,0.36666666666666664,0.0,0.3951388888888889,0.6297709923664122,25.921450151057403,0.1978790350774968
8891,5.51000022888184,5.51000022888184,0.0,0.0,0.0,5.51000022888184,0.0,0,0,343,330,1364,1.0,456.0,485.0,62.5,24.3899993896484,23.5,343,0.5089020771513353,0.0,0.22916666666666666,0.75054704595186,25.84593023255814,0.15339631129104814
10725,7.48999977111816,7.48999977111816,0.0,1.16999995708466,0.310000002384186,6.01000022888184,0.0,13,9,306,1112,2124,1.0,433.0,463.0,62.5,24.3899993896484,23.5,328,0.22761970853573907,0.03951367781155015,0.7722222222222223,0.7557603686635944,32.598784194528875,0.19802349431288457
7275,4.90000009536743,4.90000009536743,0.0,0.0,0.0,4.90000009536743,0.0,0,0,335,1105,2003,1.0,433.0,463.0,62.5,24.3899993896484,23.5,335,0.23247744621790423,0.0,0.7673611111111112,0.771889400921659,21.651785714285715,0.27528862012094557
3973,2.6800000667572,2.6800000667572,0.0,0.0,0.0,2.6800000667572,0.0,0,0,191,1249,1696,1.0,433.0,463.0,62.5,24.3899993896484,23.5,191,0.1325468424705066,0.0,0.8673611111111111,0.4400921658986175,20.692708333333332,0.4267740312028183
5205,3.50999999046326,3.50999999046326,0.0,0.0,0.0,3.50999999046326,0.0,0,0,245,1195,1801,1.0,433.0,463.0,62.5,24.3899993896484,23.5,245,0.17002081887578072,0.0,0.8298611111111112,0.5645161290322581,21.158536585365855,0.34594698424894355
5057,3.41000008583069,3.41000008583069,0.0,0.0,0.0,3.40000009536743,0.0,0,0,195,1245,1724,1.0,433.0,463.0,62.5,24.3899993896484,23.5,195,0.13532269257460097,0.0,0.8645833333333334,0.44930875576036866,25.801020408163264,0.34084618426255436
6198,4.17999982833862,4.17999982833862,0.0,0.0,0.0,4.17999982833862,0.0,0,0,249,1191,1852,1.0,433.0,463.0,62.5,24.3899993896484,23.5,249,0.17279666897987508,0.0,0.8270833333333333,0.5737327188940092,24.792,0.2987578641716406
6559,4.42000007629395,4.42000007629395,0.0,0.0,0.259999990463257,4.1399998664856,0.0,0,7,260,1173,1905,1.0,433.0,463.0,62.5,24.3899993896484,23.5,267,0.1852879944482998,0.0,0.8145833333333333,0.6152073732718893,24.473880597014926,0.29039634146341464
5997,4.03999996185303,4.03999996185303,0.0,0.0,0.379999995231628,3.66000008583069,0.0,0,11,228,1201,1811,1.0,433.0,463.0,62.5,24.3899993896484,23.5,239,0.16585704371963914,0.0,0.8340277777777778,0.5506912442396313,24.9875,0.30193397799266425
7192,4.84999990463257,4.84999990463257,0.0,0.0,0.490000009536743,4.34000015258789,0.0,0,11,283,1146,1922,1.0,433.0,463.0,62.5,24.3899993896484,23.5,294,0.20402498265093685,0.0,0.7958333333333333,0.6774193548387096,24.379661016949154,0.2672042263311553
3404,2.28999996185303,2.28999996185303,0.0,0.0599999986588955,0.419999986886978,1.80999994277954,0.0,1,10,127,1302,1610,1.0,433.0,463.0,62.5,24.3899993896484,23.5,138,0.09576682859125607,0.007194244604316547,0.9041666666666667,0.31797235023041476,24.489208633093526,0.47283406754772395
5583,3.75999999046326,3.75999999046326,0.0,0.0,0.0,3.75999999046326,0.0,0,0,266,1174,1851,1.0,433.0,463.0,62.5,24.3899993896484,23.5,266,0.1845940319222762,0.0,0.8152777777777778,0.6129032258064516,20.910112359550563,0.3314828080229226
5079,3.42000007629395,3.42000007629395,0.0,0.0,0.0,3.42000007629395,0.0,0,0,242,1129,1804,1.0,61.0,69.0,62.5,24.3899993896484,23.5,242,0.17638483965014579,0.0,0.7840277777777778,3.903225806451613,20.901234567901234,0.3551181102362205
4165,2.80999994277954,2.80999994277954,0.0,0.0,0.0,2.79999995231628,0.0,0,0,204,1236,1725,1.0,433.0,463.0,62.5,24.3899993896484,23.5,204,0.14156835530881332,0.0,0.8583333333333333,0.4700460829493088,20.317073170731707,0.414066250600096
3588,2.42000007629395,2.42000007629395,0.0,0.230000004172325,0.200000002980232,1.99000000953674,0.0,3,5,152,1280,1654,1.0,433.0,463.0,62.5,24.3899993896484,23.5,160,0.11103400416377515,0.018633540372670808,0.8888888888888888,0.3686635944700461,22.285714285714285,0.4608526051825021
3409,2.29999995231628,2.29999995231628,0.0,0.0,0.0,2.29999995231628,0.0,0,0,147,1293,1632,1.0,433.0,463.0,62.5,24.3899993896484,23.5,147,0.10201249132546843,0.0,0.8979166666666667,0.3387096774193548,23.033783783783782,0.4785923753665689
1715,1.1599999666214,1.1599999666214,0.0,0.0,0.0,1.1599999666214,0.0,0,0,82,1358,1481,1.0,433.0,463.0,62.5,24.3899993896484,23.5,82,0.05690492713393477,0.0,0.9430555555555555,0.1889400921658986,20.662650602409638,0.8630536130536131
1532,1.02999997138977,1.02999997138977,0.0,0.0,0.0,1.02999997138977,0.0,0,0,76,1364,1473,1.0,433.0,463.0,62.5,24.3899993896484,23.5,76,0.0527411519777932,0.0,0.9472222222222222,0.17511520737327188,19.896103896103895,0.9608610567514677
924,0.620000004768372,0.620000004768372,0.0,0.0,0.0,0.620000004768372,0.0,0,0,45,1395,1410,1.0,433.0,463.0,62.5,24.3899993896484,23.5,45,0.031228313671061762,0.0,0.96875,0.10368663594470046,20.08695652173913,1.5243243243243243
4571,3.07999992370605,3.07999992370605,0.0,0.0,0.0,3.0699999332428,0.0,0,0,234,1206,1779,1.0,433.0,463.0,62.5,24.3899993896484,23.5,234,0.16238723108952116,0.0,0.8375,0.5391705069124424,19.451063829787234,0.38910761154855644
772,0.519999980926514,0.519999980926514,0.0,0.0,0.0,0.519999980926514,0.0,0,0,40,1400,1403,1.0,433.0,463.0,62.5,24.3899993896484,23.5,40,0.027758501040943788,0.0,0.9722222222222222,0.09216589861751152,18.829268292682926,1.815006468305304
3634,2.45000004768372,2.45000004768372,0.0,0.360000014305115,0.209999993443489,1.87999999523163,0.0,5,6,123,1306,1613,1.0,433.0,463.0,62.5,24.3899993896484,23.5,134,0.09299097848716169,0.037037037037037035,0.9069444444444444,0.3087557603686636,26.918518518518518,0.4437414030261348
7443,5.01999998092651,5.01999998092651,0.0,1.49000000953674,0.370000004768372,3.16000008583069,0.0,20,10,206,1204,1878,1.0,433.0,463.0,62.5,24.3899993896484,23.5,236,0.16377515614156835,0.08438818565400844,0.8361111111111111,0.543778801843318,31.40506329113924,0.2522837184309511
1201,0.810000002384186,0.810000002384186,0.0,0.0,0.0,0.810000002384186,0.0,0,0,52,1388,1426,1.0,433.0,463.0,62.5,24.3899993896484,23.5,52,0.03608605135322693,0.0,0.9638888888888889,0.11981566820276497,22.660377358490567,1.1863560732113145
5202,3.50999999046326,3.50999999046326,0.0,0.0,0.389999985694885,3.10999989509583,0.0,0,11,223,1206,1780,1.0,433.0,463.0,62.5,24.3899993896484,23.5,234,0.16238723108952116,0.0,0.8375,0.5391705069124424,22.136170212765958,0.34211032096867194
4878,3.28999996185303,3.28999996185303,0.0,0.0,0.0,3.28999996185303,0.0,0,0,204,1236,1742,1.0,433.0,463.0,62.5,24.3899993896484,23.5,204,0.14156835530881332,0.0,0.8583333333333333,0.4700460829493088,23.795121951219514,0.35704037712646036
7379,4.96999979019165,4.96999979019165,0.0,0.0,0.0,4.96999979019165,0.0,0,0,319,1121,1972,1.0,433.0,463.0,62.5,24.3899993896484,23.5,319,0.22137404580152673,0.0,0.7784722222222222,0.7350230414746544,23.059375,0.2672086720867209
5161,3.48000001907349,3.48000001907349,0.0,0.0,0.0,3.47000002861023,0.0,0,0,247,1193,1821,1.0,433.0,463.0,62.5,24.3899993896484,23.5,247,0.1714087439278279,0.0,0.8284722222222223,0.5691244239631337,20.81048387096774,0.3527702440914374
3090,2.07999992370605,2.07999992370605,0.0,0.0,0.0,2.07999992370605,0.0,0,0,145,1295,1630,1.0,433.0,463.0,62.5,24.3899993896484,23.5,145,0.10062456627342123,0.0,0.8993055555555556,0.33410138248847926,21.164383561643834,0.527337431252022
6227,4.19999980926514,4.19999980926514,0.0,0.0,0.0,4.19999980926514,0.0,0,0,290,1150,1899,1.0,433.0,463.0,62.5,24.3899993896484,23.5,290,0.20124913254684246,0.0,0.7986111111111112,0.6682027649769585,21.398625429553263,0.30491329479768786
6424,4.32999992370605,4.32999992370605,0.0,0.0,0.0,4.32999992370605,0.0,0,0,300,1140,1903,1.0,433.0,463.0,62.5,24.3899993896484,23.5,300,0.2081887578070784,0.0,0.7916666666666666,0.6912442396313364,21.3421926910299,0.29618677042801556
2661,1.78999996185303,1.78999996185303,0.0,0.0,0.0,1.78999996185303,0.0,0,0,128,830,1125,1.0,433.0,463.0,62.5,24.3899993896484,23.5,128,0.1334723670490094,0.0,0.5763888888888888,0.29493087557603687,20.627906976744185,0.4226145755071375
10113,6.82999992370605,6.82999992370605,0.0,2.0,0.620000004768372,4.19999980926514,0.0,28,13,320,964,2344,1.0,433.0,463.0,62.5,24.3899993896484,23.5,361,0.2722473604826546,0.07734806629834254,0.6694444444444444,0.8317972350230415,27.93646408839779,0.231757959264386
10352,7.01000022888184,7.01000022888184,0.0,1.6599999666214,1.94000005722046,3.41000008583069,0.0,19,32,195,676,2038,1.0,467.0,531.0,62.5,24.3899993896484,23.5,246,0.26652221018418204,0.07692307692307693,0.46944444444444444,0.5256410256410257,41.91093117408907,0.19685115425480537
10129,6.69999980926514,6.69999980926514,0.0,0.0199999995529652,2.74000000953674,3.94000005722046,0.0,1,48,206,705,2010,1.0,445.0,489.0,62.5,24.3899993896484,23.5,255,0.26534859521331944,0.00390625,0.4895833333333333,0.5717488789237668,39.56640625,0.19842053307008883
10465,6.92000007629395,6.92000007629395,0.0,0.0700000002980232,1.41999995708466,5.42999982833862,0.0,1,24,284,720,2133,1.0,452.0,504.0,62.5,24.3899993896484,23.5,309,0.3,0.0032258064516129032,0.5,0.6821192052980133,33.75806451612903,0.20380278998662335
22244,15.0799999237061,15.0799999237061,0.0,5.44999980926514,4.09999990463257,5.53000020980835,0.0,66,72,268,968,2670,1.0,433.0,463.0,62.5,24.3899993896484,23.5,406,0.2952727272727273,0.16216216216216217,0.6722222222222223,0.9354838709677419,54.65356265356265,0.12002697235333783
5472,3.61999988555908,3.61999988555908,0.0,0.0799999982118607,0.280000001192093,3.25999999046326,0.0,1,7,249,508,1882,1.0,556.0,602.0,62.5,24.3899993896484,23.5,257,0.33550913838120106,0.003875968992248062,0.3527777777777778,0.4614003590664273,21.209302325581394,0.34386990681527496
8247,5.44999980926514,5.44999980926514,0.0,0.790000021457672,0.860000014305115,3.78999996185303,0.0,11,16,206,678,1944,1.0,500.0,557.0,62.5,24.3899993896484,23.5,233,0.25548245614035087,0.04700854700854701,0.4708333333333333,0.46506986027944114,35.243589743589745,0.23569350145489815
6711,4.44000005722046,4.44000005722046,0.0,0.0,0.0,4.44000005722046,0.0,0,7,382,648,2346,1.0,465.0,514.0,62.5,24.3899993896484,23.5,389,0.37475915221579964,0.0,0.45,0.8347639484978541,17.20769230769231,0.34952324195470796
10999,7.26999998092651,7.26999998092651,0.0,0.680000007152557,1.80999994277954,4.78000020980835,0.0,11,43,269,1011,2198,1.0,433.0,463.0,62.5,24.3899993896484,23.5,323,0.24194756554307117,0.033950617283950615,0.7020833333333333,0.7442396313364056,33.94753086419753,0.1998181818181818
10080,6.75,6.75,0.0,1.85000002384186,1.52999997138977,3.38000011444092,0.0,23,26,208,761,2048,1.0,460.0,484.0,62.5,24.3899993896484,23.5,257,0.2522080471050049,0.08914728682170543,0.5284722222222222,0.5574837310195228,39.06976744186046,0.2031544489633965
7804,5.15999984741211,5.15999984741211,0.0,0.560000002384186,1.67999994754791,2.92000007629395,0.0,9,27,206,781,1946,1.0,405.0,461.0,62.5,24.3899993896484,23.5,242,0.236328125,0.037037037037037035,0.5423611111111111,0.5960591133004927,32.11522633744856,0.24932735426008967
16901,11.3699998855591,11.3699998855591,0.0,2.77999997138977,1.45000004768372,7.15000009536743,0.0,32,35,360,591,2629,1.0,374.0,386.0,62.5,24.3899993896484,23.5,427,0.41903827281648676,0.07476635514018691,0.41041666666666665,1.1386666666666667,39.48831775700935,0.1555437226363744
9471,6.26000022888184,6.26000022888184,0.0,0.0,0.0,6.26000022888184,0.0,0,0,360,584,2187,1.0,442.0,459.0,62.5,24.3899993896484,23.5,360,0.38095238095238093,0.0,0.40555555555555556,0.8126410835214447,26.235457063711912,0.23089104729729729
9482,6.38000011444092,6.38000011444092,0.0,1.26999998092651,0.519999980926514,4.59999990463257,0.0,15,11,277,653,2095,1.0,433.0,471.0,62.5,24.3899993896484,23.5,303,0.3166144200626959,0.049342105263157895,0.4534722222222222,0.6981566820276498,31.19078947368421,0.22092164926710955
5980,3.95000004768372,3.95000004768372,0.0,0.0,0.0,3.95000004768372,0.0,0,0,227,732,1861,1.0,436.0,490.0,62.5,24.3899993896484,23.5,227,0.23645833333333333,0.0,0.5083333333333333,0.5194508009153318,26.228070175438596,0.31115198127403443
11423,7.57999992370605,7.57999992370605,0.0,1.86000001430511,0.400000005960464,5.32000017166138,0.0,26,9,295,623,2194,1.0,448.0,499.0,62.5,24.3899993896484,23.5,330,0.34591194968553457,0.07854984894259819,0.4326388888888889,0.734966592427617,34.51057401812689,0.19205182072829133
5439,3.59999990463257,3.59999990463257,0.0,0.0,0.0,3.59999990463257,0.0,0,0,229,764,1854,1.0,408.0,450.0,62.5,24.3899993896484,23.5,229,0.23038229376257546,0.0,0.5305555555555556,0.5599022004889975,23.64782608695652,0.3408088235294118
42,0.0299999993294477,0.0299999993294477,0.0,0.0,0.0,0.0299999993294477,0.0,0,0,4,2,403,1.0,411.0,473.0,62.5,24.3899993896484,23.5,4,0.5714285714285714,0.0,0.001388888888888889,0.009708737864077669,8.4,9.372093023255815
8796,5.90999984741211,5.90999984741211,0.0,0.109999999403954,0.930000007152557,4.88000011444092,0.0,2,21,356,1061,1982,1.0,433.0,463.0,62.5,24.3899993896484,23.5,379,0.2630117973629424,0.005263157894736842,0.7368055555555556,0.8732718894009217,23.147368421052633,0.22530408093668297
7618,5.11999988555908,5.11999988555908,0.0,0.0,0.219999998807907,4.88000011444092,0.0199999995529652,0,8,404,1028,2004,1.0,433.0,463.0,62.5,24.3899993896484,23.5,412,0.28591256072172105,0.0,0.7138888888888889,0.9493087557603687,18.4455205811138,0.26302664391652447
7910,5.32000017166138,5.32000017166138,0.0,0.0,0.0,5.32000017166138,0.0,0,0,331,1109,1893,1.0,433.0,463.0,62.5,24.3899993896484,23.5,331,0.22970159611380986,0.0,0.7701388888888889,0.7626728110599078,23.825301204819276,0.23928706863860447
8482,5.69999980926514,5.69999980926514,0.0,0.0,0.0,5.69000005722046,0.0099999997764825,0,0,448,992,2063,1.0,433.0,463.0,62.5,24.3899993896484,23.5,448,0.3108952116585704,0.0,0.6888888888888889,1.032258064516129,18.89086859688196,0.2431922668867146
9685,6.65000009536743,6.65000009536743,0.0,3.10999989509583,0.0199999995529652,3.50999999046326,0.0099999997764825,47,1,305,1087,2148,1.0,433.0,463.0,62.5,24.3899993896484,23.5,353,0.24496877168632894,0.1327683615819209,0.7548611111111111,0.8133640552995391,27.358757062146893,0.22176336981209993
2524,1.70000004768372,1.70000004768372,0.0,0.0,0.349999994039536,1.3400000333786,0.0,0,8,160,1272,1529,1.0,433.0,463.0,62.5,24.3899993896484,23.5,168,0.11658570437196392,0.0,0.8833333333333333,0.3870967741935484,14.934911242603551,0.6055445544554455
7762,5.23999977111816,5.23999977111816,0.0,0.0700000002980232,0.280000001192093,4.8899998664856,0.0,1,6,311,1122,1890,1.0,433.0,463.0,62.5,24.3899993896484,23.5,318,0.22068008327550312,0.003134796238244514,0.7791666666666667,0.7327188940092166,24.33228840125392,0.24346257889990983
7948,5.36999988555908,5.36999988555908,0.0,0.0,0.0,5.3600001335144,0.0,0,0,389,1051,1956,1.0,433.0,463.0,62.5,24.3899993896484,23.5,389,0.26995142262317834,0.0,0.7298611111111111,0.8963133640552995,20.379487179487178,0.2460686878852686
9202,6.30000019073486,6.30000019073486,0.0,1.50999999046326,0.119999997317791,4.65999984741211,0.0099999997764825,22,5,378,1035,2094,1.0,433.0,463.0,62.5,24.3899993896484,23.5,405,0.28105482303955587,0.054187192118226604,0.71875,0.9331797235023042,22.665024630541872,0.22753449961968925
8859,5.98000001907349,5.98000001907349,0.0,0.129999995231628,0.370000004768372,5.46999979019165,0.0099999997764825,2,10,371,1057,1970,1.0,433.0,463.0,56.7000007629395,21.4500007629395,23.5,383,0.26578764746703676,0.005208333333333333,0.7340277777777777,0.8824884792626728,23.0703125,0.22234762979683972
7286,4.90000009536743,4.90000009536743,0.0,0.46000000834465,0.0,4.42000007629395,0.0199999995529652,46,0,366,1028,2241,1.0,433.0,463.0,62.5,24.3899993896484,23.5,412,0.28591256072172105,0.11138014527845036,0.7138888888888889,0.9493087557603687,17.641646489104115,0.30753396459448334
9317,6.34999990463257,6.34999990463257,0.0,2.08999991416931,0.230000004172325,4.01999998092651,0.0099999997764825,28,5,330,1077,2021,1.0,433.0,463.0,62.5,24.3899993896484,23.5,363,0.25190839694656486,0.07692307692307693,0.7479166666666667,0.836405529953917,25.596153846153847,0.21689203691779352
6873,4.67999982833862,4.67999982833862,0.0,3.0,0.0599999986588955,1.62000000476837,0.0,46,1,190,1203,1898,1.0,433.0,463.0,62.5,24.3899993896484,23.5,237,0.16446911866759195,0.19327731092436976,0.8354166666666667,0.5460829493087558,28.8781512605042,0.27611288914751236
7373,4.94999980926514,4.94999980926514,0.0,0.0,0.0,4.94999980926514,0.0,0,0,359,1081,1907,1.0,433.0,463.0,62.5,24.3899993896484,23.5,359,0.24913254684247052,0.0,0.7506944444444444,0.8271889400921659,20.480555555555554,0.25861133713045836
8242,5.53999996185303,5.53999996185303,0.0,0.119999997317791,0.180000007152557,5.23999977111816,0.0,2,5,309,1124,1882,1.0,433.0,463.0,62.5,24.3899993896484,23.5,316,0.21929215822345594,0.006309148264984227,0.7805555555555556,0.728110599078341,26.0,0.2283149338832949
3516,2.35999989509583,2.35999989509583,0.0,0.0,0.0,2.35999989509583,0.0,46,0,197,1197,1966,1.0,433.0,463.0,62.5,24.3899993896484,23.5,243,0.16863289382373353,0.1885245901639344,0.83125,0.5599078341013825,14.40983606557377,0.5589991470002843
7913,5.40999984741211,5.40999984741211,0.0,2.16000008583069,0.340000003576279,2.91000008583069,0.0,28,7,213,1192,1835,1.0,433.0,463.0,62.5,24.3899993896484,23.5,248,0.17210270645385148,0.11244979919678715,0.8277777777777777,0.5714285714285714,31.779116465863453,0.23186757644680314
7365,4.94999980926514,4.94999980926514,0.0,1.36000001430511,1.4099999666214,2.1800000667572,0.0,20,23,206,1191,1780,1.0,433.0,463.0,62.5,24.3899993896484,23.5,249,0.17279666897987508,0.08,0.8270833333333333,0.5737327188940092,29.46,0.24165082812924246
8452,5.67999982833862,5.67999982833862,0.0,0.330000013113022,1.08000004291534,4.26000022888184,0.0099999997764825,5,20,248,1167,1830,1.0,433.0,463.0,62.5,24.3899993896484,23.5,273,0.18945176960444135,0.01824817518248175,0.8104166666666667,0.6290322580645161,30.846715328467152,0.21649118656098426
7399,4.96999979019165,4.96999979019165,0.0,0.490000009536743,1.03999996185303,3.44000005722046,0.0,7,18,196,1219,1739,1.0,433.0,463.0,62.5,24.3899993896484,23.5,221,0.15336571825121442,0.03153153153153153,0.8465277777777778,0.5092165898617511,33.328828828828826,0.235
7525,5.05999994277954,5.05999994277954,0.0,0.0,0.209999993443489,4.82999992370605,0.0199999995529652,0,7,334,1099,1878,1.0,433.0,463.0,62.5,24.3899993896484,23.5,341,0.2366412213740458,0.0,0.7631944444444444,0.7857142857142857,22.002923976608187,0.24953494552218974
7412,4.98000001907349,4.98000001907349,0.0,0.0599999986588955,0.25,4.65999984741211,0.0099999997764825,1,6,363,1070,1906,1.0,433.0,463.0,62.5,24.3899993896484,23.5,370,0.25676613462873005,0.0026954177897574125,0.7430555555555556,0.8525345622119815,19.97843665768194,0.25711587751247805
8278,5.55999994277954,5.55999994277954,0.0,0.0,0.0,5.55999994277954,0.0,0,0,420,1020,2015,1.0,433.0,463.0,62.5,24.3899993896484,23.5,420,0.2914642609299098,0.0,0.7083333333333334,0.967741935483871,19.66270783847981,0.24338688247372872
8314,5.6100001335144,5.6100001335144,0.0,0.779999971389771,0.800000011920929,4.03000020980835,0.0,13,23,311,1093,1971,1.0,433.0,463.0,62.5,24.3899993896484,23.5,347,0.24080499653018736,0.03735632183908046,0.7590277777777777,0.7995391705069125,23.89080459770115,0.2370414912808178
7063,4.75,4.75,0.0,0.0,0.119999997317791,4.6100001335144,0.0099999997764825,0,5,370,1065,1910,1.0,433.0,463.0,62.5,24.3899993896484,23.5,375,0.260235947258848,0.0,0.7395833333333334,0.8640552995391705,18.784574468085108,0.2703850509626274
4940,3.38000011444092,3.38000011444092,0.0,2.27999997138977,0.550000011920929,0.550000011920929,0.0,75,11,52,1302,1897,1.0,433.0,463.0,62.5,24.3899993896484,23.5,138,0.09576682859125607,0.539568345323741,0.9041666666666667,0.31797235023041476,35.539568345323744,0.3839303784658976
8168,5.53999996185303,5.53999996185303,0.0,2.90000009536743,0.0,2.64000010490417,0.0,46,0,326,1068,2096,1.0,433.0,463.0,62.5,24.3899993896484,23.5,372,0.25815405968077726,0.12332439678284182,0.7416666666666667,0.8571428571428571,21.89812332439678,0.2565797527237116
7726,5.19000005722046,5.19000005722046,0.0,0.0,0.0,5.19000005722046,0.0,0,0,345,1095,1906,1.0,433.0,463.0,62.5,24.3899993896484,23.5,345,0.23941707147814018,0.0,0.7604166666666666,0.7949308755760369,22.329479768786126,0.2466675294422156
8275,5.55999994277954,5.55999994277954,0.0,0.0,0.0,5.55000019073486,0.0099999997764825,0,0,373,1067,1962,1.0,433.0,463.0,62.5,24.3899993896484,23.5,373,0.2588480222068008,0.0,0.7409722222222223,0.8594470046082949,22.12566844919786,0.23707104881585306
6440,4.32999992370605,4.32999992370605,0.0,0.0,0.0,4.32000017166138,0.0099999997764825,0,0,319,1121,1826,1.0,433.0,463.0,62.5,24.3899993896484,23.5,319,0.22137404580152673,0.0,0.7784722222222222,0.7350230414746544,20.125,0.28349635149821456
7566,5.1100001335144,5.1100001335144,0.0,0.0,0.0,5.1100001335144,0.0,0,0,268,720,1431,1.0,433.0,463.0,57.2999992370605,21.6900005340576,23.5,268,0.27098078867542974,0.0,0.5,0.6175115207373272,28.12639405204461,0.18911061186731862
4747,3.24000000953674,3.24000000953674,0.0,0.0,0.0,3.23000001907349,0.0099999997764825,0,0,280,1160,1788,1.0,433.0,463.0,62.5,24.3899993896484,23.5,280,0.19430950728660654,0.0,0.8055555555555556,0.6451612903225806,16.893238434163703,0.37657961246840777
9715,6.63000011444092,6.63000011444092,0.0,0.990000009536743,0.340000003576279,5.26999998092651,0.0199999995529652,16,8,371,1045,2093,1.0,433.0,463.0,62.5,24.3899993896484,23.5,395,0.2741151977793199,0.04040404040404041,0.7256944444444444,0.9101382488479263,24.532828282828284,0.2154178674351585
8844,6.03000020980835,6.03000020980835,0.0,0.340000003576279,1.02999997138977,4.65000009536743,0.0099999997764825,6,25,370,1039,2065,1.0,433.0,463.0,62.5,24.3899993896484,23.5,401,0.2782789729354615,0.014925373134328358,0.7215277777777778,0.923963133640553,22.0,0.23346523459581683
7451,5.07999992370605,5.07999992370605,0.0,0.0,0.0,5.05999994277954,0.0199999995529652,0,0,335,1105,1908,1.0,433.0,463.0,62.5,24.3899993896484,23.5,335,0.23247744621790423,0.0,0.7673611111111112,0.771889400921659,22.175595238095237,0.2560386473429952
6905,4.73000001907349,4.73000001907349,0.0,0.0,0.0,4.69999980926514,0.0299999993294477,0,0,356,1084,1908,1.0,433.0,463.0,62.5,24.3899993896484,23.5,356,0.24705065926439973,0.0,0.7527777777777778,0.8202764976958525,19.34173669467787,0.27628149435273675
8199,5.88000011444092,5.88000011444092,0.0,1.4099999666214,0.100000001490116,4.3600001335144,0.0099999997764825,11,2,322,1105,1964,1.0,433.0,463.0,62.5,24.3899993896484,23.5,335,0.23247744621790423,0.03273809523809524,0.7673611111111112,0.771889400921659,24.401785714285715,0.2395121951219512
6798,4.6399998664856,4.6399998664856,0.0,1.08000004291534,0.200000002980232,3.34999990463257,0.0,20,7,343,1070,2014,1.0,433.0,463.0,62.5,24.3899993896484,23.5,370,0.25676613462873005,0.05390835579514825,0.7430555555555556,0.8525345622119815,18.32345013477089,0.29622003235769967
7711,5.26000022888184,5.26000022888184,0.0,0.0,0.0,5.23999977111816,0.0199999995529652,0,0,376,1064,1985,1.0,433.0,463.0,62.5,24.3899993896484,23.5,376,0.2609299097848716,0.0,0.7388888888888889,0.8663594470046083,20.453580901856764,0.25739107883817425
4880,3.32999992370605,3.32999992370605,0.0,0.839999973773956,0.0900000035762787,2.38000011444092,0.0199999995529652,15,3,274,1148,1867,1.0,433.0,463.0,62.5,24.3899993896484,23.5,292,0.20263705759888967,0.051194539249146756,0.7972222222222223,0.6728110599078341,16.655290102389078,0.3825035853308748
8857,6.07000017166138,6.07000017166138,0.0,1.14999997615814,0.259999990463257,4.6399998664856,0.0099999997764825,18,9,376,1037,2124,1.0,433.0,463.0,62.5,24.3899993896484,23.5,403,0.27966689798750866,0.04455445544554455,0.7201388888888889,0.9285714285714286,21.923267326732674,0.23978324678256943
3843,2.61999988555908,2.61999988555908,0.0,0.0,0.0,2.60999989509583,0.0099999997764825,0,0,206,1234,1669,1.0,433.0,463.0,62.5,24.3899993896484,23.5,206,0.14295628036086053,0.0,0.8569444444444444,0.47465437788018433,18.565217391304348,0.4341831425598335
7396,5.07000017166138,5.07000017166138,0.0,1.39999997615814,0.0799999982118607,3.57999992370605,0.0,20,2,303,1115,1995,1.0,433.0,463.0,62.5,24.3899993896484,23.5,325,0.22553782095766828,0.06134969325153374,0.7743055555555556,0.7488479262672811,22.687116564417177,0.26970393402730836
6731,4.59000015258789,4.59000015258789,0.0,0.889999985694885,0.189999997615814,3.49000000953674,0.0199999995529652,14,7,292,1127,1921,1.0,433.0,463.0,62.5,24.3899993896484,23.5,313,0.21721027064538515,0.044585987261146494,0.7826388888888889,0.7211981566820277,21.436305732484076,0.28535353535353536
5995,4.09000015258789,4.09000015258789,0.0,0.0,0.0,4.09000015258789,0.0,0,0,416,1024,2010,1.0,433.0,463.0,62.5,24.3899993896484,23.5,416,0.2886884108258154,0.0,0.7111111111111111,0.9585253456221198,14.376498800959233,0.3352234823215477
8283,5.78999996185303,5.78999996185303,0.0,1.85000002384186,0.0500000007450581,3.86999988555908,0.0099999997764825,22,2,333,1083,2057,1.0,433.0,463.0,62.5,24.3899993896484,23.5,357,0.2477446217904233,0.061452513966480445,0.7520833333333333,0.8225806451612904,23.136871508379887,0.24830999517141478
7904,5.42000007629395,5.42000007629395,0.0,1.58000004291534,0.629999995231628,3.19000005722046,0.0099999997764825,24,13,346,1057,2095,1.0,433.0,463.0,62.5,24.3899993896484,23.5,383,0.26578764746703676,0.0625,0.7340277777777777,0.8824884792626728,20.583333333333332,0.265022137887413
5512,3.75999999046326,3.75999999046326,0.0,0.0,0.0,3.75999999046326,0.0,0,0,385,1055,1972,1.0,433.0,463.0,62.5,24.3899993896484,23.5,385,0.26717557251908397,0.0,0.7326388888888888,0.8870967741935484,14.279792746113989,0.35769998186105567
9135,6.23000001907349,6.23000001907349,0.0,0.0,0.0,6.21999979019165,0.0099999997764825,0,0,402,1038,2044,1.0,433.0,463.0,62.5,24.3899993896484,23.5,402,0.2789729354614851,0.0,0.7208333333333333,0.9262672811059908,22.667493796526056,0.22373029772329248
5250,3.57999992370605,3.57999992370605,0.0,1.05999994277954,0.0900000035762787,2.42000007629395,0.0099999997764825,17,4,300,1119,1946,1.0,433.0,463.0,62.5,24.3899993896484,23.5,321,0.2227619708535739,0.052795031055900624,0.7770833333333333,0.7396313364055299,16.304347826086957,0.37059607693772617
3077,2.09999990463257,2.09999990463257,0.0,0.0,0.0,2.08999991416931,0.0,0,0,172,842,1237,1.0,433.0,463.0,62.5,24.3899993896484,23.5,172,0.16945812807881774,0.0,0.5847222222222223,0.39631336405529954,17.786127167630056,0.4018843404808317
8856,5.98000001907349,5.98000001907349,0.0,3.05999994277954,0.910000026226044,2.00999999046326,0.0,44,19,131,777,1450,1.0,274.0,469.0,62.5,24.3899993896484,23.5,194,0.19958847736625515,0.22564102564102564,0.5395833333333333,0.7054545454545454,45.41538461538462,0.16371231794061195
10035,6.71000003814697,6.71000003814697,0.0,2.02999997138977,2.13000011444092,2.54999995231628,0.0,31,46,153,754,1495,2.0,295.0,456.0,62.5,24.3899993896484,23.5,230,0.233502538071066,0.1341991341991342,0.5236111111111111,0.777027027027027,43.44155844155844,0.1489637305699482
7641,5.1100001335144,5.1100001335144,0.0,0.319999992847443,0.970000028610229,3.8199999332428,0.0,5,23,214,801,1433,1.0,291.0,397.0,62.5,24.3899993896484,23.5,242,0.23180076628352492,0.0205761316872428,0.55625,0.8287671232876712,31.444444444444443,0.18751635697461397
9010,6.05999994277954,6.05999994277954,0.0,1.04999995231628,1.75,3.25999999046326,0.0,15,42,183,644,1468,1.0,424.0,556.0,62.5,24.3899993896484,23.5,240,0.2711864406779661,0.06224066390041494,0.44722222222222224,0.5647058823529412,37.385892116182575,0.16291199644878482
13459,9.0,9.0,0.0,2.02999997138977,4.0,2.97000002861023,0.0,31,83,153,663,1625,1.0,283.0,510.0,62.5,24.3899993896484,23.5,267,0.28678839957035446,0.11567164179104478,0.46041666666666664,0.9401408450704225,50.22014925373134,0.12072808320950966
10415,6.96999979019165,6.96999979019165,0.0,0.699999988079071,2.34999990463257,3.92000007629395,0.0,11,58,205,600,1529,1.0,381.0,566.0,62.5,24.3899993896484,23.5,274,0.31314285714285717,0.04,0.4166666666666667,0.7172774869109948,37.872727272727275,0.14679339477726575
11663,7.80000019073486,7.80000019073486,0.0,0.25,3.73000001907349,3.8199999332428,0.0,4,95,214,605,1584,2.0,412.0,522.0,62.5,24.3899993896484,23.5,313,0.3405875952121872,0.012738853503184714,0.4201388888888889,0.7578692493946732,37.14331210191083,0.13580246913580246
12414,8.77999973297119,8.77999973297119,0.0,2.24000000953674,2.45000004768372,3.96000003814697,0.0,19,67,221,738,1638,1.0,219.0,395.0,62.5,24.3899993896484,23.5,307,0.29349904397705545,0.06168831168831169,0.5125,1.3954545454545455,40.3051948051948,0.1319371727748691
11658,7.82999992370605,7.82999992370605,0.0,0.200000002980232,4.34999990463257,3.27999997138977,0.0,2,98,164,845,1554,2.0,152.0,305.0,62.5,24.3899993896484,23.5,264,0.23783783783783785,0.007547169811320755,0.5868055555555556,1.7254901960784315,43.99245283018868,0.13328758898704862
6093,4.07999992370605,4.07999992370605,0.0,0.0,0.0,4.05999994277954,0.0,0,0,242,712,1397,1.0,332.0,512.0,62.5,24.3899993896484,23.5,242,0.2534031413612565,0.0,0.49444444444444446,0.7267267267267268,25.074074074074073,0.2292418772563177
8911,5.96000003814697,5.96000003814697,0.0,2.32999992370605,0.579999983310699,3.05999994277954,0.0,33,12,188,731,1481,1.0,355.0,476.0,62.5,24.3899993896484,23.5,233,0.24145077720207253,0.14102564102564102,0.5076388888888889,0.6544943820224719,38.08119658119658,0.16618043087971274
12058,8.06999969482422,8.06999969482422,0.0,0.0,4.21999979019165,3.84999990463257,0.0,0,92,252,724,1638,1.0,235.0,372.0,62.5,24.3899993896484,23.5,344,0.32179607109448083,0.0,0.5027777777777778,1.4576271186440677,34.95072463768116,0.13583215855377725
14112,10.0,10.0,0.0,3.26999998092651,4.55999994277954,2.17000007629395,0.0,30,95,129,660,1655,1.0,310.0,526.0,62.5,24.3899993896484,23.5,254,0.27759562841530055,0.11764705882352941,0.4583333333333333,0.8167202572347267,55.34117647058824,0.11726776730673846
11177,8.47999954223633,8.47999954223633,0.0,5.61999988555908,0.430000007152557,2.41000008583069,0.0,50,9,133,781,1570,1.0,262.0,467.0,62.5,24.3899993896484,23.5,192,0.1971252566735113,0.25906735751295334,0.5423611111111111,0.7300380228136882,57.9119170984456,0.14045446412596171
11388,7.61999988555908,7.61999988555908,0.0,0.449999988079071,4.21999979019165,2.95000004768372,0.0,7,95,170,797,1551,1.0,250.0,371.0,62.5,24.3899993896484,23.5,272,0.2542056074766355,0.02564102564102564,0.5534722222222223,1.0836653386454183,41.714285714285715,0.1361840372289051
7193,5.03999996185303,5.03999996185303,0.0,0.0,0.419999986886978,4.61999988555908,0.0,0,10,176,714,1377,1.0,349.0,540.0,62.5,24.3899993896484,23.5,186,0.20643729189789123,0.0,0.49583333333333335,0.5314285714285715,38.46524064171123,0.19140950792326938
7114,4.88000011444092,4.88000011444092,0.0,1.37000000476837,0.28999999165535,3.22000002861023,0.0,15,8,190,804,1407,1.0,261.0,423.0,62.5,24.3899993896484,23.5,213,0.20923379174852652,0.07009345794392523,0.5583333333333333,0.8129770992366412,33.242990654205606,0.1977512297962052
10645,7.75,7.75,0.0,3.74000000953674,1.29999995231628,2.71000003814697,0.0,36,32,150,744,1545,1.0,333.0,478.0,62.5,24.3899993896484,23.5,218,0.22637590861889928,0.1643835616438356,0.5166666666666667,0.6526946107784432,48.60730593607306,0.14512492955100506
13238,9.19999980926514,9.19999980926514,0.0,3.69000005722046,2.09999990463257,3.41000008583069,0.0,43,52,194,687,1650,1.0,237.0,382.0,62.5,24.3899993896484,23.5,289,0.29580348004094165,0.1482758620689655,0.47708333333333336,1.2142857142857142,45.648275862068964,0.12463176977113075
10414,7.07000017166138,7.07000017166138,0.0,2.67000007629395,1.98000001907349,2.41000008583069,0.0,41,40,124,691,1501,1.0,383.0,626.0,62.5,24.3899993896484,23.5,205,0.22853957636566333,0.19902912621359223,0.4798611111111111,0.5338541666666666,50.55339805825243,0.1441190590494479
16520,11.0500001907349,11.0500001907349,0.0,1.53999996185303,6.48000001907349,3.01999998092651,0.0,24,143,176,713,1760,1.0,230.0,384.0,62.5,24.3899993896484,23.5,343,0.32450331125827814,0.06976744186046512,0.4951388888888889,1.4848484848484849,48.02325581395349,0.10653108165365292
14335,9.59000015258789,9.59000015258789,0.0,3.3199999332428,1.74000000953674,4.53000020980835,0.0,47,41,258,594,1710,1.0,292.0,500.0,62.5,24.3899993896484,23.5,346,0.36769394261424015,0.13544668587896252,0.4125,1.180887372013652,41.31123919308357,0.11928013392857142
13559,9.4399995803833,9.4399995803833,0.0,1.80999994277954,4.57999992370605,2.89000010490417,0.0,14,96,142,852,1628,1.0,213.0,336.0,62.5,24.3899993896484,23.5,252,0.22805429864253393,0.05533596837944664,0.5916666666666667,1.1775700934579438,53.59288537549407,0.1200589970501475
12312,8.57999992370605,8.57999992370605,0.0,1.75999999046326,4.1100001335144,2.71000003814697,0.0,14,88,178,680,1618,1.0,318.0,480.0,62.5,24.3899993896484,23.5,280,0.29136316337148804,0.0498220640569395,0.4722222222222222,0.877742946708464,43.81494661921708,0.1314058312352798
11677,8.27999973297119,8.27999973297119,0.0,3.10999989509583,2.50999999046326,2.67000007629395,0.0,29,55,168,676,1590,1.0,323.0,512.0,62.5,24.3899993896484,23.5,252,0.271259418729817,0.11462450592885376,0.46944444444444444,0.7777777777777778,46.15415019762846,0.136153450933379
11550,7.73000001907349,7.73000001907349,0.0,0.0,4.13000011444092,3.58999991416931,0.0,0,86,208,703,1574,1.0,237.0,443.0,62.5,24.3899993896484,23.5,294,0.29458917835671344,0.0,0.48819444444444443,1.2352941176470589,39.152542372881356,0.1362652584191845
13585,9.09000015258789,9.09000015258789,0.0,0.680000007152557,5.23999977111816,3.17000007629395,0.0,9,116,171,688,1633,2.0,259.0,456.0,62.5,24.3899993896484,23.5,296,0.300507614213198,0.030303030303030304,0.4777777777777778,1.1384615384615384,45.74074074074074,0.12019726188723687
14687,10.0799999237061,10.0799999237061,0.0,0.769999980926514,5.59999990463257,3.54999995231628,0.0,8,122,151,1159,1667,1.0,433.0,463.0,62.5,24.3899993896484,23.5,281,0.19500346981263011,0.028368794326241134,0.8048611111111111,0.6474654377880185,52.08156028368794,0.11349400871459694
13072,8.77999973297119,8.77999973297119,0.0,0.0700000002980232,5.40000009536743,3.30999994277954,0.0,1,115,196,676,1630,1.0,312.0,452.0,62.5,24.3899993896484,23.5,312,0.3154701718907988,0.003194888178913738,0.46944444444444444,0.9968051118210862,41.763578274760384,0.12468446416277824
746,0.5,0.5,0.0,0.370000004768372,0.0,0.129999995231628,0.0,4,0,9,13,52,1.0,433.0,463.0,62.5,24.3899993896484,23.5,13,0.48148148148148145,0.2857142857142857,0.009027777777777777,0.029953917050691243,53.285714285714285,0.06961178045515395
8539,6.11999988555908,6.11999988555908,0.0,0.150000005960464,0.239999994635582,5.67999982833862,0.0,4,15,331,712,3654,1.0,501.0,541.0,62.5,24.3899993896484,23.5,350,0.3292568203198495,0.011396011396011397,0.49444444444444446,0.6972111553784861,24.327635327635328,0.4278688524590164
0,0.0,0.0,0.0,0.0,0.0,0.0,0.0,0,0,0,1440,1981,1.0,433.0,463.0,62.5,24.3899993896484,23.5,0,0.0,0.0,1.0,0.0,0.0,1981.0
108,0.0799999982118607,0.0799999982118607,0.0,0.0,0.0,0.0299999993294477,0.0,0,0,3,1437,2011,1.0,433.0,463.0,62.5,24.3899993896484,23.5,3,0.002081887578070784,0.0,0.9979166666666667,0.0069124423963133645,27.0,18.44954128440367
1882,1.35000002384186,1.35000002384186,0.0,0.209999993443489,0.360000014305115,0.769999980926514,0.0,36,18,87,1299,2951,1.0,433.0,463.0,62.5,24.3899993896484,23.5,141,0.09784871616932686,0.2535211267605634,0.9020833333333333,0.3248847926267281,13.253521126760564,1.5671800318640468
1982,1.41999995708466,1.41999995708466,0.0,0.449999988079071,0.370000004768372,0.589999973773956,0.0,65,21,55,1222,3051,1.0,77.0,77.0,62.5,24.3899993896484,23.5,141,0.10337243401759531,0.45774647887323944,0.8486111111111111,1.8076923076923077,13.95774647887324,1.5385779122541603
16,0.0099999997764825,0.0099999997764825,0.0,0.0,0.0,0.0099999997764825,0.0,0,0,2,1438,1990,1.0,433.0,463.0,62.5,24.3899993896484,23.5,2,0.0013879250520471894,0.0,0.9986111111111111,0.004608294930875576,5.333333333333333,117.05882352941177
62,0.0399999991059303,0.0399999991059303,0.0,0.0,0.0,0.0399999991059303,0.0,0,0,2,1438,1995,1.0,433.0,463.0,62.5,24.3899993896484,23.5,2,0.0013879250520471894,0.0,0.9986111111111111,0.004608294930875576,20.666666666666668,31.666666666666668
0,0.0,0.0,0.0,0.0,0.0,0.0,0.0,0,0,0,1440,1980,1.0,433.0,463.0,62.5,24.3899993896484,23.5,0,0.0,0.0,1.0,0.0,0.0,1980.0
0,0.0,0.0,0.0,0.0,0.0,0.0,0.0,0,0,0,1440,1980,1.0,433.0,463.0,62.5,24.3899993896484,23.5,0,0.0,0.0,1.0,0.0,0.0,1980.0
0,0.0,0.0,0.0,0.0,0.0,0.0,0.0,0,0,0,1440,1980,1.0,433.0,463.0,62.5,24.3899993896484,23.5,0,0.0,0.0,1.0,0.0,0.0,1980.0
0,0.0,0.0,0.0,0.0,0.0,0.0,0.0,0,0,0,1440,1980,1.0,433.0,463.0,62.5,24.3899993896484,23.5,0,0.0,0.0,1.0,0.0,0.0,1980.0
0,0.0,0.0,0.0,0.0,0.0,0.0,0.0,0,0,0,1440,1980,1.0,433.0,463.0,62.5,24.3899993896484,23.5,0,0.0,0.0,1.0,0.0,0.0,1980.0
0,0.0,0.0,0.0,0.0,0.0,0.0,0.0,0,0,0,1440,1980,1.0,433.0,463.0,62.5,24.3899993896484,23.5,0,0.0,0.0,1.0,0.0,0.0,1980.0
0,0.0,0.0,0.0,0.0,0.0,0.0,0.0,0,0,0,1440,1980,1.0,433.0,463.0,62.5,24.3899993896484,23.5,0,0.0,0.0,1.0,0.0,0.0,1980.0
0,0.0,0.0,0.0,0.0,0.0,0.0,0.0,0,0,0,1440,1980,1.0,433.0,463.0,62.5,24.3899993896484,23.5,0,0.0,0.0,1.0,0.0,0.0,1980.0
0,0.0,0.0,0.0,0.0,0.0,0.0,0.0,0,0,0,1440,1980,1.0,433.0,463.0,62.5,24.3899993896484,23.5,0,0.0,0.0,1.0,0.0,0.0,1980.0
0,0.0,0.0,0.0,0.0,0.0,0.0,0.0,0,0,0,1440,1980,1.0,433.0,463.0,62.5,24.3899993896484,23.5,0,0.0,0.0,1.0,0.0,0.0,1980.0
0,0.0,0.0,0.0,0.0,0.0,0.0,0.0,0,0,0,1440,1980,1.0,433.0,463.0,62.5,24.3899993896484,23.5,0,0.0,0.0,1.0,0.0,0.0,1980.0
0,0.0,0.0,0.0,0.0,0.0,0.0,0.0,0,0,0,1440,1980,1.0,433.0,463.0,62.5,24.3899993896484,23.5,0,0.0,0.0,1.0,0.0,0.0,1980.0
0,0.0,0.0,0.0,0.0,0.0,0.0,0.0,0,0,0,1440,1980,1.0,433.0,463.0,62.5,24.3899993896484,23.5,0,0.0,0.0,1.0,0.0,0.0,1980.0
475,0.340000003576279,0.340000003576279,0.0,0.0,0.0399999991059303,0.28999999165535,0.0,0,11,31,1350,2207,1.0,433.0,463.0,62.5,24.3899993896484,23.5,42,0.03015075376884422,0.0,0.9375,0.0967741935483871,11.046511627906977,4.63655462184874
4496,3.22000002861023,3.22000002861023,0.0,0.0,0.0,3.15000009536743,0.0500000007450581,0,0,174,950,2828,1.0,322.0,332.0,62.5,24.3899993896484,23.5,174,0.15466666666666667,0.0,0.6597222222222222,0.5386996904024768,25.69142857142857,0.6288636869023794
10252,7.34999990463257,7.34999990463257,0.0,0.670000016689301,1.03999996185303,5.57999992370605,0.0,13,46,346,531,3879,1.0,478.0,536.0,62.5,24.3899993896484,23.5,405,0.43223052294557096,0.03201970443349754,0.36875,0.8455114822546973,25.251231527093594,0.3783282941578075
11728,8.43000030517578,8.43000030517578,0.0,2.61999988555908,1.67999994754791,4.03999996185303,0.0700000002980232,38,42,196,916,3429,1.0,226.0,248.0,62.5,24.3899993896484,23.5,276,0.23134953897736799,0.1371841155234657,0.6361111111111111,1.2158590308370043,42.33935018050541,0.29235228919771505
4369,3.13000011444092,3.13000011444092,0.0,0.0,0.0,3.09999990463257,0.0099999997764825,0,0,177,855,2704,1.0,385.0,408.0,62.5,24.3899993896484,23.5,177,0.1713455953533398,0.0,0.59375,0.4585492227979275,24.54494382022472,0.6187643020594966
6132,4.40000009536743,4.40000009536743,0.0,0.0,0.0,3.57999992370605,0.0,0,0,184,1256,2975,1.0,433.0,463.0,62.5,24.3899993896484,23.5,184,0.12768910478834142,0.0,0.8722222222222222,0.423963133640553,33.14594594594595,0.48508071090820154
5862,4.19999980926514,4.19999980926514,0.0,0.0,0.0,4.15000009536743,0.0,0,0,263,775,3089,1.0,364.0,402.0,62.5,24.3899993896484,23.5,263,0.2531280076997113,0.0,0.5381944444444444,0.7205479452054795,22.204545454545453,0.5268633805219171
4556,3.26999998092651,3.26999998092651,0.0,0.200000002980232,0.119999997317791,2.94000005722046,0.0,3,5,173,1225,2785,1.0,433.0,463.0,62.5,24.3899993896484,23.5,181,0.12864250177683015,0.016483516483516484,0.8506944444444444,0.41705069124423966,25.032967032967033,0.6111476848804038
5546,3.98000001907349,3.98000001907349,0.0,0.0,0.0,3.86999988555908,0.0399999991059303,0,0,206,774,2926,1.0,442.0,494.0,62.5,24.3899993896484,23.5,206,0.20998980632008155,0.0,0.5375,0.4650112866817156,26.792270531400966,0.5274923382008293
3689,2.65000009536743,2.65000009536743,0.0,0.109999999403954,0.170000001788139,2.32999992370605,0.0,2,8,134,1296,2645,1.0,433.0,463.0,62.5,24.3899993896484,23.5,144,0.09993060374739764,0.013793103448275862,0.9,0.3317972350230415,25.44137931034483,0.7168021680216802
590,0.419999986886978,0.419999986886978,0.0,0.0,0.0,0.409999996423721,0.0,0,0,21,721,1120,1.0,433.0,463.0,62.5,24.3899993896484,23.5,21,0.02826379542395693,0.0,0.5006944444444444,0.04838709677419355,26.818181818181817,1.895093062605753
5394,4.03000020980835,4.03000020980835,0.0,0.0,0.0,3.94000005722046,0.0,0,0,164,1276,2286,1.0,433.0,463.0,62.5,24.3899993896484,23.5,164,0.11380985426786953,0.0,0.8861111111111111,0.3778801843317972,32.69090909090909,0.423725671918443
5974,4.46999979019165,4.46999979019165,0.0,0.0,0.0,4.36999988555908,0.0,0,0,160,1280,2306,1.0,433.0,463.0,62.5,24.3899993896484,23.5,160,0.11103400416377515,0.0,0.8888888888888888,0.3686635944700461,37.1055900621118,0.38594142259414227
0,0.0,0.0,0.0,0.0,0.0,0.0,0.0,0,0,0,1440,1776,1.0,433.0,463.0,62.5,24.3899993896484,23.5,0,0.0,0.0,1.0,0.0,0.0,1776.0
3984,2.95000004768372,2.95000004768372,0.0,0.209999993443489,0.259999990463257,2.44000005722046,0.0,3,6,88,873,1527,1.0,433.0,463.0,62.5,24.3899993896484,23.5,97,0.09989701338825953,0.030612244897959183,0.60625,0.22350230414746544,40.6530612244898,0.38318695106649936
7753,5.19999980926514,5.19999980926514,0.0,0.0,0.0,0.0,0.0,0,0,0,1440,2115,1.0,433.0,463.0,62.5,24.3899993896484,23.5,0,0.0,0.0,1.0,0.0,7753.0,0.2727624451895796
8204,5.5,5.5,0.0,0.529999971389771,0.589999973773956,1.30999994277954,0.0,8,15,96,1234,2135,1.0,433.0,463.0,62.5,24.3899993896484,23.5,119,0.0878877400295421,0.06666666666666667,0.8569444444444444,0.27419354838709675,68.36666666666666,0.26020719073735527
10210,6.88000011444092,6.88000011444092,0.0,0.109999999403954,0.330000013113022,6.44000005722046,0.0,1,9,339,589,2302,1.0,535.0,557.0,62.5,24.3899993896484,23.5,349,0.37167199148029817,0.002857142857142857,0.40902777777777777,0.6511194029850746,29.17142857142857,0.22544314954460876
5664,3.79999995231628,3.79999995231628,0.0,0.0,0.0,3.79999995231628,0.0,0,0,228,752,1985,1.0,465.0,491.0,62.5,24.3899993896484,23.5,228,0.2324159021406728,0.0,0.5222222222222223,0.4892703862660944,24.733624454148472,0.3503971756398941
4744,3.1800000667572,3.1800000667572,0.0,0.0,0.0,3.1800000667572,0.0,0,0,194,724,1884,1.0,506.0,522.0,62.5,24.3899993896484,23.5,194,0.21109902067464636,0.0,0.5027777777777778,0.3826429980276134,24.328205128205127,0.3970495258166491
29,0.0199999995529652,0.0199999995529652,0.0,0.0,0.0,0.0199999995529652,0.0,0,0,3,1363,1464,1.0,433.0,463.0,72.4000015258789,27.4500007629395,25.0,3,0.0021945866861741038,0.0,0.9465277777777777,0.0069124423963133645,7.25,48.8
2276,1.54999995231628,1.54999995231628,0.0,0.0700000002980232,0.330000013113022,1.12000000476837,0.0,1,9,58,824,1632,1.0,515.0,551.0,62.5,24.3899993896484,23.5,68,0.0761478163493841,0.014492753623188406,0.5722222222222222,0.13178294573643412,32.98550724637681,0.7167325428194994
8925,5.98999977111816,5.98999977111816,0.0,0.0,0.0,5.98999977111816,0.0,0,0,311,604,2200,2.0,461.0,498.0,62.5,24.3899993896484,23.5,311,0.3395196506550218,0.0,0.41944444444444445,0.6731601731601732,28.60576923076923,0.24647098364328926
8954,6.01000022888184,6.01000022888184,0.0,0.0,0.680000007152557,5.30999994277954,0.0,0,18,306,671,2220,1.0,523.0,543.0,62.5,24.3899993896484,23.5,324,0.3253012048192771,0.0,0.46597222222222223,0.6183206106870229,27.55076923076923,0.24790619765494137
3702,2.48000001907349,2.48000001907349,0.0,0.0,0.0,0.349999994039536,0.0,0,0,34,1265,1792,1.0,59.0,65.0,62.5,24.3899993896484,23.5,34,0.026153846153846153,0.0,0.8784722222222222,0.5666666666666667,105.77142857142857,0.4839319470699433
4500,3.01999998092651,3.01999998092651,0.0,0.0599999986588955,0.810000002384186,2.15000009536743,0.0,1,19,176,709,1886,1.0,533.0,550.0,62.5,24.3899993896484,23.5,196,0.2163355408388521,0.005076142131979695,0.49236111111111114,0.36704119850187267,22.84263959390863,0.4190179960008887
4935,3.30999994277954,3.30999994277954,0.0,0.0,0.0,3.30999994277954,0.0,0,0,233,546,1945,1.0,692.0,722.0,62.5,24.3899993896484,23.5,233,0.2987179487179487,0.0,0.37916666666666665,0.3362193362193362,21.08974358974359,0.39404376012965964
4081,2.74000000953674,2.74000000953674,0.0,0.0599999986588955,0.200000002980232,2.47000002861023,0.0,1,5,191,692,1880,1.0,467.0,501.0,62.5,24.3899993896484,23.5,197,0.22134831460674156,0.005050505050505051,0.48055555555555557,0.42094017094017094,20.61111111111111,0.46055854973052424
9259,6.21000003814697,6.21000003814697,0.0,0.0,0.280000001192093,5.92999982833862,0.0,0,8,390,544,2314,1.0,488.0,506.0,62.5,24.3899993896484,23.5,398,0.4220572640509014,0.0,0.37777777777777777,0.8139059304703476,23.205513784461154,0.24989200863930885
9899,6.6399998664856,6.6399998664856,0.0,0.569999992847443,0.920000016689301,5.15000009536743,0.0,8,21,288,649,2236,1.0,505.0,516.0,62.5,24.3899993896484,23.5,317,0.327817993795243,0.025157232704402517,0.45069444444444445,0.6264822134387352,31.128930817610062,0.22585858585858587
10780,7.23000001907349,7.23000001907349,0.0,0.409999996423721,1.91999995708466,4.90999984741211,0.0,6,47,300,680,2324,1.0,286.0,307.0,62.5,24.3899993896484,23.5,353,0.3413926499032882,0.01694915254237288,0.4722222222222222,1.2299651567944252,30.451977401129945,0.2155644188850756
10817,7.28000020980835,7.28000020980835,0.0,1.00999999046326,0.330000013113022,5.94000005722046,0.0,13,8,359,552,2367,1.0,497.0,522.0,62.5,24.3899993896484,23.5,380,0.40728831725616294,0.03412073490813648,0.38333333333333336,0.7630522088353414,28.391076115485564,0.21880199667221298
7990,5.3600001335144,5.3600001335144,0.0,0.449999988079071,0.790000021457672,4.11999988555908,0.0,6,18,289,624,2175,1.0,523.0,546.0,62.5,24.3899993896484,23.5,313,0.3336886993603412,0.01910828025477707,0.43333333333333335,0.5973282442748091,25.445859872611464,0.27218120385433614
8221,5.51999998092651,5.51999998092651,0.0,0.400000005960464,1.61000001430511,3.50999999046326,0.0,6,38,196,695,2092,1.0,490.0,516.0,62.5,24.3899993896484,23.5,240,0.2564102564102564,0.024896265560165973,0.4826388888888889,0.48879837067209775,34.11203319502075,0.2544393091705181
1251,0.839999973773956,0.839999973773956,0.0,0.0,0.0,0.839999973773956,0.0,0,0,67,836,1593,1.0,484.0,500.0,62.5,24.3899993896484,23.5,67,0.07411504424778761,0.0,0.5805555555555556,0.13814432989690723,18.397058823529413,1.2723642172523961
9261,6.23999977111816,6.23999977111816,0.0,0.0,0.439999997615814,5.71000003814697,0.0,0,11,344,585,2270,1.0,478.0,506.0,62.5,24.3899993896484,23.5,355,0.37725823591923485,0.0,0.40625,0.7411273486430062,26.014044943820224,0.24508745411358238
9648,6.46999979019165,6.46999979019165,0.0,0.579999983310699,1.07000005245209,4.82999992370605,0.0,8,26,287,669,2235,1.0,474.0,512.0,62.5,24.3899993896484,23.5,321,0.3239152371342079,0.024844720496894408,0.46458333333333335,0.6757894736842105,29.96273291925466,0.23163022074826406
10429,7.01999998092651,7.01999998092651,0.0,0.589999973773956,0.579999983310699,5.84999990463257,0.0,8,13,313,1106,2282,1.0,433.0,463.0,72.3000030517578,27.3799991607666,23.5,334,0.23178348369188065,0.023880597014925373,0.7680555555555556,0.7695852534562212,31.13134328358209,0.21879194630872484
13658,9.48999977111816,9.48999977111816,0.0,2.63000011444092,1.4099999666214,5.44999980926514,0.0,27,34,328,957,2530,1.0,433.0,463.0,62.5,24.3899993896484,23.5,389,0.28878990348923533,0.06923076923076923,0.6645833333333333,0.8963133640552995,35.02051282051282,0.18522585840837544
9524,6.42000007629395,6.42000007629395,0.0,0.409999996423721,0.469999998807907,5.46000003814697,0.0,6,11,314,692,2266,1.0,450.0,491.0,62.5,24.3899993896484,23.5,331,0.3232421875,0.018072289156626505,0.48055555555555557,0.7339246119733924,28.686746987951807,0.2379002624671916
7937,5.32999992370605,5.32999992370605,0.0,0.189999997615814,1.04999995231628,4.07999992370605,0.0,3,28,279,586,2158,1.0,507.0,530.0,62.5,24.3899993896484,23.5,310,0.3455964325529543,0.00964630225080386,0.40694444444444444,0.610236220472441,25.520900321543408,0.27185689090450993
3672,2.46000003814697,2.46000003814697,0.0,0.0,0.0,2.46000003814697,0.0,0,0,153,603,1792,1.0,602.0,638.0,62.5,24.3899993896484,23.5,153,0.202113606340819,0.0,0.41875,0.2537313432835821,23.844155844155843,0.48788456302749794
10378,6.96000003814697,6.96000003814697,0.0,0.140000000596046,0.560000002384186,6.25,0.0,2,14,374,490,2345,1.0,535.0,565.0,62.5,24.3899993896484,23.5,390,0.4426787741203178,0.005115089514066497,0.3402777777777778,0.7276119402985075,26.542199488491047,0.2259369881491473
9487,6.36999988555908,6.36999988555908,0.0,0.209999993443489,0.46000000834465,5.69999980926514,0.0,3,12,329,555,2260,1.0,487.0,517.0,62.5,24.3899993896484,23.5,344,0.38222222222222224,0.008695652173913044,0.3854166666666667,0.7049180327868853,27.49855072463768,0.2381956155143339
9129,6.13000011444092,6.13000011444092,0.0,0.200000002980232,0.740000009536743,5.17999982833862,0.0,3,18,311,574,2232,1.0,529.0,558.0,62.5,24.3899993896484,23.5,332,0.36604189636163176,0.009009009009009009,0.39861111111111114,0.6264150943396226,27.414414414414413,0.24446878422782037
17,0.0099999997764825,0.0099999997764825,0.0,0.0,0.0,0.0099999997764825,0.0,0,0,2,0,257,1.0,302.0,321.0,62.5,24.3899993896484,23.5,2,0.6666666666666666,0.0,0.0,0.006600660066006601,5.666666666666667,14.277777777777779
10122,7.78000020980835,7.78000020980835,0.0,0.0,0.0,0.0,0.0,0,0,0,1440,2955,1.0,433.0,463.0,62.5,24.3899993896484,23.5,0,0.0,0.0,1.0,0.0,10122.0,0.2919095129902203
10993,8.44999980926514,8.44999980926514,0.0,0.0599999986588955,0.629999995231628,3.88000011444092,0.0,1,14,150,1275,3092,1.0,433.0,463.0,62.5,24.3899993896484,23.5,165,0.11450381679389313,0.006024096385542169,0.8854166666666666,0.38018433179723504,66.22289156626506,0.28124431508095327
8863,6.82000017166138,6.82000017166138,0.0,0.129999995231628,1.07000005245209,5.61999988555908,0.0,10,35,219,945,2998,1.0,433.0,463.0,62.5,24.3899993896484,23.5,264,0.21818181818181817,0.03773584905660377,0.65625,0.6082949308755761,33.445283018867926,0.3382220216606498
8758,6.73000001907349,6.73000001907349,0.0,0.0,0.0,6.73000001907349,0.0,0,0,299,837,3066,1.0,499.0,526.0,62.5,24.3899993896484,23.5,299,0.26297273526824977,0.0,0.58125,0.598,29.19333333333333,0.35003995889941775
6580,5.05999994277954,5.05999994277954,0.0,0.209999993443489,0.400000005960464,4.44999980926514,0.0,6,9,253,609,3073,2.0,426.0,448.0,62.5,24.3899993896484,23.5,268,0.3052391799544419,0.022304832713754646,0.42291666666666666,0.6276346604215457,24.460966542750928,0.46695031150281113
4660,3.57999992370605,3.57999992370605,0.0,0.0,0.0,3.57999992370605,0.0,0,0,201,721,2572,2.0,619.0,641.0,62.5,24.3899993896484,23.5,201,0.21776814734561215,0.0,0.5006944444444444,0.3241935483870968,23.06930693069307,0.5518129156833298
11009,9.10000038146973,9.10000038146973,0.0,3.55999994277954,0.400000005960464,5.1399998664856,0.0,27,8,239,1017,3274,1.0,99.0,104.0,62.5,24.3899993896484,23.5,274,0.21207430340557276,0.09818181818181818,0.70625,2.74,40.03272727272727,0.29736603088101726
10181,7.82999992370605,7.82999992370605,0.0,1.37000000476837,0.689999997615814,5.76999998092651,0.0,20,16,249,704,3015,1.0,329.0,338.0,62.5,24.3899993896484,23.5,285,0.2878787878787879,0.06993006993006994,0.4888888888888889,0.8636363636363636,35.5979020979021,0.2961107837360047
10553,8.11999988555908,8.11999988555908,0.0,1.10000002384186,1.72000002861023,5.28999996185303,0.0,19,42,228,696,3083,1.0,421.0,451.0,62.5,24.3899993896484,23.5,289,0.29310344827586204,0.06551724137931035,0.48333333333333334,0.6848341232227488,36.389655172413796,0.29211673299223045
10055,7.73000001907349,7.73000001907349,0.0,0.370000004768372,0.389999985694885,6.98000001907349,0.0,7,12,272,853,3069,1.0,442.0,458.0,62.5,24.3899993896484,23.5,291,0.2541484716157205,0.023972602739726026,0.5923611111111111,0.6568848758465011,34.43493150684932,0.3051909307875895
12139,9.34000015258789,9.34000015258789,0.0,3.29999995231628,1.11000001430511,4.92000007629395,0.0,77,25,220,945,3544,1.0,82.0,85.0,62.5,24.3899993896484,23.5,322,0.2539432176656151,0.23839009287925697,0.65625,3.8795180722891565,37.582043343653254,0.29192751235584846
13236,10.1800003051758,10.1800003051758,0.0,4.5,0.319999992847443,5.34999990463257,0.0,58,5,215,749,3306,1.0,478.0,501.0,62.5,24.3899993896484,23.5,278,0.2704280155642023,0.2078853046594982,0.5201388888888889,0.5803757828810021,47.44086021505376,0.24975447608974843
10243,7.88000011444092,7.88000011444092,0.0,1.08000004291534,0.509999990463257,6.30000019073486,0.0,14,8,239,584,2885,3.0,552.0,595.0,62.5,24.3899993896484,23.5,261,0.30851063829787234,0.05343511450381679,0.40555555555555556,0.4719710669077758,39.095419847328245,0.2816282702069504
12961,9.97000026702881,9.97000026702881,0.0,0.730000019073486,1.39999997615814,7.84000015258789,0.0,11,31,301,1054,3288,1.0,433.0,463.0,62.5,24.3899993896484,23.5,343,0.2453505007153076,0.03197674418604651,0.7319444444444444,0.7903225806451613,37.67732558139535,0.2536645579385897
9461,7.28000020980835,7.28000020980835,0.0,0.939999997615814,1.05999994277954,5.26999998092651,0.0,14,23,224,673,2929,1.0,319.0,346.0,62.5,24.3899993896484,23.5,261,0.279144385026738,0.05343511450381679,0.4673611111111111,0.815625,36.11068702290076,0.30955400549566686
11193,8.60999965667725,8.60999965667725,0.0,0.699999988079071,2.50999999046326,5.3899998664856,0.0,11,48,241,684,3074,1.0,439.0,500.0,62.5,24.3899993896484,23.5,300,0.30456852791878175,0.036544850498338874,0.475,0.6818181818181818,37.18604651162791,0.27461139896373055
10074,7.75,7.75,0.0,1.28999996185303,0.430000007152557,6.03000020980835,0.0,19,9,234,878,2969,1.0,428.0,458.0,62.5,24.3899993896484,23.5,262,0.22962313759859773,0.07224334600760456,0.6097222222222223,0.6107226107226107,38.3041825095057,0.29468982630272955
9232,7.09999990463257,7.09999990463257,0.0,0.800000011920929,0.889999985694885,5.42000007629395,0.0,13,16,236,1175,2979,1.0,433.0,463.0,62.5,24.3899993896484,23.5,265,0.1839000693962526,0.04887218045112782,0.8159722222222222,0.6105990783410138,34.70676691729323,0.32264702696848263
12533,9.64000034332275,9.64000034332275,0.0,0.699999988079071,2.0,6.94000005722046,0.0,14,43,300,537,3283,2.0,409.0,430.0,62.5,24.3899993896484,23.5,357,0.39888268156424583,0.03910614525139665,0.3729166666666667,0.8707317073170732,35.00837988826816,0.26192755704483806
10255,7.8899998664856,7.8899998664856,0.0,1.00999999046326,0.680000007152557,6.19999980926514,0.0,12,15,241,579,2926,1.0,547.0,597.0,62.5,24.3899993896484,23.5,268,0.3160377358490566,0.04460966542750929,0.40208333333333335,0.48905109489051096,38.12267657992565,0.28529641185647425
10096,8.39999961853027,8.39999961853027,0.0,3.76999998092651,0.0799999982118607,4.55000019073486,0.0,33,4,204,935,3147,2.0,368.0,376.0,62.5,24.3899993896484,23.5,241,0.20475785896346643,0.13636363636363635,0.6493055555555556,0.6531165311653117,41.71900826446281,0.3116767356640586
12727,9.78999996185303,9.78999996185303,0.0,1.12999999523163,0.779999971389771,7.88000011444092,0.0,18,18,306,984,3290,1.0,433.0,463.0,62.5,24.3899993896484,23.5,342,0.25772418990203466,0.052478134110787174,0.6833333333333333,0.7880184331797235,37.10495626822158,0.258485229415462
12375,9.52000045776367,9.52000045776367,0.0,2.78999996185303,0.930000007152557,5.80000019073486,0.0,35,21,251,632,3162,1.0,390.0,414.0,62.5,24.3899993896484,23.5,307,0.32659574468085106,0.11363636363636363,0.4388888888888889,0.7851662404092071,40.17857142857143,0.2554945054945055
9603,7.38000011444092,7.38000011444092,0.0,0.629999995231628,1.66999995708466,5.09000015258789,0.0,12,39,199,896,2899,1.0,471.0,495.0,62.5,24.3899993896484,23.5,250,0.21795989537925023,0.04780876494023904,0.6222222222222222,0.5296610169491526,38.2589641434263,0.30185339441899206
9603,7.38000011444092,7.38000011444092,0.0,0.629999995231628,1.66999995708466,5.09000015258789,0.0,12,39,199,896,2899,1.0,471.0,495.0,62.5,24.3899993896484,23.5,250,0.21795989537925023,0.04780876494023904,0.6222222222222222,0.5296610169491526,38.2589641434263,0.30185339441899206
13175,10.1300001144409,10.1300001144409,0.0,2.10999989509583,2.08999991416931,5.92999982833862,0.0,33,45,262,1100,3425,1.0,433.0,463.0,62.5,24.3899993896484,23.5,340,0.2359472588480222,0.0967741935483871,0.7638888888888888,0.783410138248848,38.63636363636363,0.2599423193685489
22770,17.5400009155273,17.5400009155273,0.0,9.44999980926514,2.76999998092651,5.32999992370605,0.0,120,56,260,508,4022,1.0,472.0,496.0,62.5,24.3899993896484,23.5,436,0.4613756613756614,0.2745995423340961,0.3527777777777778,0.9217758985200846,52.10526315789474,0.17662816740591103
17298,14.3800001144409,14.3800001144409,0.0,9.89000034332275,1.25999999046326,3.23000001907349,0.0,107,38,178,576,3934,2.0,529.0,541.0,62.5,24.3899993896484,23.5,323,0.35888888888888887,0.33024691358024694,0.4,0.6094339622641509,53.388888888888886,0.22741198913231978
10218,7.8600001335144,7.8600001335144,0.0,0.340000003576279,0.730000019073486,6.78999996185303,0.0,6,19,258,1020,3013,1.0,62.0,65.0,62.5,24.3899993896484,23.5,283,0.2170245398773006,0.02112676056338028,0.7083333333333334,4.492063492063492,35.978873239436616,0.29484293962227226
10299,7.92000007629395,7.92000007629395,0.0,0.810000002384186,0.649999976158142,6.46000003814697,0.0,13,14,267,648,3061,1.0,354.0,375.0,62.5,24.3899993896484,23.5,294,0.3117709437963945,0.04406779661016949,0.45,0.828169014084507,34.911864406779664,0.29718446601941745
10201,7.84000015258789,7.84000015258789,0.0,0.529999971389771,0.790000021457672,6.53000020980835,0.0,8,18,256,858,2954,1.0,469.0,494.0,62.5,24.3899993896484,23.5,282,0.24715162138475022,0.028268551236749116,0.5958333333333333,0.6,36.04593639575972,0.28955106841795725
3369,2.58999991416931,2.58999991416931,0.0,0.0,0.0,2.58999991416931,0.0,0,0,108,825,1623,1.0,433.0,463.0,62.5,24.3899993896484,23.5,108,0.11563169164882227,0.0,0.5729166666666666,0.2488479262672811,30.908256880733944,0.48160237388724036
3276,2.20000004768372,2.20000004768372,0.0,0.0,0.0,2.20000004768372,0.0,0,0,196,787,2113,2.0,429.0,457.0,62.5,24.3899993896484,23.5,196,0.1991869918699187,0.0,0.5465277777777777,0.4558139534883721,16.629441624365484,0.644797070491303
2961,1.99000000953674,1.99000000953674,0.0,0.0,0.0,1.99000000953674,0.0,0,0,194,840,2095,2.0,370.0,406.0,62.5,24.3899993896484,23.5,194,0.18743961352657004,0.0,0.5833333333333334,0.522911051212938,15.184615384615384,0.7072923700202566
3974,2.67000007629395,2.67000007629395,0.0,0.0,0.0,2.67000007629395,0.0,0,0,231,717,2194,1.0,441.0,492.0,62.5,24.3899993896484,23.5,231,0.2434141201264489,0.0,0.4979166666666667,0.5226244343891403,17.129310344827587,0.5519496855345912
7198,4.82999992370605,4.82999992370605,0.0,0.0,0.0,4.82999992370605,0.0,0,0,350,711,2496,2.0,337.0,379.0,62.5,24.3899993896484,23.5,350,0.3295668549905838,0.0,0.49375,1.0355029585798816,20.507122507122507,0.34671482150298655
3945,2.65000009536743,2.65000009536743,0.0,0.0,0.0,2.65000009536743,0.0,0,0,225,716,2180,1.0,462.0,499.0,62.5,24.3899993896484,23.5,225,0.23885350318471338,0.0,0.49722222222222223,0.48596112311015116,17.45575221238938,0.5524581855043081
2268,1.51999998092651,1.51999998092651,0.0,0.0,0.0,1.51999998092651,0.0,0,0,114,1219,1933,1.0,98.0,107.0,62.5,24.3899993896484,23.5,114,0.08545727136431784,0.0,0.8465277777777778,1.1515151515151516,19.721739130434784,0.8519171441163508
6155,4.23999977111816,4.23999977111816,0.0,2.0,0.28999999165535,1.95000004768372,0.0,25,6,162,1247,2248,1.0,433.0,463.0,62.5,24.3899993896484,23.5,193,0.1339347675225538,0.12886597938144329,0.8659722222222223,0.4447004608294931,31.72680412371134,0.3651721897335932
2064,1.38999998569489,1.38999998569489,0.0,0.0,0.0,1.38999998569489,0.0,0,0,121,895,1954,2.0,388.0,424.0,62.5,24.3899993896484,23.5,121,0.11897738446411013,0.0,0.6215277777777778,0.3110539845758355,16.918032786885245,0.9462469733656175
2072,1.38999998569489,1.38999998569489,0.0,0.0,0.0,1.38999998569489,0.0,0,0,137,841,1974,1.0,439.0,462.0,62.5,24.3899993896484,23.5,137,0.13993871297242083,0.0,0.5840277777777778,0.31136363636363634,15.014492753623188,0.9522431259044862
3809,2.55999994277954,2.55999994277954,0.0,0.0,0.0,2.53999996185303,0.0,0,0,215,756,2150,1.0,436.0,469.0,62.5,24.3899993896484,23.5,215,0.22119341563786007,0.0,0.525,0.4919908466819222,17.63425925925926,0.5643044619422573
6831,4.57999992370605,4.57999992370605,0.0,0.0,0.0,4.57999992370605,0.0,0,0,317,706,2432,1.0,388.0,417.0,62.5,24.3899993896484,23.5,317,0.3095703125,0.0,0.49027777777777776,0.8149100257069408,21.4811320754717,0.3559718969555035
4363,2.9300000667572,2.9300000667572,0.0,0.0,0.0,2.9300000667572,0.0,0,0,201,1239,2149,1.0,433.0,463.0,62.5,24.3899993896484,23.5,201,0.13948646773074255,0.0,0.8604166666666667,0.4631336405529954,21.599009900990097,0.49243813015582033
5002,3.35999989509583,3.35999989509583,0.0,0.0,0.0,3.35999989509583,0.0,0,0,244,1196,2247,1.0,433.0,463.0,62.5,24.3899993896484,23.5,244,0.1693268563497571,0.0,0.8305555555555556,0.5622119815668203,20.416326530612245,0.4491305216869878
3385,2.26999998092651,2.26999998092651,0.0,0.0,0.0,2.26999998092651,0.0,0,0,179,916,2070,1.0,328.0,345.0,62.5,24.3899993896484,23.5,179,0.1633211678832117,0.0,0.6361111111111111,0.5440729483282675,18.805555555555557,0.6113408151210868
6326,4.40999984741211,4.40999984741211,0.0,2.41000008583069,0.0399999991059303,1.96000003814697,0.0,29,1,180,839,2291,2.0,353.0,391.0,62.5,24.3899993896484,23.5,210,0.2,0.13744075829383887,0.5826388888888889,0.5932203389830508,29.981042654028435,0.36209894104630946
7243,5.03000020980835,5.03000020980835,0.0,2.61999988555908,0.0299999993294477,2.38000011444092,0.0,32,1,194,839,2361,1.0,332.0,374.0,62.5,24.3899993896484,23.5,227,0.21274601686972822,0.14035087719298245,0.5826388888888889,0.6816816816816816,31.767543859649123,0.3259249033683048
4493,3.00999999046326,3.00999999046326,0.0,0.0,0.0,3.00999999046326,0.0,0,0,236,762,2203,1.0,419.0,442.0,62.5,24.3899993896484,23.5,236,0.23623623623623624,0.0,0.5291666666666667,0.5619047619047619,18.957805907172997,0.4902091677792612
4676,3.14000010490417,3.14000010490417,0.0,0.0,0.0,3.13000011444092,0.0,0,0,226,1106,2196,1.0,106.0,108.0,62.5,24.3899993896484,23.5,226,0.1695423855963991,0.0,0.7680555555555556,2.1121495327102804,20.599118942731277,0.46953175112251444
6222,4.17999982833862,4.17999982833862,0.0,0.0,0.0,4.17999982833862,0.0,0,0,290,797,2363,1.0,322.0,353.0,62.5,24.3899993896484,23.5,290,0.2665441176470588,0.0,0.5534722222222223,0.8978328173374613,21.38144329896907,0.3797203920938454
5232,3.50999999046326,3.50999999046326,0.0,0.0,0.0,3.50999999046326,0.0,0,0,240,741,2246,2.0,439.0,459.0,62.5,24.3899993896484,23.5,240,0.24439918533604887,0.0,0.5145833333333333,0.5454545454545454,21.70954356846473,0.42919931205809286
6910,4.75,4.75,0.0,2.21000003814697,0.189999997615814,2.34999990463257,0.0,27,4,200,667,2336,1.0,502.0,542.0,62.5,24.3899993896484,23.5,231,0.25695216907675195,0.11637931034482758,0.46319444444444446,0.4592445328031809,29.78448275862069,0.3380118651425264
7502,5.17999982833862,5.17999982833862,0.0,2.48000001907349,0.109999999403954,2.57999992370605,0.0,30,2,233,725,2421,2.0,417.0,450.0,62.5,24.3899993896484,23.5,265,0.2674066599394551,0.11278195488721804,0.5034722222222222,0.6339712918660287,28.203007518796994,0.32267093162734906
2923,1.96000003814697,1.96000003814697,0.0,0.0,0.0,1.96000003814697,0.0,0,0,180,897,2070,2.0,337.0,363.0,62.5,24.3899993896484,23.5,180,0.16697588126159554,0.0,0.6229166666666667,0.5325443786982249,16.14917127071823,0.7079343365253078
3800,2.54999995231628,2.54999995231628,0.0,0.119999997317791,0.239999994635582,2.1800000667572,0.0,2,6,185,734,2120,2.0,462.0,513.0,62.5,24.3899993896484,23.5,193,0.20797413793103448,0.010309278350515464,0.5097222222222222,0.4168466522678186,19.587628865979383,0.5577479610628782
4514,3.02999997138977,3.02999997138977,0.0,0.0,0.0,3.02999997138977,0.0,0,0,229,809,2211,2.0,374.0,402.0,62.5,24.3899993896484,23.5,229,0.22040423484119345,0.0,0.5618055555555556,0.6106666666666667,19.62608695652174,0.48970099667774086
5183,3.58999991416931,3.58999991416931,0.0,2.13000011444092,0.189999997615814,1.25,0.0,26,4,108,866,2123,2.0,401.0,436.0,62.5,24.3899993896484,23.5,138,0.1373134328358209,0.18705035971223022,0.6013888888888889,0.34328358208955223,37.28776978417266,0.4095293209876543
7303,4.90000009536743,4.90000009536743,0.0,0.0,0.25,4.65000009536743,0.0,0,8,308,733,2423,1.0,361.0,391.0,62.5,24.3899993896484,23.5,316,0.30095238095238097,0.0,0.5090277777777777,0.8729281767955801,23.037854889589905,0.33173603504928806
5275,3.53999996185303,3.53999996185303,0.0,0.0,0.0,3.53999996185303,0.0,0,0,266,641,2281,1.0,457.0,533.0,62.5,24.3899993896484,23.5,266,0.29295154185022027,0.0,0.44513888888888886,0.5807860262008734,19.756554307116104,0.43233510235026534
3915,2.63000011444092,2.63000011444092,0.0,0.0,0.0,2.63000011444092,0.0,0,0,231,783,2181,1.0,405.0,426.0,62.5,24.3899993896484,23.5,231,0.22758620689655173,0.0,0.54375,0.5689655172413793,16.875,0.5569458631256384
9105,6.1100001335144,6.1100001335144,0.0,2.25,1.0,2.85999989509583,0.0,34,22,232,622,2499,1.0,499.0,530.0,62.5,24.3899993896484,23.5,288,0.31613611416026344,0.11764705882352941,0.43194444444444446,0.576,31.505190311418684,0.2744344388315396
768,0.519999980926514,0.519999980926514,0.0,0.0,0.0,0.519999980926514,0.0,0,0,58,380,1212,1.0,483.0,501.0,62.5,24.3899993896484,23.5,58,0.13211845102505695,0.0,0.2638888888888889,0.11983471074380166,13.016949152542374,1.576072821846554
5135,3.39000010490417,3.39000010490417,0.0,0.0,0.0,3.39000010490417,0.0,0,0,318,1122,1909,1.0,433.0,463.0,62.5,24.3899993896484,23.5,318,0.22068008327550312,0.0,0.7791666666666667,0.7327188940092166,16.09717868338558,0.371690031152648
4978,3.28999996185303,3.28999996185303,0.0,1.24000000953674,0.439999997615814,1.61000001430511,0.0,19,7,127,1287,1722,1.0,433.0,463.0,62.5,24.3899993896484,23.5,153,0.10617626648161,0.12337662337662338,0.89375,0.35253456221198154,32.324675324675326,0.345852580839526
6799,4.48999977111816,4.48999977111816,0.0,0.0,0.0,4.48999977111816,0.0,0,0,279,1161,1922,1.0,433.0,463.0,62.5,24.3899993896484,23.5,279,0.19361554476058293,0.0,0.80625,0.6428571428571429,24.28214285714286,0.2826470588235294
7795,5.15000009536743,5.15000009536743,0.0,0.589999973773956,0.839999973773956,3.73000001907349,0.0,17,30,262,1131,2121,1.0,433.0,463.0,62.5,24.3899993896484,23.5,309,0.21443442054129078,0.054838709677419356,0.7854166666666667,0.7119815668202765,25.14516129032258,0.27206259620318113
7289,4.82000017166138,4.82000017166138,0.0,0.550000011920929,0.75,3.5,0.0,8,12,308,1112,1997,1.0,433.0,463.0,62.5,24.3899993896484,23.5,328,0.22761970853573907,0.0243161094224924,0.7722222222222223,0.7557603686635944,22.15501519756839,0.27393689986282577
9634,6.40000009536743,6.40000009536743,0.0,0.550000011920929,1.13999998569489,4.71000003814697,0.0,7,19,304,1110,2117,1.0,433.0,463.0,62.5,24.3899993896484,23.5,330,0.22900763358778625,0.021148036253776436,0.7708333333333334,0.7603686635944701,29.10574018126888,0.21971977166580176
8940,5.90999984741211,5.90999984741211,0.0,0.980000019073486,0.930000007152557,4.0,0.0,14,15,331,1080,2116,1.0,433.0,463.0,69.6999969482422,27.25,23.5,360,0.2498265093684941,0.038781163434903045,0.75,0.8294930875576036,24.764542936288088,0.23666256570853372
5401,3.5699999332428,3.5699999332428,0.0,0.0500000007450581,0.360000014305115,3.16000008583069,0.0,1,9,248,1182,1876,1.0,433.0,463.0,62.5,24.3899993896484,23.5,258,0.17904233171408743,0.003861003861003861,0.8208333333333333,0.5944700460829493,20.853281853281853,0.34727878563495
4803,3.17000007629395,3.17000007629395,0.0,0.0,0.0,3.17000007629395,0.0,0,0,222,1218,1788,1.0,433.0,463.0,62.5,24.3899993896484,23.5,222,0.15405968077723803,0.0,0.8458333333333333,0.511520737327189,21.53811659192825,0.37218984179850123
13743,9.07999992370605,9.07999992370605,0.0,0.419999986886978,0.970000028610229,7.69999980926514,0.0,6,21,432,844,2486,1.0,126.0,137.0,62.5,24.3899993896484,23.5,459,0.35199386503067487,0.013043478260869565,0.5861111111111111,3.6141732283464565,29.87608695652174,0.1808789289871944
9601,6.34999990463257,6.34999990463257,0.0,1.37000000476837,1.5,3.47000002861023,0.0,20,25,273,1122,2094,1.0,433.0,463.0,62.5,24.3899993896484,23.5,318,0.22068008327550312,0.06269592476489028,0.7791666666666667,0.7327188940092166,30.09717868338558,0.21807956675692564
6890,4.55000019073486,4.55000019073486,0.0,0.340000003576279,0.200000002980232,4.01000022888184,0.0,5,5,308,1122,2085,1.0,433.0,463.0,62.5,24.3899993896484,23.5,318,0.22068008327550312,0.01567398119122257,0.7791666666666667,0.7327188940092166,21.598746081504704,0.3025685676969961
8563,5.65999984741211,5.65999984741211,0.0,0.0,0.0,5.65000009536743,0.0,0,0,395,1045,2173,1.0,433.0,463.0,62.5,24.3899993896484,23.5,395,0.2741151977793199,0.0,0.7256944444444444,0.9101382488479263,21.623737373737374,0.2537365716954694
8095,5.34999990463257,5.34999990463257,0.0,0.589999973773956,0.25,4.51000022888184,0.0,18,10,340,993,2225,1.0,433.0,463.0,70.3000030517578,27.4599990844727,23.5,368,0.2701908957415565,0.04878048780487805,0.6895833333333333,0.847926267281106,21.937669376693766,0.2748270750988142
9148,6.05000019073486,6.05000019073486,0.0,0.430000007152557,2.02999997138977,3.58999991416931,0.0,12,41,283,1062,2223,1.0,103.0,121.0,62.5,24.3899993896484,23.5,336,0.24017155110793423,0.03560830860534125,0.7375,3.230769230769231,27.14540059347181,0.24297737457645643
9557,6.32000017166138,6.32000017166138,0.0,1.96000003814697,0.889999985694885,3.46000003814697,0.0,27,14,312,1087,2098,1.0,433.0,463.0,62.5,24.3899993896484,23.5,353,0.24496877168632894,0.07627118644067797,0.7548611111111111,0.8133640552995391,26.997175141242938,0.21950198786356978
9451,6.25,6.25,0.0,0.0199999995529652,0.270000010728836,5.94999980926514,0.0,1,11,367,985,2185,1.0,433.0,463.0,62.5,24.3899993896484,23.5,379,0.27765567765567767,0.002631578947368421,0.6840277777777778,0.8732718894009217,24.871052631578948,0.23116800677105376
7833,5.17999982833862,5.17999982833862,0.0,1.01999998092651,1.85000002384186,2.30999994277954,0.0,15,29,197,1096,1918,1.0,171.0,179.0,62.5,24.3899993896484,23.5,241,0.18011958146487295,0.06198347107438017,0.7611111111111111,1.4011627906976745,32.36776859504132,0.24483022721470513
10319,6.82000017166138,6.82000017166138,0.0,0.469999998807907,1.88999998569489,4.46000003814697,0.0,7,29,293,1111,2105,1.0,433.0,463.0,62.5,24.3899993896484,23.5,329,0.22831367106176267,0.021212121212121213,0.7715277777777778,0.7580645161290323,31.26969696969697,0.20397286821705427
3428,2.26999998092651,2.26999998092651,0.0,0.0,0.0,2.26999998092651,0.0,0,0,190,1121,1692,1.0,115.0,129.0,69.9000015258789,27.3199996948242,23.5,190,0.1448170731707317,0.0,0.7784722222222222,1.6379310344827587,17.94764397905759,0.49343832020997375
7891,5.21999979019165,5.21999979019165,0.0,0.0,0.0,5.21999979019165,0.0,0,0,383,1057,2066,1.0,433.0,463.0,69.1999969482422,27.0400009155273,23.5,383,0.26578764746703676,0.0,0.7340277777777777,0.8824884792626728,20.549479166666668,0.2617840851495185
5267,3.48000001907349,3.48000001907349,0.0,0.600000023841858,0.280000001192093,2.59999990463257,0.0,21,10,237,1172,1953,1.0,433.0,463.0,62.5,24.3899993896484,23.5,268,0.18598195697432338,0.07806691449814127,0.8138888888888889,0.6175115207373272,19.57992565055762,0.3707289293849658
5232,3.46000003814697,3.46000003814697,0.0,0.0,0.0,3.46000003814697,0.0,0,0,252,1188,1842,1.0,433.0,463.0,62.5,24.3899993896484,23.5,252,0.17487855655794587,0.0,0.825,0.5806451612903226,20.679841897233203,0.35199694248041274
10611,7.01000022888184,7.01000022888184,0.0,1.00999999046326,0.5,5.51000022888184,0.0,14,8,370,1048,2262,1.0,433.0,463.0,62.5,24.3899993896484,23.5,392,0.27203331020124916,0.035623409669211195,0.7277777777777777,0.9032258064516129,27.0,0.2131549189596683
3755,2.48000001907349,2.48000001907349,0.0,0.0,0.0,2.48000001907349,0.0,0,0,202,1238,1722,1.0,433.0,463.0,62.5,24.3899993896484,23.5,202,0.14018043025676613,0.0,0.8597222222222223,0.46543778801843316,18.497536945812808,0.4584664536741214
8237,5.44000005722046,5.44000005722046,0.0,1.61000001430511,1.0,2.82999992370605,0.0,23,16,233,1116,1973,1.0,433.0,463.0,62.5,24.3899993896484,23.5,272,0.19582433405327573,0.08424908424908426,0.775,0.6267281105990783,30.17216117216117,0.23949987861131342
6543,4.32999992370605,4.32999992370605,0.0,1.79999995231628,0.5,2.01999998092651,0.0,66,35,238,1019,2666,1.0,123.0,134.0,62.5,24.3899993896484,23.5,339,0.24944812362030905,0.19411764705882353,0.7076388888888889,2.7338709677419355,19.24411764705882,0.4073960880195599
11451,7.57000017166138,7.57000017166138,0.0,0.430000007152557,1.62000000476837,5.51999998092651,0.0,6,30,339,1065,2223,1.0,433.0,463.0,69.0999984741211,27.0,23.5,375,0.260235947258848,0.015957446808510637,0.7395833333333334,0.8640552995391705,30.454787234042552,0.19411456514146
6435,4.25,4.25,0.0,0.740000009536743,1.12000000476837,2.39000010490417,0.0,11,18,220,1191,1889,1.0,433.0,463.0,62.5,24.3899993896484,23.5,249,0.17279666897987508,0.044,0.8270833333333333,0.5737327188940092,25.74,0.2935052827843381
9108,6.01999998092651,6.01999998092651,0.0,0.259999990463257,1.82000005245209,3.94000005722046,0.0,4,31,324,1081,2131,1.0,433.0,463.0,62.5,24.3899993896484,23.5,359,0.24913254684247052,0.011111111111111112,0.7506944444444444,0.8271889400921659,25.3,0.2339444505434186
6307,4.17000007629395,4.17000007629395,0.0,0.0,0.0,4.17000007629395,0.0,0,0,247,736,1452,1.0,433.0,463.0,62.5,24.3899993896484,23.5,247,0.25101626016260165,0.0,0.5111111111111111,0.5691244239631337,25.431451612903224,0.2301838934686113
7213,5.88000011444092,5.88000011444092,0.0,0.0,0.0,5.84999990463257,0.0,0,0,263,718,2947,1.0,425.0,439.0,62.5,24.3899993896484,23.5,263,0.26782077393075354,0.0,0.4986111111111111,0.6173708920187794,27.321969696969695,0.40851122816745217
6877,5.57999992370605,5.57999992370605,0.0,0.0,0.0,5.57999992370605,0.0,0,0,258,777,2898,2.0,400.0,430.0,62.5,24.3899993896484,23.5,258,0.24903474903474904,0.0,0.5395833333333333,0.6433915211970075,26.55212355212355,0.4213434137830765
7860,6.36999988555908,6.36999988555908,0.0,0.0,0.0,6.36999988555908,0.0,0,0,271,772,2984,1.0,384.0,415.0,62.5,24.3899993896484,23.5,271,0.2595785440613027,0.0,0.5361111111111111,0.7038961038961039,28.897058823529413,0.37959547131408217
6506,5.28000020980835,5.28000020980835,0.0,0.0700000002980232,0.419999986886978,4.78999996185303,0.0,1,8,256,944,2896,1.0,253.0,257.0,62.5,24.3899993896484,23.5,265,0.2190082644628099,0.0037593984962406013,0.6555555555555556,1.0433070866141732,24.458646616541355,0.4450591670508683
11140,9.02999973297119,9.02999973297119,0.0,0.239999994635582,1.25,7.53999996185303,0.0,3,24,335,556,3328,2.0,382.0,406.0,62.5,24.3899993896484,23.5,362,0.3939064200217628,0.008264462809917356,0.3861111111111111,0.9451697127937336,30.68870523415978,0.29871645274212366
12692,10.289999961853,10.289999961853,0.0,0.959999978542328,3.46000003814697,5.88000011444092,0.0,12,66,302,437,3394,1.0,591.0,612.0,62.5,24.3899993896484,23.5,380,0.46454767726161367,0.031496062992125984,0.3034722222222222,0.6418918918918919,33.31233595800525,0.2673914756164815
9105,7.38000011444092,7.38000011444092,0.0,1.82000005245209,1.49000000953674,4.07000017166138,0.0,22,30,191,890,3013,1.0,293.0,312.0,62.5,24.3899993896484,23.5,243,0.21428571428571427,0.09016393442622951,0.6180555555555556,0.826530612244898,37.3155737704918,0.33088073797496154
6708,5.44000005722046,5.44000005722046,0.0,0.879999995231628,0.370000004768372,4.19000005722046,0.0,10,8,179,757,2812,1.0,457.0,487.0,62.5,24.3899993896484,23.5,197,0.20628272251308902,0.050505050505050504,0.5256944444444445,0.43013100436681223,33.878787878787875,0.41913847071098526
8793,7.13000011444092,7.13000011444092,0.0,0.159999996423721,1.23000001907349,5.73000001907349,0.0,2,29,260,717,3061,1.0,454.0,468.0,62.5,24.3899993896484,23.5,291,0.288404360753221,0.00684931506849315,0.4979166666666667,0.6395604395604395,30.113013698630137,0.3480782351603366
6530,5.30000019073486,5.30000019073486,0.0,0.310000002384186,2.04999995231628,2.94000005722046,0.0,4,41,144,901,2729,1.0,425.0,434.0,62.5,24.3899993896484,23.5,189,0.17323556370302476,0.021052631578947368,0.6256944444444444,0.44366197183098594,34.36842105263158,0.4178533149594243
1664,1.35000002384186,1.35000002384186,0.0,0.0,0.0,1.35000002384186,0.0,0,0,72,1341,2241,1.0,433.0,463.0,62.5,24.3899993896484,23.5,72,0.05091937765205092,0.0,0.93125,0.16589861751152074,22.794520547945204,1.345945945945946
15126,12.2700004577637,12.2700004577637,0.0,0.759999990463257,3.24000000953674,8.27000045776367,0.0,9,66,408,469,3691,1.0,465.0,475.0,62.5,24.3899993896484,23.5,483,0.5068205666316894,0.01859504132231405,0.32569444444444445,1.036480686695279,31.25206611570248,0.24400079328353275
15050,12.2200002670288,12.2200002670288,0.0,1.20000004768372,5.11999988555908,5.88000011444092,0.0,15,95,281,542,3538,1.0,480.0,506.0,62.5,24.3899993896484,23.5,391,0.41862955032119914,0.03826530612244898,0.3763888888888889,0.8128898128898129,38.392857142857146,0.2350674373795761
9167,7.42999982833862,7.42999982833862,0.0,0.490000009536743,0.819999992847443,6.1100001335144,0.0,6,15,270,730,3064,1.0,370.0,380.0,62.5,24.3899993896484,23.5,291,0.2847358121330724,0.02054794520547945,0.5069444444444444,0.784366576819407,31.393835616438356,0.33420593368237345
6108,4.94999980926514,4.94999980926514,0.0,0.0700000002980232,0.349999994039536,4.53999996185303,0.0,1,8,216,765,2784,1.0,421.0,429.0,62.5,24.3899993896484,23.5,225,0.22704339051463168,0.004424778761061947,0.53125,0.533175355450237,27.02654867256637,0.4557210672777869
7047,5.71999979019165,5.71999979019165,0.0,0.0900000035762787,0.800000011920929,4.78000020980835,0.0,1,16,238,733,2908,1.0,432.0,449.0,62.5,24.3899993896484,23.5,255,0.25783619817997977,0.00390625,0.5090277777777777,0.5889145496535797,27.52734375,0.4125993189557321
9023,7.32000017166138,7.32000017166138,0.0,1.12999999523163,0.419999986886978,5.76999998092651,0.0,14,9,232,738,3033,1.0,442.0,461.0,62.5,24.3899993896484,23.5,255,0.25653923541247486,0.0546875,0.5125,0.5756207674943566,35.24609375,0.3361037234042553
9930,8.05000019073486,8.05000019073486,0.0,1.05999994277954,0.920000016689301,6.07000017166138,0.0,12,19,267,692,3165,1.0,433.0,447.0,62.5,24.3899993896484,23.5,298,0.3007063572149344,0.04013377926421405,0.48055555555555557,0.6866359447004609,33.21070234113712,0.3186990232604974
10144,8.22999954223633,8.22999954223633,0.0,0.319999992847443,2.02999997138977,5.88000011444092,0.0,4,36,263,728,3115,1.0,479.0,501.0,62.5,24.3899993896484,23.5,303,0.2936046511627907,0.013157894736842105,0.5055555555555555,0.63125,33.36842105263158,0.30704780680138
0,0.0,0.0,0.0,0.0,0.0,0.0,0.0,0,0,0,1440,2017,1.0,433.0,463.0,62.5,24.3899993896484,23.5,0,0.0,0.0,1.0,0.0,0.0,2017.0
7245,5.92000007629395,5.92000007629395,0.0,0.379999995231628,1.74000000953674,3.75999999046326,0.0,5,40,195,1131,2859,1.0,433.0,463.0,62.5,24.3899993896484,23.5,240,0.1749271137026239,0.02074688796680498,0.7854166666666667,0.5529953917050692,30.062240663900415,0.394562517250897
9454,7.67000007629395,7.67000007629395,0.0,0.0,0.0,7.67000007629395,0.0,0,0,313,729,3145,1.0,327.0,373.0,62.5,24.3899993896484,23.5,313,0.3000958772770853,0.0,0.50625,0.9542682926829268,30.10828025477707,0.33262823902696986
8161,6.61999988555908,6.61999988555908,0.0,0.340000003576279,0.730000019073486,5.53999996185303,0.0,4,15,251,757,3004,1.0,412.0,434.0,62.5,24.3899993896484,23.5,270,0.26264591439688717,0.014760147601476014,0.5256944444444445,0.6537530266343826,30.11439114391144,0.3680470472923303
8614,6.98999977111816,6.98999977111816,0.0,0.670000016689301,0.219999998807907,6.09000015258789,0.0,8,5,241,745,3006,1.0,414.0,428.0,62.5,24.3899993896484,23.5,254,0.254,0.03137254901960784,0.5173611111111112,0.6120481927710844,33.780392156862746,0.34892629135229253
6943,5.63000011444092,5.63000011444092,0.0,0.0799999982118607,0.660000026226044,4.86999988555908,0.0,1,16,207,682,2859,1.0,404.0,449.0,62.5,24.3899993896484,23.5,224,0.24696802646085997,0.0044444444444444444,0.4736111111111111,0.5530864197530864,30.857777777777777,0.41172235023041476
14370,11.6499996185303,11.6499996185303,0.0,0.370000004768372,2.30999994277954,8.97000026702881,0.0,5,46,439,577,3683,1.0,520.0,543.0,62.5,24.3899993896484,23.5,490,0.45880149812734083,0.010183299389002037,0.40069444444444446,0.9404990403071017,29.266802443991853,0.2562800083501496
14370,11.6499996185303,11.6499996185303,0.0,0.370000004768372,2.30999994277954,8.97000026702881,0.0,5,46,439,577,3683,1.0,520.0,543.0,62.5,24.3899993896484,23.5,490,0.45880149812734083,0.010183299389002037,0.40069444444444446,0.9404990403071017,29.266802443991853,0.2562800083501496
12857,10.4300003051758,10.4300003051758,0.0,0.680000007152557,6.21000003814697,3.53999996185303,0.0,9,125,192,1019,3287,1.0,433.0,463.0,62.5,24.3899993896484,23.5,326,0.24219910846953938,0.027522935779816515,0.7076388888888889,0.7511520737327189,39.318042813455655,0.25563851298802304
8232,6.67999982833862,6.67999982833862,0.0,0.0,0.569999992847443,6.09999990463257,0.0,0,12,253,746,2990,1.0,435.0,458.0,62.5,24.3899993896484,23.5,265,0.2618577075098814,0.0,0.5180555555555556,0.6077981651376146,30.94736842105263,0.36317259808089397
10613,8.60999965667725,8.60999965667725,0.0,0.0799999982118607,1.87999999523163,6.65000009536743,0.0,1,37,262,701,3172,1.0,416.0,431.0,62.5,24.3899993896484,23.5,300,0.2994011976047904,0.0033222591362126247,0.48680555555555555,0.7194244604316546,35.25913621262458,0.2988505747126437
9810,7.96000003814697,7.96000003814697,0.0,0.779999971389771,2.16000008583069,4.98000001907349,0.0,10,41,235,784,3069,1.0,354.0,366.0,62.5,24.3899993896484,23.5,286,0.26704014939309056,0.03484320557491289,0.5444444444444444,0.8056338028169014,34.181184668989545,0.3128121496279686
2752,2.23000001907349,2.23000001907349,0.0,0.0,0.0,2.23000001907349,0.0,0,0,68,241,1240,1.0,404.0,442.0,62.5,24.3899993896484,23.5,68,0.21935483870967742,0.0,0.1673611111111111,0.16790123456790124,39.88405797101449,0.4504177261169633
11596,7.57000017166138,7.57000017166138,0.0,1.37000000476837,0.790000021457672,5.40999984741211,0.0,19,13,277,767,2026,1.0,441.0,464.0,62.5,24.3899993896484,23.5,309,0.28690807799442897,0.06129032258064516,0.5326388888888889,0.6990950226244343,37.406451612903226,0.17470035353970856
4832,3.16000008583069,3.16000008583069,0.0,0.0,0.0,3.16000008583069,0.0,0,0,226,647,1718,2.0,455.0,488.0,62.5,24.3899993896484,23.5,226,0.2585812356979405,0.0,0.44930555555555557,0.4956140350877193,21.2863436123348,0.35547279122698117
17022,11.1199998855591,11.1199998855591,0.0,4.0,2.45000004768372,4.67000007629395,0.0,61,41,256,693,2324,1.0,357.0,418.0,62.5,24.3899993896484,23.5,358,0.3403041825095057,0.16991643454038996,0.48125,1.0,47.41504178272981,0.13652117723080537
16556,10.8599996566772,10.8599996566772,0.0,4.15999984741211,1.98000001907349,4.71000003814697,0.0,58,38,239,689,2254,1.0,377.0,409.0,62.5,24.3899993896484,23.5,335,0.32682926829268294,0.17261904761904762,0.47847222222222224,0.8862433862433863,49.273809523809526,0.13613577338889896
5771,3.76999998092651,3.76999998092651,0.0,0.0,0.0,3.76999998092651,0.0,0,0,288,521,1831,2.0,651.0,686.0,62.5,24.3899993896484,23.5,288,0.35555555555555557,0.0,0.36180555555555555,0.44171779141104295,19.968858131487888,0.31722106722106724
655,0.430000007152557,0.430000007152557,0.0,0.0,0.0,0.430000007152557,0.0,0,0,46,943,1397,1.0,350.0,402.0,62.5,24.3899993896484,23.5,46,0.046464646464646465,0.0,0.6548611111111111,0.13105413105413105,13.936170212765957,2.129573170731707
3727,2.4300000667572,2.4300000667572,0.0,0.0,0.0,2.4300000667572,0.0,0,0,206,622,1683,2.0,520.0,541.0,62.5,24.3899993896484,23.5,206,0.24849215922798554,0.0,0.43194444444444446,0.39539347408829173,18.004830917874397,0.45144849785407726
15482,10.1099996566772,10.1099996566772,0.0,4.28000020980835,1.6599999666214,4.17999982833862,0.0,69,28,249,756,2284,1.0,357.0,410.0,62.5,24.3899993896484,23.5,346,0.31368993653671806,0.1988472622478386,0.525,0.9664804469273743,44.61671469740634,0.14751663114383518
2713,1.76999998092651,1.76999998092651,0.0,0.0,0.0,1.76999998092651,0.0,0,0,148,598,1570,1.0,658.0,678.0,62.5,24.3899993896484,23.5,148,0.19812583668005354,0.0,0.4152777777777778,0.22458270106221548,18.20805369127517,0.578481945467944
12346,8.0600004196167,8.0600004196167,0.0,2.95000004768372,2.16000008583069,2.96000003814697,0.0,47,42,177,801,2066,1.0,399.0,431.0,62.5,24.3899993896484,23.5,266,0.24906367041198502,0.1760299625468165,0.55625,0.665,46.239700374531836,0.16732809589373937
11682,7.63000011444092,7.63000011444092,0.0,1.37999999523163,0.629999995231628,5.59999990463257,0.0,25,16,270,781,2105,1.0,322.0,353.0,62.5,24.3899993896484,23.5,311,0.2845379688929552,0.08012820512820513,0.5423611111111111,0.9628482972136223,37.44230769230769,0.1801763245741676
4112,2.69000005722046,2.69000005722046,0.0,0.0,0.0,2.6800000667572,0.0,0,0,272,443,1776,2.0,631.0,725.0,62.5,24.3899993896484,23.5,272,0.37988826815642457,0.0,0.3076388888888889,0.43037974683544306,15.062271062271062,0.43180160466812545
1807,1.17999994754791,1.17999994754791,0.0,0.0,0.0,1.17999994754791,0.0,0,0,104,582,1507,2.0,553.0,640.0,62.5,24.3899993896484,23.5,104,0.15138282387190685,0.0,0.4041666666666667,0.18772563176895307,17.20952380952381,0.8335176991150443
10946,7.19000005722046,7.19000005722046,0.0,2.9300000667572,0.569999992847443,3.69000005722046,0.0,51,11,201,732,2033,1.0,433.0,468.0,62.5,24.3899993896484,23.5,263,0.2640562248995984,0.19318181818181818,0.5083333333333333,0.6059907834101382,41.46212121212121,0.18571298072531287
11886,7.76000022888184,7.76000022888184,0.0,2.36999988555908,0.930000007152557,4.46000003814697,0.0,40,18,238,750,2093,1.0,412.0,453.0,62.5,24.3899993896484,23.5,296,0.282712511938873,0.13468013468013468,0.5208333333333334,0.7167070217917676,40.02020202020202,0.17607470345755868
10538,6.88000011444092,6.88000011444092,0.0,1.13999998569489,1.0,4.73999977111816,0.0,16,16,206,745,1922,1.0,347.0,391.0,62.5,24.3899993896484,23.5,238,0.241869918699187,0.06694560669456066,0.5173611111111112,0.6839080459770115,44.09205020920502,0.18237024385615333
11393,7.63000011444092,7.63000011444092,0.0,3.71000003814697,0.75,3.17000007629395,0.0,49,13,165,727,1999,1.0,421.0,457.0,62.5,24.3899993896484,23.5,227,0.23769633507853402,0.2149122807017544,0.5048611111111111,0.5379146919431279,49.969298245614034,0.17544321572757593
12764,8.32999992370605,8.32999992370605,0.0,2.78999996185303,0.639999985694885,4.90999984741211,0.0,46,15,270,709,2169,1.0,450.0,495.0,62.5,24.3899993896484,23.5,331,0.31796349663784823,0.13855421686746988,0.49236111111111114,0.7339246119733924,38.44578313253012,0.1699177438307873
1202,0.779999971389771,0.779999971389771,0.0,0.0,0.0,0.779999971389771,0.0,0,0,84,506,1463,2.0,775.0,843.0,62.5,24.3899993896484,23.5,84,0.14213197969543148,0.0,0.35138888888888886,0.10824742268041238,14.141176470588235,1.2161263507896924
5164,3.36999988555908,3.36999988555908,0.0,0.0,0.0,3.36999988555908,0.0,0,0,237,436,1747,2.0,622.0,686.0,62.5,24.3899993896484,23.5,237,0.3516320474777448,0.0,0.30277777777777776,0.38041733547351525,21.69747899159664,0.3382381413359148
9769,6.38000011444092,6.38000011444092,0.0,1.05999994277954,0.409999996423721,4.90000009536743,0.0,23,9,227,724,1996,1.0,409.0,471.0,62.5,24.3899993896484,23.5,259,0.2632113821138211,0.08846153846153847,0.5027777777777778,0.6317073170731707,37.573076923076925,0.20429887410440123
12848,8.39000034332275,8.39000034332275,0.0,1.5,1.20000004768372,5.67999982833862,0.0,26,29,247,812,2116,1.0,380.0,429.0,62.5,24.3899993896484,23.5,302,0.27085201793721975,0.0858085808580858,0.5638888888888889,0.7926509186351706,42.4026402640264,0.16468207642618102
4249,2.76999998092651,2.76999998092651,0.0,0.0,0.0,2.76999998092651,0.0,0,0,224,651,1698,1.0,447.0,470.0,62.5,24.3899993896484,23.5,224,0.2557077625570776,0.0,0.45208333333333334,0.5,18.884444444444444,0.39952941176470586
14331,9.51000022888184,9.51000022888184,0.0,3.4300000667572,1.6599999666214,4.42999982833862,0.0,44,29,241,692,2156,1.0,419.0,464.0,62.5,24.3899993896484,23.5,314,0.3118172790466733,0.13968253968253969,0.48055555555555557,0.7476190476190476,45.49523809523809,0.15043259838124476
9632,6.28999996185303,6.28999996185303,0.0,1.51999998092651,0.540000021457672,4.23000001907349,0.0,21,9,229,761,1916,1.0,400.0,434.0,62.5,24.3899993896484,23.5,259,0.25367286973555336,0.08076923076923077,0.5284722222222222,0.6458852867830424,37.04615384615385,0.19889961590366448
1868,1.22000002861023,1.22000002861023,0.0,0.0,0.0,1.22000002861023,0.0,0,0,96,902,1494,1.0,442.0,470.0,62.5,24.3899993896484,23.5,96,0.0960960960960961,0.0,0.6263888888888889,0.21670428893905191,19.257731958762886,0.7993579454253612
6083,4.0,4.0,0.0,0.219999998807907,0.469999998807907,3.29999995231628,0.0,3,8,210,505,1762,1.0,568.0,608.0,62.5,24.3899993896484,23.5,221,0.30398899587345257,0.013513513513513514,0.3506944444444444,0.3884007029876977,27.4009009009009,0.289612097304405
11611,7.57999992370605,7.57999992370605,0.0,2.13000011444092,0.889999985694885,4.55999994277954,0.0,59,22,251,667,2272,1.0,453.0,494.0,62.5,24.3899993896484,23.5,332,0.332,0.17717717717717718,0.46319444444444446,0.7312775330396476,34.867867867867865,0.19565966241818808
16358,10.710000038147,10.710000038147,0.0,3.86999988555908,1.61000001430511,5.19999980926514,0.0,61,40,265,707,2335,1.0,418.0,443.0,62.5,24.3899993896484,23.5,366,0.3407821229050279,0.16621253405994552,0.4909722222222222,0.8735083532219571,44.572207084468666,0.14273488599547648
4926,3.22000002861023,3.22000002861023,0.0,0.0,0.0,3.22000002861023,0.0,0,0,195,628,1693,1.0,463.0,486.0,62.5,24.3899993896484,23.5,195,0.2366504854368932,0.0,0.4361111111111111,0.4202586206896552,25.132653061224488,0.34361680535823014
3121,2.03999996185303,2.03999996185303,0.0,0.579999983310699,0.400000005960464,1.05999994277954,0.0,8,6,48,222,741,1.0,438.0,475.0,62.5,24.3899993896484,23.5,62,0.21754385964912282,0.12698412698412698,0.15416666666666667,0.14123006833712984,49.53968253968254,0.2373478539397822
8135,6.07999992370605,6.07999992370605,0.0,3.59999990463257,0.379999995231628,2.09999990463257,0.0,86,16,140,728,3405,1.0,419.0,438.0,62.5,24.3899993896484,23.5,242,0.24922760041194644,0.35390946502057613,0.5055555555555555,0.5761904761904761,33.477366255144034,0.4185103244837758
5077,3.78999996185303,3.78999996185303,0.0,0.319999992847443,0.219999998807907,3.25,0.0,15,11,144,776,2551,1.0,432.0,458.0,62.5,24.3899993896484,23.5,170,0.1795142555438226,0.08771929824561403,0.5388888888888889,0.39260969976905313,29.690058479532162,0.5023631350925561
8596,6.42000007629395,6.42000007629395,0.0,3.32999992370605,0.310000002384186,2.77999997138977,0.0,118,30,176,662,4022,1.0,477.0,497.0,62.5,24.3899993896484,23.5,324,0.3282674772036474,0.3630769230769231,0.4597222222222222,0.6778242677824268,26.44923076923077,0.46783761777364197
12087,9.07999992370605,9.07999992370605,0.0,3.92000007629395,1.60000002384186,3.55999994277954,0.0,115,54,199,695,4005,1.0,392.0,413.0,62.5,24.3899993896484,23.5,368,0.3458646616541353,0.3116531165311653,0.4826388888888889,0.9363867684478372,32.75609756097561,0.3313203176704169
14269,10.6599998474121,10.6599998474121,0.0,6.6399998664856,1.27999997138977,2.73000001907349,0.0,184,56,158,472,4274,1.0,406.0,445.0,62.5,24.3899993896484,23.5,398,0.4569460390355913,0.46115288220551376,0.3277777777777778,0.9778869778869779,35.76190476190476,0.2995094604064471
12231,9.14000034332275,9.14000034332275,0.0,5.98000001907349,0.829999983310699,2.3199999332428,0.0,200,37,159,525,4552,1.0,549.0,583.0,90.6999969482422,28.0,23.5,396,0.42950108459869846,0.5037783375314862,0.3645833333333333,0.72,30.808564231738035,0.3721386527141923
9893,7.3899998664856,7.3899998664856,0.0,4.8600001335144,0.720000028610229,1.82000005245209,0.0,114,32,130,623,3625,1.0,527.0,553.0,62.5,24.3899993896484,23.5,276,0.30666666666666664,0.41155234657039713,0.4326388888888889,0.5227272727272727,35.714801444043324,0.36638366686880935
12574,9.42000007629395,9.42000007629395,0.0,7.01999998092651,0.639999985694885,1.75999999046326,0.0,108,23,111,733,3501,1.0,449.0,465.0,62.5,24.3899993896484,23.5,242,0.24795081967213115,0.4444444444444444,0.5090277777777777,0.5377777777777778,51.74485596707819,0.27840954274353874
8330,6.21999979019165,6.21999979019165,0.0,4.11999988555908,0.340000003576279,1.75999999046326,0.0,87,16,113,773,3192,1.0,447.0,480.0,62.5,24.3899993896484,23.5,216,0.21818181818181817,0.4009216589861751,0.5368055555555555,0.48214285714285715,38.38709677419355,0.38314728123874686
10830,8.09000015258789,8.09000015258789,0.0,3.65000009536743,1.6599999666214,2.77999997138977,0.0,110,74,175,670,4018,1.0,414.0,437.0,62.5,24.3899993896484,23.5,359,0.3485436893203884,0.3055555555555556,0.4652777777777778,0.8650602409638555,30.083333333333332,0.3709722093989475
9172,6.84999990463257,6.84999990463257,0.0,2.42000007629395,0.790000021457672,3.29999995231628,0.0,62,30,200,823,3329,1.0,338.0,366.0,62.5,24.3899993896484,23.5,292,0.2616487455197133,0.21160409556313994,0.5715277777777777,0.8613569321533924,31.303754266211605,0.36291289654420583
7638,5.71000003814697,5.71000003814697,0.0,1.21000003814697,0.360000014305115,4.1399998664856,0.0,24,24,223,627,3152,1.0,384.0,402.0,62.5,24.3899993896484,23.5,271,0.3014460511679644,0.08823529411764706,0.4354166666666667,0.7038961038961039,28.080882352941178,0.41261945280795914
15764,11.7799997329712,11.7799997329712,0.0,7.65000009536743,2.15000009536743,1.98000001907349,0.0,210,65,141,425,4392,1.0,543.0,615.0,62.5,24.3899993896484,23.5,416,0.49406175771971494,0.5035971223021583,0.2951388888888889,0.7647058823529411,37.803357314148684,0.27859181731684113
6393,4.78000020980835,4.78000020980835,0.0,1.35000002384186,0.670000016689301,2.75999999046326,0.0,61,38,214,743,3374,1.0,421.0,461.0,62.5,24.3899993896484,23.5,313,0.2961210974456008,0.1942675159235669,0.5159722222222223,0.7417061611374408,20.35987261146497,0.5276822020644354
5325,3.98000001907349,3.98000001907349,0.0,0.850000023841858,0.649999976158142,2.47000002861023,0.0,38,32,181,759,3088,1.0,354.0,377.0,62.5,24.3899993896484,23.5,251,0.24826904055390703,0.15079365079365079,0.5270833333333333,0.7070422535211267,21.13095238095238,0.5797972211791212
6805,5.1399998664856,5.1399998664856,0.0,1.80999994277954,0.400000005960464,2.9300000667572,0.0,63,16,190,773,3294,1.0,424.0,452.0,62.5,24.3899993896484,23.5,269,0.2579098753595398,0.23333333333333334,0.5368055555555555,0.6329411764705882,25.203703703703702,0.48398471936526594
9841,7.42999982833862,7.42999982833862,0.0,3.25,1.16999995708466,3.00999999046326,0.0,99,51,141,692,3580,1.0,361.0,372.0,62.5,24.3899993896484,23.5,291,0.29573170731707316,0.339041095890411,0.48055555555555557,0.8038674033149171,33.70205479452055,0.363747205852469
7924,5.92000007629395,5.92000007629395,0.0,2.83999991416931,0.610000014305115,2.47000002861023,0.0,97,36,165,739,3544,1.0,459.0,485.0,62.5,24.3899993896484,23.5,298,0.28709055876685935,0.32441471571906355,0.5131944444444444,0.6478260869565218,26.501672240802677,0.447192429022082
12363,9.23999977111816,9.23999977111816,0.0,5.82999992370605,0.790000021457672,2.60999989509583,0.0,207,45,163,621,4501,1.0,412.0,433.0,62.5,24.3899993896484,23.5,415,0.40019286403085824,0.49759615384615385,0.43125,1.0048426150121066,29.71875,0.3640407635069557
13368,9.98999977111816,9.98999977111816,0.0,5.30999994277954,1.44000005722046,3.24000000953674,0.0,194,72,178,499,4546,1.0,379.0,398.0,62.5,24.3899993896484,23.5,444,0.4703389830508475,0.43595505617977526,0.34652777777777777,1.168421052631579,30.04044943820225,0.3400403919515297
7439,5.55999994277954,5.55999994277954,0.0,1.12000000476837,0.349999994039536,4.07000017166138,0.0,37,20,235,732,3014,2.0,525.0,553.0,62.5,24.3899993896484,23.5,292,0.2848780487804878,0.12627986348122866,0.5083333333333333,0.5551330798479087,25.389078498293514,0.4051075268817204
11045,8.25,8.25,0.0,4.51999998092651,0.150000005960464,3.5699999332428,0.0,97,8,212,580,3795,1.0,508.0,543.0,62.5,24.3899993896484,23.5,317,0.3530066815144766,0.3050314465408805,0.4027777777777778,0.6227897838899804,34.73270440251572,0.34356328082563825
5206,3.89000010490417,3.89000010490417,0.0,1.55999994277954,0.25,2.07999992370605,0.0,25,9,141,631,2755,1.0,603.0,634.0,62.5,24.3899993896484,23.5,175,0.21685254027261464,0.14204545454545456,0.43819444444444444,0.2897350993377483,29.579545454545453,0.5290954484347993
7550,5.6399998664856,5.6399998664856,0.0,2.5,0.469999998807907,2.67000007629395,0.0,45,21,143,1153,3004,1.0,74.0,78.0,62.5,24.3899993896484,23.5,209,0.1533382245047689,0.21428571428571427,0.8006944444444445,2.7866666666666666,35.95238095238095,0.39782810223811416
4950,3.70000004768372,3.70000004768372,0.0,1.92999994754791,0.319999992847443,1.45000004768372,0.0,41,16,79,1304,2643,1.0,433.0,463.0,62.5,24.3899993896484,23.5,136,0.09437890353920889,0.29927007299270075,0.9055555555555556,0.31336405529953915,36.13138686131387,0.5338315491819834
0,0.0,0.0,0.0,0.0,0.0,0.0,0.0,0,0,0,1440,1819,1.0,433.0,463.0,62.5,24.3899993896484,23.5,0,0.0,0.0,1.0,0.0,0.0,1819.0
0,0.0,0.0,0.0,0.0,0.0,0.0,0.0,0,0,0,1440,1819,1.0,433.0,463.0,62.5,24.3899993896484,23.5,0,0.0,0.0,1.0,0.0,0.0,1819.0
3421,2.55999994277954,2.55999994277954,0.0,1.42999994754791,0.140000000596046,0.990000009536743,0.0,34,11,70,1099,2489,1.0,433.0,463.0,62.5,24.3899993896484,23.5,115,0.09465020576131687,0.29310344827586204,0.7631944444444444,0.26497695852534564,29.49137931034483,0.7273524254821742
8869,6.65000009536743,6.65000009536743,0.0,2.55999994277954,0.75,3.34999990463257,0.0,104,37,194,639,3841,1.0,504.0,562.0,62.5,24.3899993896484,23.5,335,0.3435897435897436,0.30952380952380953,0.44375,0.6633663366336634,26.395833333333332,0.433032694475761
4038,3.03999996185303,3.03999996185303,0.0,1.83000004291534,0.300000011920929,0.889999985694885,0.0,45,15,63,257,1665,1.0,431.0,476.0,62.5,24.3899993896484,23.5,123,0.3228346456692913,0.3629032258064516,0.17847222222222223,0.2847222222222222,32.564516129032256,0.41223075018568955
0,0.0,0.0,0.0,0.0,0.0,0.0,0.0,0,0,0,1440,1496,1.0,433.0,463.0,62.5,24.3899993896484,23.5,0,0.0,0.0,1.0,0.0,0.0,1496.0
0,0.0,0.0,0.0,0.0,0.0,0.0,0.0,0,0,0,1440,1496,1.0,433.0,463.0,62.5,24.3899993896484,23.5,0,0.0,0.0,1.0,0.0,0.0,1496.0
0,0.0,0.0,0.0,0.0,0.0,0.0,0.0,0,0,0,1440,1496,1.0,433.0,463.0,62.5,24.3899993896484,23.5,0,0.0,0.0,1.0,0.0,0.0,1496.0
14019,10.5900001525879,10.5900001525879,0.0,0.0,0.280000001192093,10.3000001907349,0.0,0,6,513,921,2865,1.0,433.0,463.0,62.5,24.3899993896484,23.5,519,0.36016655100624567,0.0,0.6395833333333333,1.195852534562212,26.959615384615386,0.2043509272467903
14450,10.9099998474121,10.9099998474121,0.0,0.579999983310699,0.850000023841858,9.47999954223633,0.0,7,15,518,502,2828,1.0,380.0,398.0,62.5,24.3899993896484,23.5,540,0.5177372962607862,0.012939001848428836,0.3486111111111111,1.4173228346456692,26.709796672828094,0.1956957995986437
7150,5.40000009536743,5.40000009536743,0.0,0.0,0.0,5.40000009536743,0.0,0,0,312,702,2225,2.0,336.0,350.0,62.5,24.3899993896484,23.5,312,0.30738916256157633,0.0,0.4875,0.9258160237388724,22.843450479233226,0.31114529436442456
5153,3.91000008583069,3.91000008583069,0.0,0.0,0.0,3.89000010490417,0.0,0,0,241,759,2018,2.0,493.0,510.0,62.5,24.3899993896484,23.5,241,0.24075924075924077,0.0,0.5270833333333333,0.48785425101214575,21.293388429752067,0.3915405510283275
11135,8.40999984741211,8.40999984741211,0.0,0.0,0.0,8.40999984741211,0.0,0,0,480,425,2606,1.0,465.0,492.0,62.5,24.3899993896484,23.5,480,0.5298013245033113,0.0,0.2951388888888889,1.0300429184549356,23.14968814968815,0.23401580459770116
10449,8.02000045776367,8.02000045776367,0.0,2.02999997138977,0.479999989271164,5.51999998092651,0.0,26,10,349,587,2536,1.0,474.0,502.0,62.5,24.3899993896484,23.5,385,0.39568345323741005,0.06735751295336788,0.4076388888888889,0.8105263157894737,27.069948186528496,0.24267942583732058
19542,15.0100002288818,15.0100002288818,0.0,0.980000019073486,0.400000005960464,5.61999988555908,0.0,11,19,294,579,4900,1.0,508.0,550.0,62.5,24.3899993896484,23.5,324,0.3584070796460177,0.033846153846153845,0.40208333333333335,0.6365422396856582,60.129230769230766,0.25072916133653994
8206,6.19999980926514,6.19999980926514,0.0,0.0,0.0,6.19999980926514,0.0,0,0,402,413,2409,1.0,480.0,546.0,62.5,24.3899993896484,23.5,402,0.49264705882352944,0.0,0.28680555555555554,0.8357588357588358,20.36228287841191,0.29352991348848545
11495,8.68000030517578,8.68000030517578,0.0,0.0,0.0,8.68000030517578,0.0,0,0,512,468,2651,1.0,492.0,539.0,62.5,24.3899993896484,23.5,512,0.5219164118246687,0.0,0.325,1.0385395537525355,22.40740740740741,0.23060194850382743
7623,5.76000022888184,5.76000022888184,0.0,0.0,0.0,5.76000022888184,0.0,0,0,362,711,2305,1.0,353.0,367.0,62.5,24.3899993896484,23.5,362,0.3370577281191806,0.0,0.49375,1.0225988700564972,21.0,0.30233473242392445
0,0.0,0.0,0.0,0.0,0.0,0.0,0.0,0,0,0,1440,1497,1.0,433.0,463.0,62.5,24.3899993896484,23.5,0,0.0,0.0,1.0,0.0,0.0,1497.0
9543,7.21000003814697,7.21000003814697,0.0,0.0,0.340000003576279,6.86999988555908,0.0,0,7,352,1077,2450,1.0,433.0,463.0,62.5,24.3899993896484,23.5,359,0.24982602644398053,0.0,0.7479166666666667,0.8271889400921659,26.508333333333333,0.2567057837384744
9411,7.1100001335144,7.1100001335144,0.0,0.0,0.0,7.1100001335144,0.0,0,0,458,417,2576,1.0,542.0,557.0,62.5,24.3899993896484,23.5,458,0.5228310502283106,0.0,0.28958333333333336,0.8434622467771639,20.50326797385621,0.27369315767105823
3403,2.59999990463257,2.59999990463257,0.0,0.0,0.0,2.59999990463257,0.0,0,0,141,758,1879,1.0,393.0,416.0,62.5,24.3899993896484,23.5,141,0.15666666666666668,0.0,0.5263888888888889,0.35786802030456855,23.964788732394368,0.5519976498237368
9592,7.23999977111816,7.23999977111816,0.0,0.0,0.0,7.23999977111816,0.0,0,0,461,479,2560,1.0,600.0,636.0,62.5,24.3899993896484,23.5,461,0.48990435706695007,0.0,0.3326388888888889,0.7670549084858569,20.761904761904763,0.26686125299697694
6987,5.28000020980835,5.28000020980835,0.0,0.0,0.0,5.28000020980835,0.0,0,0,343,1040,2275,1.0,433.0,463.0,62.5,24.3899993896484,23.5,343,0.24783236994219654,0.0,0.7222222222222222,0.7903225806451613,20.311046511627907,0.3255580995993131
8915,6.73000001907349,6.73000001907349,0.0,0.0,0.0,6.73000001907349,0.0,0,0,397,525,2361,1.0,507.0,575.0,62.5,24.3899993896484,23.5,397,0.4301191765980498,0.0,0.3645833333333333,0.781496062992126,22.399497487437184,0.2648048452220727
4933,3.73000001907349,3.73000001907349,0.0,0.0,0.0,3.73000001907349,0.0,0,0,236,1204,2044,1.0,433.0,463.0,62.5,24.3899993896484,23.5,236,0.16377515614156835,0.0,0.8361111111111111,0.543778801843318,20.814345991561183,0.4142683421159303
0,0.0,0.0,0.0,0.0,0.0,0.0,0.0,0,0,0,1440,1496,1.0,433.0,463.0,62.5,24.3899993896484,23.5,0,0.0,0.0,1.0,0.0,0.0,1496.0
2997,2.25999999046326,2.25999999046326,0.0,0.0,0.0,2.25999999046326,0.0,0,0,156,1279,1902,1.0,433.0,463.0,62.5,24.3899993896484,23.5,156,0.10863509749303621,0.0,0.8881944444444444,0.35944700460829493,19.089171974522294,0.6344229486324217
9799,7.40000009536743,7.40000009536743,0.0,0.0,0.0,7.40000009536743,0.0,0,0,487,479,2636,1.0,392.0,415.0,62.5,24.3899993896484,23.5,487,0.5036194415718718,0.0,0.3326388888888889,1.2391857506361323,20.079918032786885,0.2689795918367347
3365,2.6800000667572,2.6800000667572,0.0,0.0,0.0,2.6800000667572,0.0,0,0,133,673,1838,2.0,658.0,698.0,62.5,24.3899993896484,23.5,133,0.16480793060718713,0.0,0.4673611111111111,0.20182094081942337,25.111940298507463,0.5460487225193108
7336,5.53999996185303,5.53999996185303,0.0,0.0,0.0,5.53999996185303,0.0,0,0,412,456,2469,2.0,498.0,507.0,62.5,24.3899993896484,23.5,412,0.47410817031070196,0.0,0.31666666666666665,0.8256513026052105,17.76271186440678,0.3365135614011176
7328,5.53000020980835,5.53000020980835,0.0,0.0,0.0,5.53000020980835,0.0,0,0,318,517,2250,1.0,555.0,603.0,62.5,24.3899993896484,23.5,318,0.3803827751196172,0.0,0.3590277777777778,0.5719424460431655,22.9717868338558,0.30699959066721244
4477,3.38000011444092,3.38000011444092,0.0,0.0,0.0,3.38000011444092,0.0,0,0,197,125,1248,1.0,492.0,522.0,62.5,24.3899993896484,23.5,197,0.6099071207430341,0.0,0.08680555555555555,0.3995943204868154,22.61111111111111,0.2786958463599821
4562,3.45000004768372,3.45000004768372,0.0,0.0,0.0,3.45000004768372,0.0,0,0,199,1241,2560,1.0,433.0,463.0,62.5,24.3899993896484,23.5,199,0.13809854267869534,0.0,0.8618055555555556,0.45852534562211983,22.81,0.5610344071882534
7142,5.40000009536743,5.40000009536743,0.0,0.0,0.0,5.3899998664856,0.0099999997764825,0,0,350,1090,2905,1.0,433.0,463.0,62.5,24.3899993896484,23.5,350,0.24288688410825815,0.0,0.7569444444444444,0.8064516129032258,20.34757834757835,0.4066918661626768
7671,5.80000019073486,5.80000019073486,0.0,0.0,0.0,5.76999998092651,0.0299999993294477,0,0,363,1077,2952,1.0,433.0,463.0,62.5,24.3899993896484,23.5,363,0.25190839694656486,0.0,0.7479166666666667,0.836405529953917,21.074175824175825,0.38477580813347234
9501,7.17999982833862,7.17999982833862,0.0,0.0,0.0,7.17000007629395,0.0099999997764825,0,0,328,1112,2896,1.0,433.0,463.0,62.5,24.3899993896484,23.5,328,0.22761970853573907,0.0,0.7722222222222223,0.7557603686635944,28.878419452887538,0.30477794148600296
8301,6.28000020980835,6.28000020980835,0.0,0.0,0.0,6.26999998092651,0.0099999997764825,0,0,258,1182,2783,1.0,433.0,463.0,62.5,24.3899993896484,23.5,258,0.17904233171408743,0.0,0.8208333333333333,0.5944700460829493,32.05019305019305,0.3352204288123344
7851,5.94000005722046,5.94000005722046,0.0,1.13999998569489,0.790000021457672,4.0,0.0,31,12,225,1172,3171,1.0,433.0,463.0,62.5,24.3899993896484,23.5,268,0.18598195697432338,0.11524163568773234,0.8138888888888889,0.6175115207373272,29.185873605947954,0.40384615384615385
6885,5.21000003814697,5.21000003814697,0.0,0.0,0.0,5.19000005722046,0.0199999995529652,0,0,271,1169,2766,1.0,433.0,463.0,62.5,24.3899993896484,23.5,271,0.18806384455239417,0.0,0.8118055555555556,0.6244239631336406,25.3125,0.4016845774034272
7142,5.40000009536743,5.40000009536743,0.0,0.0,0.0,5.3899998664856,0.0099999997764825,0,0,321,1119,2839,1.0,433.0,463.0,62.5,24.3899993896484,23.5,321,0.2227619708535739,0.0,0.7770833333333333,0.7396313364055299,22.180124223602483,0.39745205095898084
6361,4.80999994277954,4.80999994277954,0.0,0.0,0.0,4.80000019073486,0.0099999997764825,0,0,258,1182,2701,1.0,433.0,463.0,62.5,24.3899993896484,23.5,258,0.17904233171408743,0.0,0.8208333333333333,0.5944700460829493,24.55984555984556,0.42455202766425654
0,0.0,0.0,0.0,0.0,0.0,0.0,0.0,0,0,0,1440,2060,1.0,433.0,463.0,62.5,24.3899993896484,23.5,0,0.0,0.0,1.0,0.0,0.0,2060.0
6238,4.71999979019165,4.71999979019165,0.0,0.0,0.0,4.71999979019165,0.0,0,0,302,1138,2796,1.0,433.0,463.0,62.5,24.3899993896484,23.5,302,0.20957668285912562,0.0,0.7902777777777777,0.695852534562212,20.58745874587459,0.44814874178554254
0,0.0,0.0,0.0,0.0,0.0,0.0,0.0,33,0,0,1407,2664,1.0,433.0,463.0,62.5,24.3899993896484,23.5,33,0.022900763358778626,0.9705882352941176,0.9770833333333333,0.07603686635944701,0.0,2664.0
5896,4.46000003814697,4.46000003814697,0.0,0.0,0.0,4.46000003814697,0.0,0,0,258,1182,2703,1.0,433.0,463.0,62.5,24.3899993896484,23.5,258,0.17904233171408743,0.0,0.8208333333333333,0.5944700460829493,22.764478764478763,0.4583686620315415
7802,5.90000009536743,5.90000009536743,0.0,0.680000007152557,0.180000007152557,5.03000020980835,0.0099999997764825,8,3,249,1180,2771,1.0,433.0,463.0,62.5,24.3899993896484,23.5,260,0.18043025676613464,0.03065134099616858,0.8194444444444444,0.5990783410138248,29.89272030651341,0.355119825708061
0,0.0,0.0,0.0,0.0,0.0,0.0,0.0,0,0,0,1440,2060,1.0,433.0,463.0,62.5,24.3899993896484,23.5,0,0.0,0.0,1.0,0.0,0.0,2060.0
5565,4.21000003814697,4.21000003814697,0.0,0.0,0.0,4.17999982833862,0.0299999993294477,0,0,287,1153,2743,1.0,433.0,463.0,62.5,24.3899993896484,23.5,287,0.1991672449687717,0.0,0.8006944444444445,0.6612903225806451,19.322916666666668,0.4928135106000719
5731,4.32999992370605,4.32999992370605,0.0,0.0,0.0,4.32999992370605,0.0,0,0,255,1185,2687,1.0,433.0,463.0,62.5,24.3899993896484,23.5,255,0.17696044413601666,0.0,0.8229166666666666,0.5875576036866359,22.38671875,0.4687718073970691
0,0.0,0.0,0.0,0.0,0.0,0.0,0.0,0,0,0,1440,2060,1.0,433.0,463.0,62.5,24.3899993896484,23.5,0,0.0,0.0,1.0,0.0,0.0,2060.0
6744,5.09999990463257,5.09999990463257,0.0,0.0,0.0,5.09000015258789,0.0099999997764825,0,0,324,1116,2843,1.0,433.0,463.0,62.5,24.3899993896484,23.5,324,0.2248438584316447,0.0,0.775,0.7465437788018433,20.75076923076923,0.4214974054855449
9837,7.44000005722046,7.44000005722046,0.0,0.660000026226044,2.75,4.0,0.0199999995529652,8,95,282,1055,3327,1.0,433.0,463.0,62.5,24.3899993896484,23.5,385,0.26717557251908397,0.02072538860103627,0.7326388888888888,0.8870967741935484,25.484455958549223,0.33817849156332586
6781,5.13000011444092,5.13000011444092,0.0,0.0,0.0,5.1100001335144,0.0199999995529652,0,0,268,1172,2725,1.0,433.0,463.0,62.5,24.3899993896484,23.5,268,0.18598195697432338,0.0,0.8138888888888889,0.6175115207373272,25.20817843866171,0.40179887938661163
6047,4.57000017166138,4.57000017166138,0.0,0.0,0.0,4.57000017166138,0.0,0,0,240,1200,2671,1.0,433.0,463.0,62.5,24.3899993896484,23.5,240,0.16655100624566274,0.0,0.8333333333333334,0.5529953917050692,25.09128630705394,0.4416335978835979
5832,4.40999984741211,4.40999984741211,0.0,0.0,0.0,4.40000009536743,0.0099999997764825,0,0,272,1168,2718,1.0,433.0,463.0,62.5,24.3899993896484,23.5,272,0.18875780707841777,0.0,0.8111111111111111,0.6267281105990783,21.36263736263736,0.4659694839705126
6339,4.78999996185303,4.78999996185303,0.0,0.0,0.0,4.78999996185303,0.0,0,0,239,1201,2682,1.0,433.0,463.0,62.5,24.3899993896484,23.5,239,0.16585704371963914,0.0,0.8340277777777778,0.5506912442396313,26.4125,0.42302839116719243
6116,4.61999988555908,4.61999988555908,0.0,0.0,0.0,4.59000015258789,0.0299999993294477,0,0,305,1135,2806,1.0,433.0,463.0,62.5,24.3899993896484,23.5,305,0.21165857043719638,0.0,0.7881944444444444,0.7027649769585254,19.986928104575163,0.4587215955533758
5510,4.17000007629395,4.17000007629395,0.0,0.0,0.0,4.15999984741211,0.0,0,0,227,1213,2613,1.0,433.0,463.0,62.5,24.3899993896484,23.5,227,0.157529493407356,0.0,0.8423611111111111,0.5230414746543779,24.166666666666668,0.47414262384322264
7706,5.82999992370605,5.82999992370605,0.0,0.0,0.0,5.82000017166138,0.0,0,0,251,1189,2712,1.0,433.0,463.0,62.5,24.3899993896484,23.5,251,0.17418459403192227,0.0,0.8256944444444444,0.5783410138248848,30.57936507936508,0.35188789412222654
6277,4.75,4.75,0.0,0.0,0.0,4.73000001907349,0.0199999995529652,0,0,264,800,2175,1.0,433.0,463.0,62.5,24.3899993896484,23.5,264,0.24788732394366197,0.0,0.5555555555555556,0.6082949308755761,23.68679245283019,0.3464479133482001
0,0.0,0.0,0.0,0.0,0.0,0.0,0.0,0,0,0,1440,0,1.0,433.0,463.0,62.5,24.3899993896484,23.5,0,0.0,0.0,1.0,0.0,0.0,0.0
0,0.0,0.0,0.0,0.0,0.0,0.0,0.0,0,0,0,1440,1841,1.0,433.0,463.0,62.5,24.3899993896484,23.5,0,0.0,0.0,1.0,0.0,0.0,1841.0
4053,2.91000008583069,2.91000008583069,0.0,1.11000001430511,0.579999983310699,1.22000002861023,0.0,17,18,85,1053,2400,1.0,235.0,260.0,62.5,24.3899993896484,23.5,120,0.10221465076660988,0.14049586776859505,0.73125,0.5084745762711864,33.49586776859504,0.5920078934385792
5162,3.70000004768372,3.70000004768372,0.0,0.870000004768372,0.860000014305115,1.97000002861023,0.0,14,24,105,863,2507,1.0,423.0,441.0,62.5,24.3899993896484,23.5,143,0.1420059582919563,0.09722222222222222,0.5993055555555555,0.33726415094339623,35.84722222222222,0.48557040480340885
1282,0.920000016689301,0.920000016689301,0.0,0.0,0.0,0.920000016689301,0.0,0,0,58,976,2127,1.0,391.0,406.0,62.5,24.3899993896484,23.5,58,0.05603864734299517,0.0,0.6777777777777778,0.14795918367346939,21.728813559322035,1.6578332034294623
4732,3.39000010490417,3.39000010490417,0.0,2.51999998092651,0.810000002384186,0.0599999986588955,0.0,36,18,9,1377,2225,1.0,433.0,463.0,62.5,24.3899993896484,23.5,63,0.04371963913948647,0.5625,0.95625,0.14516129032258066,73.9375,0.4701035284174942
2497,1.78999996185303,1.78999996185303,0.0,0.349999994039536,1.12999999523163,0.310000002384186,0.0,5,24,19,1392,2067,1.0,433.0,463.0,62.5,24.3899993896484,23.5,48,0.033310201249132546,0.10204081632653061,0.9666666666666667,0.11059907834101383,50.95918367346939,0.8274619695756605
8294,5.94999980926514,5.94999980926514,0.0,2.0,0.769999980926514,3.17000007629395,0.0,30,31,146,1233,2798,1.0,433.0,463.0,62.5,24.3899993896484,23.5,207,0.1436502428868841,0.14423076923076922,0.85625,0.4769585253456221,39.875,0.33731163351416515
0,0.0,0.0,0.0,0.0,0.0,0.0,0.0,0,0,0,1440,1841,1.0,433.0,463.0,62.5,24.3899993896484,23.5,0,0.0,0.0,1.0,0.0,0.0,1841.0
10771,7.71999979019165,7.71999979019165,0.0,3.76999998092651,1.74000000953674,2.22000002861023,0.0,70,113,178,1079,3727,1.0,433.0,463.0,62.5,24.3899993896484,23.5,361,0.2505204718945177,0.19337016574585636,0.7493055555555556,0.8317972350230415,29.75414364640884,0.34598960267359824
0,0.0,0.0,0.0,0.0,0.0,0.0,0.0,0,0,0,1440,1841,1.0,433.0,463.0,62.5,24.3899993896484,23.5,0,0.0,0.0,1.0,0.0,0.0,1841.0
637,0.46000000834465,0.46000000834465,0.0,0.0,0.0,0.46000000834465,0.0,0,0,20,1420,1922,1.0,433.0,463.0,62.5,24.3899993896484,23.5,20,0.013879250520471894,0.0,0.9861111111111112,0.04608294930875576,30.333333333333332,3.012539184952978
0,0.0,0.0,0.0,0.0,0.0,0.0,0.0,0,0,0,1440,1841,1.0,433.0,463.0,62.5,24.3899993896484,23.5,0,0.0,0.0,1.0,0.0,0.0,1841.0
2153,1.53999996185303,1.53999996185303,0.0,0.769999980926514,0.620000004768372,0.150000005960464,0.0,11,18,11,1400,2053,1.0,433.0,463.0,62.5,24.3899993896484,23.5,40,0.027758501040943788,0.2682926829268293,0.9722222222222222,0.09216589861751152,52.51219512195122,0.9531104921077066
6474,4.6399998664856,4.6399998664856,0.0,2.26999998092651,0.46000000834465,1.89999997615814,0.0,33,13,92,1302,2484,1.0,433.0,463.0,62.5,24.3899993896484,23.5,138,0.09576682859125607,0.23741007194244604,0.9041666666666667,0.31797235023041476,46.57553956834533,0.38362934362934364
7091,5.26999998092651,5.26999998092651,1.95959603786469,3.48000001907349,0.870000004768372,0.730000019073486,0.0,42,30,47,1321,2584,1.0,433.0,463.0,62.5,24.3899993896484,23.5,119,0.08258154059680778,0.35,0.9173611111111111,0.27419354838709675,59.09166666666667,0.3643542019176537
0,0.0,0.0,0.0,0.0,0.0,0.0,0.0,0,0,0,1440,1841,1.0,433.0,463.0,62.5,24.3899993896484,23.5,0,0.0,0.0,1.0,0.0,0.0,1841.0
703,0.5,0.5,0.0,0.0599999986588955,0.200000002980232,0.239999994635582,0.0,2,13,15,1410,1993,1.0,433.0,463.0,62.5,24.3899993896484,23.5,30,0.020818875780707843,0.06451612903225806,0.9791666666666666,0.06912442396313365,22.677419354838708,2.830965909090909
0,0.0,0.0,0.0,0.0,0.0,0.0,0.0,0,0,0,1440,1841,1.0,433.0,463.0,62.5,24.3899993896484,23.5,0,0.0,0.0,1.0,0.0,0.0,1841.0
2503,1.78999996185303,1.78999996185303,0.0,0.159999996423721,0.159999996423721,1.48000001907349,0.0,3,9,84,1344,2280,1.0,433.0,463.0,62.5,24.3899993896484,23.5,96,0.06662040249826509,0.030927835051546393,0.9333333333333333,0.22119815668202766,25.804123711340207,0.9105431309904153
2487,1.77999997138977,1.77999997138977,0.0,0.479999989271164,0.620000004768372,0.680000007152557,0.0,9,34,50,1347,2319,1.0,433.0,463.0,62.5,24.3899993896484,23.5,93,0.06453851492019431,0.09574468085106383,0.9354166666666667,0.21428571428571427,26.45744680851064,0.9320739549839229
0,0.0,0.0,0.0,0.0,0.0,0.0,0.0,0,0,0,1440,1841,1.0,433.0,463.0,62.5,24.3899993896484,23.5,0,0.0,0.0,1.0,0.0,0.0,1841.0
9,0.0099999997764825,0.0099999997764825,0.0,0.0,0.0,0.0099999997764825,0.0,0,0,1,1439,1843,1.0,433.0,463.0,62.5,24.3899993896484,23.5,1,0.0006939625260235947,0.0,0.9993055555555556,0.002304147465437788,4.5,184.3
0,0.0,0.0,0.0,0.0,0.0,0.0,0.0,0,0,0,1440,1841,1.0,433.0,463.0,62.5,24.3899993896484,23.5,0,0.0,0.0,1.0,0.0,0.0,1841.0
0,0.0,0.0,0.0,0.0,0.0,0.0,0.0,0,0,0,1440,1841,1.0,433.0,463.0,62.5,24.3899993896484,23.5,0,0.0,0.0,1.0,0.0,0.0,1841.0
4697,3.36999988555908,3.36999988555908,0.0,0.469999998807907,0.930000007152557,1.92999994754791,0.0,12,35,75,1318,2496,1.0,433.0,463.0,62.5,24.3899993896484,23.5,122,0.08466342817487855,0.0975609756097561,0.9152777777777777,0.28110599078341014,38.1869918699187,0.5312899106002554
1967,1.4099999666214,1.4099999666214,0.0,0.129999995231628,0.239999994635582,1.04999995231628,0.0,2,5,49,551,1032,1.0,433.0,463.0,62.5,24.3899993896484,23.5,56,0.09210526315789473,0.03508771929824561,0.38263888888888886,0.12903225806451613,34.50877192982456,0.524390243902439
10199,6.73999977111816,6.73999977111816,0.0,3.40000009536743,0.829999983310699,2.50999999046326,0.0,50,14,189,796,1994,1.0,366.0,387.0,62.5,24.3899993896484,23.5,253,0.24095238095238095,0.1968503937007874,0.5527777777777778,0.6893732970027248,40.153543307086615,0.19549019607843138
5652,3.74000000953674,3.74000000953674,0.0,0.569999992847443,1.21000003814697,1.96000003814697,0.0,8,24,142,548,1718,3.0,630.0,679.0,62.0999984741211,24.2399997711182,23.5,174,0.24066390041493776,0.045714285714285714,0.38055555555555554,0.2757527733755943,32.29714285714286,0.3039094286219706
1551,1.02999997138977,1.02999997138977,0.0,0.0,0.0,1.02999997138977,0.0,0,0,86,862,1466,2.0,508.0,535.0,61.7000007629395,24.1000003814697,23.5,86,0.09062170706006323,0.0,0.5986111111111111,0.16895874263261296,17.82758620689655,0.9445876288659794
5563,3.6800000667572,3.6800000667572,0.0,0.0,0.0,3.6800000667572,0.0,0,0,217,837,1756,1.0,370.0,386.0,61.5,24.0,23.5,217,0.20568720379146918,0.0,0.58125,0.5849056603773585,25.51834862385321,0.31560028756290437
13217,8.73999977111816,8.73999977111816,0.0,3.66000008583069,0.189999997615814,4.88000011444092,0.0,50,3,280,741,2173,1.0,357.0,366.0,62.0,24.2099990844727,23.5,333,0.3097674418604651,0.1497005988023952,0.5145833333333333,0.9301675977653632,39.57185628742515,0.16439703434710243
10145,6.71000003814697,6.71000003814697,0.0,0.330000013113022,0.680000007152557,5.69000005722046,0.0,5,13,295,634,2027,1.0,427.0,446.0,61.4000015258789,23.9599990844727,23.5,313,0.33016877637130804,0.01592356687898089,0.44027777777777777,0.7313084112149533,32.30891719745223,0.19978316577961758
11404,7.53999996185303,7.53999996185303,0.0,0.829999983310699,2.39000010490417,4.32000017166138,0.0,13,42,238,689,2039,1.0,442.0,458.0,61.2000007629395,23.8899993896484,23.5,293,0.2980671414038657,0.04421768707482993,0.47847222222222224,0.6613995485327314,38.7891156462585,0.17878123629986847
10742,7.09999990463257,7.09999990463257,0.0,2.09999990463257,2.13000011444092,2.86999988555908,0.0,35,41,195,659,2046,1.0,476.0,535.0,61.4000015258789,23.9599990844727,23.5,271,0.29108485499462944,0.12867647058823528,0.4576388888888889,0.5681341719077568,39.49264705882353,0.19044959508517173
13928,9.55000019073486,9.55000019073486,0.0,4.28000020980835,0.189999997615814,5.09000015258789,0.0,48,4,297,639,2174,1.0,418.0,424.0,61.7000007629395,24.1000003814697,23.5,349,0.3528816986855409,0.13714285714285715,0.44375,0.8329355608591885,39.794285714285714,0.1560772489051619
11835,9.71000003814697,7.88000011444092,4.08169221878052,3.99000000953674,2.09999990463257,3.50999999046326,0.109999999403954,53,27,214,708,2179,1.0,451.0,457.0,61.4000015258789,23.9599990844727,23.5,294,0.2931206380857428,0.17966101694915254,0.49166666666666664,0.6504424778761062,40.11864406779661,0.18409935789117945
10725,7.09000015258789,7.09000015258789,0.0,1.76999998092651,1.54999995231628,3.76999998092651,0.0,30,33,240,659,2086,1.0,425.0,435.0,61.4000015258789,23.9599990844727,23.5,303,0.3146417445482866,0.09868421052631579,0.4576388888888889,0.7112676056338029,35.2796052631579,0.19448070110013052
20031,13.2399997711182,13.2399997711182,0.0,4.19999980926514,2.0,7.03999996185303,0.0,58,41,347,484,2571,1.0,528.0,546.0,61.5,24.0,23.5,446,0.4790547798066595,0.1297539149888143,0.33611111111111114,0.8431001890359168,44.81208053691275,0.12834464856230032
5029,3.3199999332428,3.3199999332428,0.0,0.0,0.0,3.3199999332428,0.0,0,0,199,720,1705,1.0,511.0,514.0,61.5,24.0,23.5,199,0.21630434782608696,0.0,0.5,0.388671875,25.145,0.3389662027833002
13239,9.27000045776367,9.07999992370605,2.78517508506775,3.01999998092651,1.67999994754791,4.46000003814697,0.100000001490116,35,31,282,637,2194,1.0,400.0,415.0,61.7000007629395,24.1000003814697,23.5,348,0.35294117647058826,0.10028653295128939,0.4423611111111111,0.8678304239401496,37.93409742120344,0.16570996978851965
10433,6.90000009536743,6.90000009536743,0.0,2.57999992370605,0.419999986886978,3.90000009536743,0.0,36,7,254,680,2012,1.0,441.0,446.0,62.5,24.3899993896484,23.5,297,0.30368098159509205,0.12080536912751678,0.4722222222222222,0.6719457013574661,35.01006711409396,0.19283112900134178
10320,6.82000017166138,6.82000017166138,0.0,0.550000011920929,2.01999998092651,4.25,0.0,7,38,279,697,2034,1.0,455.0,467.0,61.2000007629395,23.8899993896484,23.5,324,0.31702544031311153,0.021538461538461538,0.4840277777777778,0.7105263157894737,31.753846153846155,0.19707392694506345
12627,8.35000038146973,8.35000038146973,0.0,2.50999999046326,0.239999994635582,5.59000015258789,0.0,38,8,288,621,2182,1.0,440.0,453.0,61.2000007629395,23.8899993896484,23.5,334,0.3493723849372385,0.11343283582089553,0.43125,0.7573696145124716,37.69253731343284,0.1727906240101362
10762,7.1100001335144,7.1100001335144,0.0,0.819999992847443,0.479999989271164,5.80999994277954,0.0,12,15,369,645,2254,1.0,433.0,447.0,61.4000015258789,23.9599990844727,23.5,396,0.3800383877159309,0.030226700251889168,0.4479166666666667,0.9124423963133641,27.10831234256927,0.20942116510266653
10081,6.65999984741211,6.65999984741211,0.0,2.24000000953674,0.759999990463257,3.67000007629395,0.0,32,16,237,731,2002,1.0,422.0,424.0,61.0,23.8199996948242,23.5,285,0.28023598820059,0.11188811188811189,0.5076388888888889,0.6737588652482269,35.24825174825175,0.1985717119619123
5454,3.60999989509583,3.60999989509583,0.0,0.0,0.0,3.60999989509583,0.0,0,0,215,722,1740,1.0,411.0,426.0,61.7000007629395,24.1000003814697,23.5,215,0.22921108742004265,0.0,0.5013888888888889,0.5218446601941747,25.25,0.31897341888175984
12912,8.53999996185303,8.53999996185303,0.0,1.20000004768372,2.0,5.34000015258789,0.0,18,39,313,655,2162,1.0,466.0,482.0,61.5,24.0,23.5,370,0.36062378167641324,0.04851752021563342,0.4548611111111111,0.7922912205567452,34.80323450134771,0.16742817315883218
12109,8.11999988555908,8.11999988555908,0.0,1.74000000953674,2.03999996185303,4.32999992370605,0.0,21,36,267,654,2072,1.0,394.0,418.0,61.0,23.8199996948242,23.5,324,0.33094994892747703,0.06461538461538462,0.45416666666666666,0.8202531645569621,37.25846153846154,0.17109826589595376
10147,6.71000003814697,6.71000003814697,0.0,0.469999998807907,1.67999994754791,4.55000019073486,0.0,15,36,284,683,2086,1.0,442.0,455.0,61.0999984741211,23.8500003814697,23.5,335,0.32875368007850836,0.044642857142857144,0.47430555555555554,0.7562076749435666,30.199404761904763,0.2055577453685455
10524,6.96000003814697,6.96000003814697,0.0,0.990000009536743,1.1599999666214,4.80999994277954,0.0,14,22,305,591,2066,1.0,467.0,491.0,61.2999992370605,23.9300003051758,23.5,341,0.3654876741693462,0.04093567251461988,0.41041666666666665,0.7286324786324786,30.771929824561404,0.19629453681710213
5908,3.91000008583069,3.91000008583069,0.0,0.0,0.0,3.91000008583069,0.0,0,0,299,717,1850,1.0,443.0,462.0,61.5,24.0,23.5,299,0.29400196656833827,0.0,0.4979166666666667,0.6734234234234234,19.69333333333333,0.3130817397190726
6815,4.5,4.5,0.0,0.0,0.0,4.5,0.0,0,0,328,745,1947,1.0,298.0,334.0,61.2000007629395,23.8899993896484,23.5,328,0.3054003724394786,0.0,0.5173611111111112,1.0969899665551839,20.714285714285715,0.28565140845070425
4188,2.76999998092651,2.76999998092651,0.0,0.0,0.519999980926514,2.25,0.0,0,14,151,709,1659,1.0,541.0,569.0,61.2000007629395,23.8899993896484,23.5,165,0.18857142857142858,0.0,0.49236111111111114,0.3044280442804428,25.228915662650603,0.39603724039150157
12342,8.72000026702881,8.68000030517578,3.16782188415527,3.90000009536743,1.17999994754791,3.65000009536743,0.0,43,21,231,607,2105,1.0,489.0,497.0,62.4000015258789,24.3500003814697,23.5,295,0.3266888150609081,0.14527027027027026,0.4215277777777778,0.6020408163265306,41.695945945945944,0.1705420076156526
15448,10.210000038147,10.210000038147,0.0,3.47000002861023,1.75,4.98999977111816,0.0,62,34,275,626,2361,1.0,469.0,481.0,62.0999984741211,24.2399997711182,23.5,371,0.3717434869739479,0.16666666666666666,0.43472222222222223,0.7893617021276595,41.526881720430104,0.15282542559388956
6722,4.44000005722046,4.44000005722046,0.0,1.49000000953674,0.310000002384186,2.65000009536743,0.0,24,7,199,709,1855,1.0,452.0,480.0,61.9000015258789,24.1700000762939,23.5,230,0.24468085106382978,0.1038961038961039,0.49236111111111114,0.5077262693156733,29.0995670995671,0.2759184887698944
3587,2.36999988555908,2.36999988555908,0.0,0.0,0.25,2.10999989509583,0.0,0,8,105,127,928,1.0,516.0,535.0,61.9000015258789,24.1700000762939,23.5,113,0.46887966804979253,0.0,0.08819444444444445,0.218568665377176,31.464912280701753,0.25863991081382387
14172,10.289999961853,9.47999954223633,4.8697829246521,4.5,0.379999995231628,5.40999984741211,0.0,53,8,355,1024,2937,1.0,433.0,463.0,62.5,24.3899993896484,23.5,416,0.2886884108258154,0.12709832134292565,0.7111111111111111,0.9585253456221198,33.985611510791365,0.20722500529175192
12862,9.64999961853027,8.60000038146973,4.8513069152832,4.6100001335144,0.560000002384186,4.48000001907349,0.0,56,22,261,1101,2742,1.0,433.0,463.0,62.5,24.3899993896484,23.5,339,0.23525329632199862,0.16470588235294117,0.7645833333333333,0.7811059907834101,37.82941176470588,0.21316955609111404
11179,8.23999977111816,7.48000001907349,3.28541493415833,2.95000004768372,0.340000003576279,4.96000003814697,0.0,34,6,304,1096,2668,1.0,433.0,463.0,62.5,24.3899993896484,23.5,344,0.2387231089521166,0.09855072463768116,0.7611111111111111,0.7926267281105991,32.402898550724636,0.23864042933810375
5273,3.52999997138977,3.52999997138977,0.0,0.0,0.0,3.52999997138977,0.0,0,0,202,1238,2098,1.0,433.0,463.0,62.5,24.3899993896484,23.5,202,0.14018043025676613,0.0,0.8597222222222223,0.46543778801843316,25.97536945812808,0.39780053090633294
4631,3.09999990463257,3.09999990463257,0.0,0.0,0.0,3.09999990463257,0.0,0,0,203,1155,2076,1.0,79.0,82.0,62.5,24.3899993896484,23.5,203,0.14937454010301693,0.0,0.8020833333333334,2.5375,22.70098039215686,0.4481865284974093
8059,5.3899998664856,5.3899998664856,0.0,0.0,0.0,5.3899998664856,0.0,0,0,305,1135,2383,1.0,433.0,463.0,62.5,24.3899993896484,23.5,305,0.21165857043719638,0.0,0.7881944444444444,0.7027649769585254,26.336601307189543,0.2956575682382134
14816,10.9799995422363,9.90999984741211,4.93055009841919,3.78999996185303,2.11999988555908,5.05000019073486,0.0199999995529652,48,31,284,1077,2832,1.0,433.0,463.0,62.5,24.3899993896484,23.5,363,0.25190839694656486,0.13186813186813187,0.7479166666666667,0.836405529953917,40.7032967032967,0.1911318080583114
14194,10.4799995422363,9.5,4.94214200973511,4.40999984741211,0.759999990463257,5.30999994277954,0.0,53,17,304,1066,2812,1.0,433.0,463.0,62.5,24.3899993896484,23.5,374,0.2595419847328244,0.14133333333333334,0.7402777777777778,0.8617511520737328,37.85066666666667,0.19809792180345193
15566,11.3100004196167,10.4099998474121,4.92484092712402,4.78999996185303,0.670000016689301,5.8600001335144,0.0,60,33,347,1000,3096,1.0,433.0,463.0,62.5,24.3899993896484,23.5,440,0.3053435114503817,0.1360544217687075,0.6944444444444444,1.0138248847926268,35.297052154195015,0.19888225091539796
13744,9.1899995803833,9.1899995803833,0.0,2.15000009536743,1.87000000476837,5.17000007629395,0.0,30,34,327,1049,2763,1.0,433.0,463.0,62.5,24.3899993896484,23.5,391,0.27133934767522555,0.07653061224489796,0.7284722222222222,0.9009216589861752,35.06122448979592,0.20101855220080028
15299,10.2399997711182,10.2399997711182,0.0,4.09999990463257,1.75999999046326,4.36999988555908,0.0,64,50,261,1065,2889,1.0,433.0,463.0,62.5,24.3899993896484,23.5,375,0.260235947258848,0.1702127659574468,0.7395833333333334,0.8640552995391705,40.68882978723404,0.1888235294117647
8093,5.40999984741211,5.40999984741211,0.0,0.129999995231628,1.12999999523163,4.15000009536743,0.0,2,25,223,1190,2284,1.0,433.0,463.0,62.5,24.3899993896484,23.5,250,0.1734906315058987,0.00796812749003984,0.8263888888888888,0.576036866359447,32.243027888446214,0.2821843340746232
11085,7.42000007629395,7.42000007629395,0.0,0.0,0.0,7.42000007629395,0.0,0,0,419,1021,2667,1.0,433.0,463.0,62.5,24.3899993896484,23.5,419,0.2907702984038862,0.0,0.7090277777777778,0.9654377880184332,26.392857142857142,0.2405736965542125
18229,13.3400001525879,12.1999998092651,4.86179208755493,4.30999994277954,1.37000000476837,7.67000007629395,0.0,51,24,379,986,3055,1.0,433.0,463.0,62.5,24.3899993896484,23.5,454,0.315058986814712,0.11208791208791209,0.6847222222222222,1.0460829493087558,40.06373626373627,0.1675809105869446
15090,10.1000003814697,10.1000003814697,0.0,0.930000007152557,0.939999997615814,8.22999954223633,0.0,16,22,424,978,2939,1.0,433.0,463.0,62.5,24.3899993896484,23.5,462,0.32061068702290074,0.03455723542116631,0.6791666666666667,1.064516129032258,32.59179265658747,0.1947518388443443
13541,10.2200002670288,9.0600004196167,4.88560485839844,4.26999998092651,0.660000026226044,5.28999996185303,0.0,50,12,337,1041,2830,1.0,433.0,463.0,62.5,24.3899993896484,23.5,399,0.2768910478834143,0.125,0.7229166666666667,0.9193548387096774,33.8525,0.20897947127455324
15128,10.1199998855591,10.1199998855591,0.0,1.0900000333786,0.769999980926514,8.26000022888184,0.0,16,16,401,1007,2836,1.0,433.0,463.0,62.5,24.3899993896484,23.5,433,0.3004857737682165,0.03686635944700461,0.6993055555555555,0.9976958525345622,34.857142857142854,0.187454557472404
20067,14.3000001907349,13.4200000762939,4.91114616394043,4.30999994277954,2.04999995231628,7.94999980926514,0.0,55,42,382,961,3180,1.0,433.0,463.0,62.5,24.3899993896484,23.5,479,0.3324080499653019,0.11458333333333333,0.6673611111111111,1.1036866359447004,41.80625,0.15846123181183974
3761,2.51999998092651,2.51999998092651,0.0,0.0,0.0,2.51999998092651,0.0,0,0,200,1240,2051,1.0,433.0,463.0,62.5,24.3899993896484,23.5,200,0.13879250520471895,0.0,0.8611111111111112,0.4608294930875576,18.71144278606965,0.5451887293992557
5600,3.75,3.75,0.0,0.0,0.0,3.75,0.0,0,0,237,1142,2225,1.0,58.0,61.0,62.5,24.3899993896484,23.5,237,0.17173913043478262,0.0,0.7930555555555555,4.016949152542373,23.529411764705884,0.3972504909837529
13041,9.18000030517578,8.72000026702881,2.83232593536377,4.6399998664856,0.699999988079071,3.82999992370605,0.0,64,14,250,1112,2642,1.0,433.0,463.0,62.5,24.3899993896484,23.5,328,0.22761970853573907,0.1945288753799392,0.7722222222222223,0.7557603686635944,39.638297872340424,0.2025762919797577
14510,10.8699998855591,9.71000003814697,4.91236782073975,4.48000001907349,1.01999998092651,5.3600001335144,0.0,58,31,330,1021,2976,1.0,433.0,463.0,62.5,24.3899993896484,23.5,419,0.2907702984038862,0.1380952380952381,0.7090277777777778,0.9654377880184332,34.54761904761905,0.20508579698160018
0,0.0,0.0,0.0,0.0,0.0,0.0,0.0,0,0,0,1440,1557,1.0,433.0,463.0,62.5,24.3899993896484,23.5,0,0.0,0.0,1.0,0.0,0.0,1557.0
15010,11.1000003814697,10.039999961853,4.8782320022583,4.32999992370605,1.28999996185303,5.48000001907349,0.0,53,23,317,1047,2933,1.0,433.0,463.0,62.5,24.3899993896484,23.5,393,0.2727272727272727,0.13451776649746192,0.7270833333333333,0.9055299539170507,38.09644670050761,0.19539004729864765
11459,7.67000007629395,7.67000007629395,0.0,3.0,0.810000002384186,3.85999989509583,0.0,44,13,247,1136,2553,1.0,433.0,463.0,62.5,24.3899993896484,23.5,304,0.2109646079111728,0.14426229508196722,0.7888888888888889,0.7004608294930875,37.570491803278685,0.22277486910994765
0,0.0,0.0,0.0,0.0,0.0,0.0,0.0,0,0,0,111,120,1.0,433.0,463.0,62.5,24.3899993896484,23.5,0,0.0,0.0,0.07708333333333334,0.0,0.0,120.0
11317,8.40999984741211,8.40999984741211,0.0,5.26999998092651,0.150000005960464,2.97000002861023,0.0,59,6,153,745,2772,1.0,514.0,525.0,62.5,24.3899993896484,23.5,218,0.22614107883817428,0.2694063926940639,0.5173611111111112,0.42330097087378643,51.67579908675799,0.24491959710196148
5813,3.61999988555908,3.61999988555908,0.0,0.560000002384186,0.209999993443489,2.83999991416931,0.0,31,26,155,744,2516,1.0,451.0,465.0,62.5,24.3899993896484,23.5,212,0.22152560083594566,0.14553990610328638,0.5166666666666667,0.4690265486725664,27.291079812206572,0.4327485380116959
9123,6.11999988555908,6.11999988555908,0.0,2.02999997138977,0.330000013113022,3.66000008583069,0.0,35,32,189,787,2734,1.0,472.0,476.0,62.5,24.3899993896484,23.5,256,0.24521072796934865,0.13618677042801555,0.5465277777777777,0.5412262156448203,35.49805447470817,0.2996492766330557
8585,5.67000007629395,5.67000007629395,0.0,2.03999996185303,1.11000001430511,2.52999997138977,0.0,30,21,139,864,2395,1.0,377.0,386.0,62.5,24.3899993896484,23.5,190,0.18009478672985782,0.15706806282722513,0.6,0.5026455026455027,44.94764397905759,0.2789424644770557
31,0.0099999997764825,0.0099999997764825,0.0,0.0,0.0,0.0099999997764825,0.0,0,0,3,1437,1635,1.0,433.0,463.0,62.5,24.3899993896484,23.5,3,0.002081887578070784,0.0,0.9979166666666667,0.0069124423963133645,7.75,51.09375
0,0.0,0.0,0.0,0.0,0.0,0.0,0.0,0,0,0,1440,1629,1.0,433.0,463.0,62.5,24.3899993896484,23.5,0,0.0,0.0,1.0,0.0,0.0,1629.0
9827,6.71000003814697,6.71000003814697,0.0,3.17000007629395,1.22000002861023,2.30999994277954,0.0,61,51,114,1136,2743,1.0,433.0,463.0,62.5,24.3899993896484,23.5,226,0.16581071166544387,0.2687224669603524,0.7888888888888889,0.5207373271889401,43.290748898678416,0.2791005291005291
10688,7.28999996185303,7.28999996185303,0.0,3.52999997138977,1.23000001907349,2.50999999046326,0.0,67,69,124,671,2944,1.0,472.0,483.0,62.5,24.3899993896484,23.5,260,0.27896995708154504,0.2567049808429119,0.46597222222222223,0.5496828752642706,40.95019157088122,0.2754233323977921
14365,10.6400003433228,10.6400003433228,0.0,7.6399998664856,0.449999988079071,2.53999996185303,0.0,87,13,145,797,2997,1.0,492.0,502.0,62.5,24.3899993896484,23.5,245,0.2348993288590604,0.35365853658536583,0.5534722222222223,0.4969574036511156,58.39430894308943,0.20861756926075456
9469,6.17999982833862,6.17999982833862,0.0,1.36000001430511,0.300000011920929,4.51000022888184,0.0,19,6,206,758,2463,1.0,390.0,411.0,62.5,24.3899993896484,23.5,231,0.23333333333333334,0.08189655172413793,0.5263888888888889,0.5907928388746803,40.814655172413794,0.2600844772967265
9753,6.53000020980835,6.53000020980835,0.0,2.86999988555908,0.970000028610229,2.67000007629395,0.0,58,59,153,762,2846,1.0,428.0,448.0,62.5,24.3899993896484,23.5,270,0.26137463697967084,0.2140221402214022,0.5291666666666667,0.6293706293706294,35.988929889298895,0.29177773221242564
2817,1.80999994277954,1.80999994277954,0.0,0.0,0.0,1.79999995231628,0.0,0,0,90,1350,1965,1.0,433.0,463.0,62.5,24.3899993896484,23.5,90,0.062456627342123525,0.0,0.9375,0.2073732718894009,30.956043956043956,0.6973030518097941
3520,2.16000008583069,2.16000008583069,0.0,0.0,0.0,2.15000009536743,0.0,0,0,125,566,2049,1.0,681.0,704.0,62.5,24.3899993896484,23.5,125,0.18063583815028902,0.0,0.39305555555555555,0.18328445747800587,27.936507936507937,0.5819369497301903
10091,6.82000017166138,6.82000017166138,0.0,3.75,0.699999988079071,2.36999988555908,0.0,69,39,129,706,2752,1.0,446.0,447.0,62.5,24.3899993896484,23.5,237,0.2510593220338983,0.28991596638655465,0.49027777777777776,0.5302013422818792,42.39915966386555,0.27269124058660327
10387,7.07000017166138,7.07000017166138,0.0,4.15999984741211,0.769999980926514,2.11999988555908,0.0,70,33,132,726,2781,1.0,485.0,500.0,62.5,24.3899993896484,23.5,235,0.2442827442827443,0.2966101694915254,0.5041666666666667,0.4835390946502058,44.01271186440678,0.2677127454755487
11107,8.34000015258789,8.34000015258789,0.0,5.63000011444092,0.180000007152557,2.52999997138977,0.0,55,6,145,829,2693,1.0,469.0,479.0,62.5,24.3899993896484,23.5,206,0.19884169884169883,0.26570048309178745,0.5756944444444444,0.43829787234042555,53.65700483091788,0.24243788260713
11584,7.80000019073486,7.80000019073486,0.0,2.78999996185303,1.63999998569489,3.35999989509583,0.0,54,48,161,810,2862,1.0,354.0,367.0,62.5,24.3899993896484,23.5,263,0.24487895716945995,0.20454545454545456,0.5625,0.7408450704225352,43.878787878787875,0.2470435908502374
7881,4.94999980926514,4.94999980926514,0.0,0.490000009536743,0.449999988079071,4.0,0.0,24,36,182,1198,2616,1.0,433.0,463.0,62.5,24.3899993896484,23.5,242,0.16793893129770993,0.09876543209876543,0.8319444444444445,0.5576036866359447,32.4320987654321,0.33189545800558234
14560,9.40999984741211,9.40999984741211,0.0,3.11999988555908,1.03999996185303,5.23999977111816,0.0,42,17,308,584,2995,1.0,485.0,489.0,62.5,24.3899993896484,23.5,367,0.3855042016806723,0.11413043478260869,0.40555555555555556,0.7551440329218106,39.56521739130435,0.20568642263580797
12390,8.06999969482422,8.06999969482422,0.0,2.29999995231628,0.899999976158142,4.84999990463257,0.0,30,15,258,685,2730,1.0,388.0,407.0,62.5,24.3899993896484,23.5,303,0.3063700707785642,0.09868421052631579,0.4756944444444444,0.7789203084832905,40.75657894736842,0.22032120087160034
10052,6.80999994277954,6.80999994277954,0.0,3.48000001907349,0.660000026226044,2.66000008583069,0.0,66,26,139,737,2754,1.0,440.0,459.0,62.5,24.3899993896484,23.5,231,0.23839009287925697,0.28448275862068967,0.5118055555555555,0.5238095238095238,43.327586206896555,0.2739480752014324
10288,6.76000022888184,6.76000022888184,0.0,2.74000000953674,0.850000023841858,3.16000008583069,0.0,57,36,152,761,2754,1.0,456.0,461.0,62.5,24.3899993896484,23.5,245,0.24329692154915591,0.23170731707317074,0.5284722222222222,0.5361050328227571,41.82113821138211,0.2676644960637574
10988,8.3100004196167,8.3100004196167,0.0,5.28000020980835,0.119999997317791,2.90000009536743,0.0,45,12,135,843,2655,1.0,420.0,436.0,62.5,24.3899993896484,23.5,192,0.18532818532818532,0.23316062176165803,0.5854166666666667,0.45605700712589076,56.932642487046635,0.2416052416052416
8564,5.59999990463257,5.59999990463257,0.0,1.77999997138977,0.829999983310699,2.95000004768372,0.0,24,14,149,1253,2386,1.0,433.0,463.0,62.5,24.3899993896484,23.5,187,0.1297709923664122,0.1276595744680851,0.8701388888888889,0.4308755760368664,45.5531914893617,0.27857559836544077
12461,8.38000011444092,8.38000011444092,0.0,3.8199999332428,1.42999994754791,3.11999988555908,0.0,84,35,154,834,2924,1.0,322.0,333.0,62.5,24.3899993896484,23.5,273,0.2463898916967509,0.30656934306569344,0.5791666666666667,0.8452012383900929,45.47810218978102,0.23463328518696838
12827,8.47999954223633,8.47999954223633,0.0,1.46000003814697,2.32999992370605,4.67999982833862,0.0,20,42,209,621,2739,1.0,530.0,548.0,62.5,24.3899993896484,23.5,271,0.303471444568869,0.07352941176470588,0.43125,0.5103578154425612,47.158088235294116,0.21351730589335827
10677,7.09999990463257,7.09999990463257,0.0,2.30999994277954,1.52999997138977,3.25,0.0,32,27,147,695,2534,1.0,481.0,510.0,62.5,24.3899993896484,23.5,206,0.22838137472283815,0.15458937198067632,0.4826388888888889,0.42738589211618255,51.57971014492754,0.23731035774489606
13566,9.10999965667725,9.10999965667725,0.0,4.26000022888184,1.71000003814697,3.11999988555908,0.0,67,50,171,743,2960,1.0,427.0,438.0,62.5,24.3899993896484,23.5,288,0.27906976744186046,0.23183391003460208,0.5159722222222223,0.6728971962616822,46.94117647058823,0.21817645758089482
14433,10.789999961853,10.789999961853,0.0,7.1100001335144,1.20000004768372,2.45000004768372,0.0,72,23,106,1182,2800,1.0,433.0,463.0,62.5,24.3899993896484,23.5,201,0.14523121387283236,0.3564356435643564,0.8208333333333333,0.4631336405529954,71.45049504950495,0.19398642095053345
9572,6.51999998092651,6.51999998092651,0.0,2.89000010490417,1.38999998569489,2.23000001907349,0.0,57,40,128,757,2735,1.0,451.0,463.0,62.5,24.3899993896484,23.5,225,0.2288911495422177,0.252212389380531,0.5256944444444445,0.497787610619469,42.35398230088496,0.2856993627911835
3789,2.55999994277954,2.55999994277954,0.0,0.379999995231628,0.270000010728836,1.88999998569489,0.0,5,4,58,343,1199,1.0,444.0,457.0,62.5,24.3899993896484,23.5,67,0.1630170316301703,0.07352941176470588,0.23819444444444443,0.15056179775280898,55.720588235294116,0.3163588390501319
18060,14.1199998855591,14.1199998855591,0.0,11.6400003433228,0.389999985694885,2.09999990463257,0.0,116,8,123,1193,3186,1.0,433.0,463.0,62.5,24.3899993896484,23.5,247,0.1714087439278279,0.46774193548387094,0.8284722222222223,0.5691244239631337,72.8225806451613,0.17640219256962517
16433,13.3500003814697,13.3500003814697,0.0,10.4300003051758,0.469999998807907,2.45000004768372,0.0,95,12,156,1177,3140,1.0,433.0,463.0,62.5,24.3899993896484,23.5,263,0.1825121443442054,0.35984848484848486,0.8173611111111111,0.6059907834101382,62.246212121212125,0.19106729950103443
20159,15.9700002670288,15.9700002670288,0.0,12.3400001525879,0.209999993443489,3.35999989509583,0.0,119,5,193,1123,3411,1.0,433.0,463.0,62.5,24.3899993896484,23.5,317,0.21998612074947954,0.3742138364779874,0.7798611111111111,0.7304147465437788,63.393081761006286,0.16919642857142858
20669,16.2399997711182,16.2399997711182,0.0,13.2600002288818,0.389999985694885,2.58999991416931,0.0,132,8,158,1142,3410,1.0,433.0,463.0,62.5,24.3899993896484,23.5,298,0.20680083275503122,0.4414715719063545,0.7930555555555555,0.6866359447004609,69.12709030100335,0.16497339138848574
14549,11.1099996566772,11.1099996566772,0.0,9.35999965667725,0.270000010728836,1.49000000953674,0.0,96,6,83,1255,2867,1.0,433.0,463.0,62.5,24.3899993896484,23.5,185,0.12838306731436502,0.5161290322580645,0.8715277777777778,0.42626728110599077,78.22043010752688,0.1970446735395189
18827,13.6899995803833,13.6899995803833,0.0,9.23999977111816,0.800000011920929,3.64000010490417,0.0,111,21,195,1113,3213,1.0,433.0,463.0,62.5,24.3899993896484,23.5,327,0.22692574600971546,0.3384146341463415,0.7729166666666667,0.7534562211981567,57.39939024390244,0.17065009560229447
17076,12.6599998474121,12.6599998474121,0.0,9.07999992370605,0.230000004172325,3.34999990463257,0.0,102,6,195,1137,3133,1.0,433.0,463.0,62.5,24.3899993896484,23.5,303,0.2102706453851492,0.3355263157894737,0.7895833333333333,0.6981566820276498,56.171052631578945,0.18346313755343444
15929,12.4799995422363,12.4799995422363,0.0,9.22000026702881,0.310000002384186,2.95000004768372,0.0,90,7,191,1152,3114,1.0,433.0,463.0,62.5,24.3899993896484,23.5,288,0.19986120749479527,0.31141868512110726,0.8,0.663594470046083,55.11764705882353,0.19548022598870057
15108,12.1899995803833,12.1899995803833,0.0,9.57999992370605,0.230000004172325,2.38000011444092,0.0,89,5,158,695,3043,1.0,486.0,493.0,62.5,24.3899993896484,23.5,252,0.26582278481012656,0.35177865612648224,0.4826388888888889,0.5174537987679672,59.715415019762844,0.2014031372029916
16057,12.5100002288818,12.5100002288818,0.0,9.67000007629395,0.25,2.57999992370605,0.0,100,6,170,1164,3103,1.0,433.0,463.0,62.5,24.3899993896484,23.5,276,0.19153365718251214,0.36101083032490977,0.8083333333333333,0.6359447004608295,57.96750902527076,0.19323701581766098
10520,8.28999996185303,8.28999996185303,0.0,6.26000022888184,0.150000005960464,1.87999999523163,0.0,60,3,117,1260,2655,1.0,433.0,463.0,62.5,24.3899993896484,23.5,180,0.12491325468424705,0.3314917127071823,0.875,0.4147465437788018,58.12154696132597,0.2523524379811805
22359,17.1900005340576,17.1900005340576,0.0,12.539999961853,0.629999995231628,4.01999998092651,0.0,125,14,223,741,3554,1.0,331.0,337.0,62.5,24.3899993896484,23.5,362,0.3278985507246377,0.3443526170798898,0.5145833333333333,1.0903614457831325,61.59504132231405,0.15894454382826476
22988,17.9500007629395,17.9500007629395,0.0,13.1300001144409,1.54999995231628,3.25999999046326,0.0,129,33,182,1096,3577,1.0,433.0,463.0,62.5,24.3899993896484,23.5,344,0.2387231089521166,0.3739130434782609,0.7611111111111111,0.7926267281105991,66.63188405797102,0.15559615468267432
20500,15.6899995803833,15.6899995803833,0.0,11.3699998855591,0.46000000834465,3.85999989509583,0.0,118,9,209,1104,3403,1.0,433.0,463.0,62.5,24.3899993896484,23.5,336,0.23317140874392783,0.35014836795252224,0.7666666666666667,0.7741935483870968,60.83086053412463,0.1659919028340081
12685,9.61999988555908,9.61999988555908,0.0,6.30999994277954,0.200000002980232,3.09999990463257,0.0,68,5,185,1182,2846,1.0,433.0,463.0,62.5,24.3899993896484,23.5,258,0.17904233171408743,0.2625482625482625,0.8208333333333333,0.5944700460829493,48.97683397683398,0.2243417941037364
12422,9.81999969482422,9.81999969482422,0.0,6.46000003814697,0.430000007152557,2.9300000667572,0.0,60,10,183,1187,2852,1.0,433.0,463.0,62.5,24.3899993896484,23.5,253,0.17557251908396945,0.23622047244094488,0.8243055555555555,0.5829493087557603,48.90551181102362,0.2295741769298881
15447,12.3999996185303,12.3999996185303,0.0,9.67000007629395,0.389999985694885,2.34999990463257,0.0,90,9,153,1188,3062,1.0,433.0,463.0,62.5,24.3899993896484,23.5,252,0.17487855655794587,0.3557312252964427,0.825,0.5806451612903226,61.055335968379445,0.19821336095287415
12315,9.64999961853027,9.64999961853027,0.0,6.17000007629395,0.310000002384186,3.17000007629395,0.0,58,8,159,1215,2794,1.0,433.0,463.0,62.5,24.3899993896484,23.5,225,0.15614156835530882,0.25663716814159293,0.84375,0.5184331797235023,54.491150442477874,0.22685936992530042
7135,5.59000015258789,5.59000015258789,0.0,2.99000000953674,0.0599999986588955,2.53999996185303,0.0,27,1,131,1281,2408,1.0,433.0,463.0,62.5,24.3899993896484,23.5,159,0.11034004163775156,0.16875,0.8895833333333333,0.3663594470046083,44.59375,0.3374439461883408
1170,0.850000023841858,0.850000023841858,0.0,0.0,0.0,0.850000023841858,0.0,0,0,51,1389,1886,1.0,433.0,463.0,62.5,24.3899993896484,23.5,51,0.03539208882720333,0.0,0.9645833333333333,0.1175115207373272,22.5,1.6105892399658412
1969,1.42999994754791,1.42999994754791,0.0,0.0,0.0,1.42999994754791,0.0,0,0,95,1345,1988,1.0,433.0,463.0,62.5,24.3899993896484,23.5,95,0.0659264399722415,0.0,0.9340277777777778,0.21889400921658986,20.510416666666668,1.0091370558375634
15484,11.8999996185303,11.8999996185303,0.0,8.39000034332275,0.930000007152557,2.58999991416931,0.0,87,22,165,1166,3023,1.0,433.0,463.0,62.5,24.3899993896484,23.5,274,0.19014573213046496,0.31636363636363635,0.8097222222222222,0.631336405529954,56.305454545454545,0.19522118178882789
14581,11.1499996185303,11.1499996185303,0.0,8.81999969482422,0.400000005960464,1.9099999666214,0.0,89,8,123,1220,2918,1.0,433.0,463.0,62.5,24.3899993896484,23.5,220,0.15267175572519084,0.40271493212669685,0.8472222222222222,0.5069124423963134,65.97737556561086,0.2001097243176519
14990,11.5100002288818,11.5100002288818,0.0,8.85000038146973,0.449999988079071,2.21000003814697,0.0,93,9,130,1208,2950,1.0,433.0,463.0,62.5,24.3899993896484,23.5,232,0.16099930603747398,0.39914163090128757,0.8388888888888889,0.5345622119815668,64.33476394849785,0.19678473750917216
13953,11.0,11.0,0.0,9.10000038146973,0.689999997615814,1.21000003814697,0.0,90,15,90,1245,2859,1.0,433.0,463.0,62.5,24.3899993896484,23.5,195,0.13532269257460097,0.45918367346938777,0.8645833333333334,0.44930875576036866,71.18877551020408,0.20488748745879318
19769,15.6700000762939,15.6700000762939,0.0,12.4399995803833,0.879999995231628,2.34999990463257,0.0,121,20,148,1076,3331,1.0,74.0,75.0,62.5,24.3899993896484,23.5,289,0.21156661786237188,0.41724137931034483,0.7472222222222222,3.8533333333333335,68.16896551724138,0.16848760748609004
22026,17.6499996185303,17.6499996185303,0.0,13.3999996185303,0.589999973773956,3.66000008583069,0.0,125,14,228,1073,3589,1.0,433.0,463.0,62.5,24.3899993896484,23.5,367,0.2546842470506593,0.33967391304347827,0.7451388888888889,0.8456221198156681,59.85326086956522,0.16293639624097697
12465,9.38000011444092,9.38000011444092,0.0,6.11999988555908,0.569999992847443,2.69000005722046,0.0,66,12,148,1214,2765,1.0,433.0,463.0,62.5,24.3899993896484,23.5,226,0.1568355308813324,0.2907488986784141,0.8430555555555556,0.5207373271889401,54.91189427312775,0.22180330498957163
14810,11.3599996566772,11.3599996566772,0.0,9.09000015258789,0.419999986886978,1.85000002384186,0.0,96,10,115,1219,2926,1.0,433.0,463.0,62.5,24.3899993896484,23.5,221,0.15336571825121442,0.43243243243243246,0.8465277777777778,0.5092165898617511,66.71171171171171,0.19755587063668895
12209,9.39999961853027,9.39999961853027,0.0,6.07999992370605,0.280000001192093,3.03999996185303,0.0,60,7,184,1189,2809,1.0,433.0,463.0,62.5,24.3899993896484,23.5,251,0.17418459403192227,0.23809523809523808,0.8256944444444444,0.5783410138248848,48.448412698412696,0.23005733005733006
4998,3.91000008583069,3.91000008583069,0.0,2.95000004768372,0.200000002980232,0.759999990463257,0.0,28,4,39,839,1505,1.0,433.0,463.0,62.5,24.3899993896484,23.5,71,0.07793633369923161,0.3888888888888889,0.5826388888888889,0.16359447004608296,69.41666666666667,0.30106021204240846
9033,7.15999984741211,7.15999984741211,0.0,5.42999982833862,0.140000000596046,1.5900000333786,0.0,40,2,154,1244,2044,1.0,433.0,463.0,62.5,24.3899993896484,23.5,196,0.13601665510062458,0.20304568527918782,0.8638888888888889,0.45161290322580644,45.85279187817259,0.22625636484392295
8053,6.09999990463257,6.09999990463257,0.0,4.17000007629395,0.629999995231628,1.30999994277954,0.0,35,11,96,1298,1935,1.0,433.0,463.0,62.5,24.3899993896484,23.5,142,0.09854267869535045,0.24475524475524477,0.9013888888888889,0.3271889400921659,56.31468531468531,0.24025329029053885
5234,3.46000003814697,3.46000003814697,0.0,1.92999994754791,0.990000009536743,0.540000021457672,0.0,29,16,33,1362,1705,1.0,433.0,463.0,62.5,24.3899993896484,23.5,78,0.05412907702984039,0.3670886075949367,0.9458333333333333,0.17972350230414746,66.25316455696202,0.3256924546322827
2672,1.76999998092651,1.76999998092651,0.0,0.0,0.0,1.75999999046326,0.0,0,0,105,1335,1632,1.0,433.0,463.0,62.5,24.3899993896484,23.5,105,0.07286606523247745,0.0,0.9270833333333334,0.24193548387096775,25.20754716981132,0.6105499438832772
9256,6.1399998664856,6.1399998664856,0.0,0.430000007152557,3.26999998092651,2.45000004768372,0.0,6,51,115,1268,1880,1.0,433.0,463.0,62.5,24.3899993896484,23.5,172,0.1193615544760583,0.03468208092485549,0.8805555555555555,0.39631336405529954,53.50289017341041,0.20308955385113966
10204,7.90999984741211,7.90999984741211,0.0,5.42999982833862,0.150000005960464,2.32999992370605,0.0,41,5,157,1237,2112,1.0,433.0,463.0,62.5,24.3899993896484,23.5,203,0.14087439278278974,0.20098039215686275,0.8590277777777777,0.46774193548387094,50.01960784313726,0.20695737383635474
5151,3.48000001907349,3.48000001907349,0.0,1.03999996185303,0.629999995231628,1.79999995231628,0.0,16,16,130,1278,1829,1.0,433.0,463.0,62.5,24.3899993896484,23.5,162,0.11242192921582235,0.09815950920245399,0.8875,0.37327188940092165,31.60122699386503,0.35500776397515527
4212,2.77999997138977,2.77999997138977,0.0,0.0,0.0,2.77999997138977,0.0,0,0,164,1276,1763,1.0,433.0,463.0,62.5,24.3899993896484,23.5,164,0.11380985426786953,0.0,0.8861111111111111,0.3778801843317972,25.527272727272727,0.41846665084262996
6466,4.26999998092651,4.26999998092651,0.0,0.330000013113022,0.819999992847443,3.10999989509583,0.0099999997764825,5,18,216,1201,1931,1.0,433.0,463.0,62.5,24.3899993896484,23.5,239,0.16585704371963914,0.020833333333333332,0.8340277777777778,0.5506912442396313,26.941666666666666,0.29859285603834856
11268,8.5600004196167,8.5600004196167,0.0,5.88000011444092,0.930000007152557,1.75,0.0,49,20,172,1199,2218,1.0,433.0,463.0,62.5,24.3899993896484,23.5,241,0.16724496877168632,0.2024793388429752,0.8326388888888889,0.5552995391705069,46.56198347107438,0.1968231431360369
2824,1.87000000476837,1.87000000476837,0.0,0.0,0.0,1.87000000476837,0.0,0,0,120,1320,1651,1.0,433.0,463.0,62.5,24.3899993896484,23.5,120,0.08327550312283137,0.0,0.9166666666666666,0.2764976958525346,23.33884297520661,0.5844247787610619
9282,6.26000022888184,6.26000022888184,0.0,2.08999991416931,1.03999996185303,3.13000011444092,0.0,30,26,191,1193,2132,1.0,433.0,463.0,62.5,24.3899993896484,23.5,247,0.1714087439278279,0.12096774193548387,0.8284722222222223,0.5691244239631337,37.42741935483871,0.22966713346978349
8905,7.13000011444092,7.13000011444092,0.0,5.59999990463257,0.189999997615814,1.3400000333786,0.0,41,4,82,1313,1976,1.0,433.0,463.0,62.5,24.3899993896484,23.5,127,0.08813324080499653,0.3203125,0.9118055555555555,0.2926267281105991,69.5703125,0.22187289467774535
6829,4.51000022888184,4.51000022888184,0.0,0.360000014305115,2.39000010490417,1.76999998092651,0.0,7,54,118,1261,1909,1.0,433.0,463.0,62.5,24.3899993896484,23.5,179,0.12421929215822346,0.03888888888888889,0.8756944444444444,0.41244239631336405,37.93888888888889,0.279502196193265
4562,3.03999996185303,3.03999996185303,0.0,1.17999994754791,0.490000009536743,1.37000000476837,0.0,19,14,108,1299,1813,1.0,433.0,463.0,62.5,24.3899993896484,23.5,141,0.09784871616932686,0.13380281690140844,0.9020833333333333,0.3248847926267281,32.12676056338028,0.3973263204032435
10232,8.18000030517578,8.18000030517578,0.0,6.23999977111816,0.230000004172325,1.70000004768372,0.0,45,5,104,1286,2008,1.0,433.0,463.0,62.5,24.3899993896484,23.5,154,0.10687022900763359,0.2903225806451613,0.8930555555555556,0.3548387096774194,66.01290322580645,0.19622789015928857
2718,1.79999995231628,1.79999995231628,0.0,0.670000016689301,0.779999971389771,0.340000003576279,0.0,11,16,20,1393,1580,1.0,433.0,463.0,62.5,24.3899993896484,23.5,47,0.03261623872310895,0.22916666666666666,0.9673611111111111,0.10829493087557604,56.625,0.5810959911732254
6260,4.26000022888184,4.26000022888184,0.0,1.28999996185303,0.540000021457672,2.40000009536743,0.0,16,14,136,1257,1854,1.0,433.0,463.0,62.5,24.3899993896484,23.5,166,0.11657303370786516,0.09580838323353294,0.8729166666666667,0.3824884792626728,37.48502994011976,0.2961188308576905
0,0.0,0.0,0.0,0.0,0.0,0.0,0.0,0,0,0,1440,0,1.0,433.0,463.0,62.5,24.3899993896484,23.5,0,0.0,0.0,1.0,0.0,0.0,0.0
7626,6.05000019073486,6.05000019073486,2.25308108329773,0.829999983310699,0.709999978542328,4.5,0.0,65,15,156,723,3635,1.0,338.0,356.0,62.5,24.3899993896484,23.5,236,0.24583333333333332,0.2742616033755274,0.5020833333333333,0.696165191740413,32.177215189873415,0.4765963026091517
12386,9.81999969482422,9.81999969482422,2.0921471118927,4.96000003814697,0.649999976158142,4.21000003814697,0.0,116,14,169,680,4079,2.0,447.0,487.0,62.5,24.3899993896484,23.5,299,0.3051020408163265,0.38666666666666666,0.4722222222222222,0.6674107142857143,41.28666666666667,0.3292968434649229
13318,10.5600004196167,10.5600004196167,2.25308108329773,5.61999988555908,1.02999997138977,3.91000008583069,0.0,123,21,174,699,4163,1.0,424.0,455.0,62.5,24.3899993896484,23.5,318,0.31237721021611004,0.38557993730407525,0.48541666666666666,0.7482352941176471,41.74921630094044,0.3125610030783092
14461,11.4700002670288,11.4700002670288,0.0,4.90999984741211,1.14999997615814,5.40999984741211,0.0,60,23,190,729,3666,1.0,513.0,533.0,62.5,24.3899993896484,23.5,273,0.27218344965104685,0.21897810218978103,0.50625,0.5311284046692607,52.777372262773724,0.2534919098326649
11207,8.89000034332275,8.89000034332275,0.0,5.36999988555908,1.07000005245209,2.44000005722046,0.0,64,21,142,563,3363,2.0,611.0,689.0,62.5,24.3899993896484,23.5,227,0.28697850821744625,0.2807017543859649,0.3909722222222222,0.3709150326797386,49.15350877192982,0.30005353319057815
2132,1.69000005722046,1.69000005722046,0.0,0.0,0.0,1.69000005722046,0.0,0,0,93,599,2572,2.0,525.0,591.0,62.5,24.3899993896484,23.5,93,0.1341991341991342,0.0,0.41597222222222224,0.17680608365019013,22.680851063829788,1.205813408345054
13630,10.8100004196167,10.8100004196167,2.0921471118927,5.05000019073486,0.560000002384186,5.19999980926514,0.0,117,10,174,720,4157,1.0,398.0,451.0,62.5,24.3899993896484,23.5,301,0.2945205479452055,0.38741721854304634,0.5,0.7543859649122807,45.13245033112583,0.3049666202039469
13070,10.3599996566772,10.3599996566772,2.25308108329773,5.30000019073486,0.879999995231628,4.17999982833862,0.0,120,19,154,737,4092,1.0,387.0,421.0,62.5,24.3899993896484,23.5,293,0.28419010669253153,0.40816326530612246,0.5118055555555555,0.7551546391752577,44.45578231292517,0.31305944457195317
9388,7.44000005722046,7.44000005722046,2.0921471118927,2.23000001907349,0.439999997615814,4.78000020980835,0.0,82,8,169,763,3787,1.0,381.0,409.0,62.5,24.3899993896484,23.5,259,0.25317693059628543,0.3153846153846154,0.5298611111111111,0.6780104712041884,36.10769230769231,0.4033443391202471
15148,12.0100002288818,12.0100002288818,2.25308108329773,6.90000009536743,0.819999992847443,4.28999996185303,0.0,137,16,145,677,4236,1.0,396.0,417.0,62.5,24.3899993896484,23.5,298,0.305327868852459,0.45819397993311034,0.4701388888888889,0.7506297229219143,50.66220735785953,0.27962241732127535
12200,9.67000007629395,9.67000007629395,2.0921471118927,4.90999984741211,0.589999973773956,4.17999982833862,0.0,113,12,159,769,4044,1.0,441.0,469.0,62.5,24.3899993896484,23.5,284,0.269449715370019,0.39649122807017545,0.5340277777777778,0.6425339366515838,42.80701754385965,0.3314482419473814
5709,4.53000020980835,4.53000020980835,0.0,1.51999998092651,0.519999980926514,2.48000001907349,0.0,19,10,136,740,2908,1.0,565.0,591.0,62.5,24.3899993896484,23.5,165,0.18211920529801323,0.1144578313253012,0.5138888888888888,0.2915194346289753,34.39156626506024,0.5092819614711033
3703,2.94000005722046,2.94000005722046,0.0,0.0,0.0,2.94000005722046,0.0,0,0,135,734,2741,1.0,458.0,492.0,62.5,24.3899993896484,23.5,135,0.15517241379310345,0.0,0.5097222222222222,0.29411764705882354,27.227941176470587,0.7400107991360692
12405,9.84000015258789,9.84000015258789,2.0921471118927,5.05000019073486,0.870000004768372,3.92000007629395,0.0,117,16,141,692,4005,1.0,388.0,402.0,62.5,24.3899993896484,23.5,274,0.28335056876938985,0.4254545454545455,0.48055555555555557,0.7043701799485861,45.10909090909091,0.32282766403353214
12405,9.84000015258789,9.84000015258789,2.0921471118927,5.05000019073486,0.870000004768372,3.92000007629395,0.0,117,16,141,692,4005,1.0,388.0,402.0,62.5,24.3899993896484,23.5,274,0.28335056876938985,0.4254545454545455,0.48055555555555557,0.7043701799485861,45.10909090909091,0.32282766403353214
16208,12.8500003814697,12.8500003814697,0.0,7.51000022888184,0.920000016689301,4.42000007629395,0.0,90,18,161,593,3763,1.0,550.0,584.0,62.5,24.3899993896484,23.5,269,0.31170336037079954,0.3333333333333333,0.41180555555555554,0.4882032667876588,60.02962962962963,0.23215497563082238
7359,5.84000015258789,5.84000015258789,0.0,0.330000013113022,0.180000007152557,5.32999992370605,0.0,4,4,192,676,3061,1.0,531.0,600.0,62.5,24.3899993896484,23.5,200,0.22805017103762829,0.01990049751243781,0.46944444444444444,0.37593984962406013,36.61194029850746,0.4158967391304348
5417,4.30000019073486,4.30000019073486,0.0,0.899999976158142,0.490000009536743,2.91000008583069,0.0,11,10,139,711,2884,1.0,506.0,556.0,62.5,24.3899993896484,23.5,160,0.1834862385321101,0.06832298136645963,0.49375,0.3155818540433925,33.64596273291925,0.5322997416020672
6175,4.90000009536743,4.90000009536743,0.0,0.25,0.360000014305115,4.26999998092651,0.0,3,7,172,767,2982,1.0,527.0,562.0,62.5,24.3899993896484,23.5,182,0.19157894736842104,0.01639344262295082,0.5326388888888889,0.3446969696969697,33.743169398907106,0.48283678756476683
2946,2.33999991416931,2.33999991416931,0.0,0.0,0.0,2.33999991416931,0.0,0,0,121,780,2660,1.0,468.0,555.0,62.5,24.3899993896484,23.5,121,0.13414634146341464,0.0,0.5416666666666666,0.2579957356076759,24.147540983606557,0.9026128266033254
11419,9.0600004196167,9.0600004196167,0.0,6.03000020980835,0.560000002384186,2.47000002861023,0.0,71,10,127,669,3369,1.0,475.0,539.0,62.5,24.3899993896484,23.5,208,0.23690205011389523,0.3397129186602871,0.46458333333333335,0.4369747899159664,54.63636363636363,0.2950087565674256
6064,4.80999994277954,4.80999994277954,2.0921471118927,0.629999995231628,0.170000001788139,4.01000022888184,0.0,63,4,142,802,3491,1.0,351.0,385.0,62.5,24.3899993896484,23.5,209,0.20652173913043478,0.3,0.5569444444444445,0.59375,28.876190476190477,0.5755976916735367
8712,6.90999984741211,6.90999984741211,2.25308108329773,1.3400000333786,1.05999994277954,4.5,0.0,71,20,195,822,3784,1.0,405.0,429.0,62.5,24.3899993896484,23.5,286,0.25788999098286747,0.24738675958188153,0.5708333333333333,0.7044334975369458,30.355400696864113,0.43429358429932285
7875,6.23999977111816,6.23999977111816,0.0,1.55999994277954,0.490000009536743,4.19999980926514,0.0,19,10,167,680,3110,1.0,441.0,477.0,62.5,24.3899993896484,23.5,196,0.2234891676168757,0.09644670050761421,0.4722222222222222,0.4434389140271493,39.974619289340104,0.3948704926358558
8567,6.78999996185303,6.78999996185303,2.25308108329773,0.889999985694885,0.159999996423721,5.73999977111816,0.0,66,3,214,764,3783,1.0,381.0,417.0,62.5,24.3899993896484,23.5,283,0.2700381679389313,0.2323943661971831,0.5305555555555556,0.7408376963350786,30.16549295774648,0.4415266106442577
7045,5.59000015258789,5.59000015258789,2.0921471118927,1.54999995231628,0.25,3.77999997138977,0.0,74,5,166,831,3644,1.0,323.0,355.0,62.5,24.3899993896484,23.5,245,0.22748375116063138,0.3008130081300813,0.5770833333333333,0.7561728395061729,28.63821138211382,0.5171728640363327
4468,3.53999996185303,3.53999996185303,0.0,0.0,0.0,3.53999996185303,0.0,0,0,158,851,2799,2.0,459.0,513.0,62.5,24.3899993896484,23.5,158,0.15643564356435644,0.0,0.5909722222222222,0.34347826086956523,28.10062893081761,0.6263146117699709
2943,2.32999992370605,2.32999992370605,0.0,0.0,0.0,2.32999992370605,0.0,0,0,139,621,2685,1.0,545.0,606.0,62.5,24.3899993896484,23.5,139,0.18265440210249673,0.0,0.43125,0.25457875457875456,21.021428571428572,0.9120244565217391
8382,6.65000009536743,6.65000009536743,2.0921471118927,1.26999998092651,0.660000026226044,4.71999979019165,0.0,71,13,171,772,3721,1.0,359.0,399.0,62.5,24.3899993896484,23.5,255,0.2480544747081712,0.27734375,0.5361111111111111,0.7083333333333334,32.7421875,0.443874507932721
6582,5.21999979019165,5.21999979019165,2.25308108329773,0.660000026226044,0.639999985694885,3.92000007629395,0.0,63,13,152,840,3586,1.0,342.0,391.0,62.5,24.3899993896484,23.5,228,0.21328344246959777,0.27510917030567683,0.5833333333333334,0.6647230320699709,28.74235807860262,0.5447364423515114
9143,7.25,7.25,2.0921471118927,1.38999998569489,0.589999973773956,5.26999998092651,0.0,72,10,184,763,3788,1.0,368.0,387.0,62.5,24.3899993896484,23.5,266,0.258252427184466,0.2696629213483146,0.5298611111111111,0.7208672086720868,34.243445692883896,0.4142607174103237
4561,3.61999988555908,3.61999988555908,0.0,0.649999976158142,0.270000010728836,2.69000005722046,0.0,8,6,102,433,1976,1.0,496.0,546.0,62.5,24.3899993896484,23.5,116,0.2109090909090909,0.06837606837606838,0.30069444444444443,0.23340040241448692,38.98290598290598,0.4331433581762385
5014,3.91000008583069,3.91000008583069,0.0,0.0,0.330000013113022,3.57999992370605,0.0,0,7,196,1237,2650,1.0,433.0,463.0,62.5,24.3899993896484,23.5,203,0.14087439278278974,0.0,0.8590277777777777,0.46774193548387094,24.57843137254902,0.5284147557328016
5571,4.34999990463257,4.34999990463257,0.0,0.150000005960464,0.970000028610229,3.23000001907349,0.0,2,23,163,1252,2654,1.0,433.0,463.0,62.5,24.3899993896484,23.5,188,0.1304649548924358,0.010582010582010581,0.8694444444444445,0.43317972350230416,29.476190476190474,0.47631012203876527
3135,2.45000004768372,2.45000004768372,0.0,0.0,0.0,2.4300000667572,0.0,0,0,134,1306,2443,1.0,433.0,463.0,62.5,24.3899993896484,23.5,134,0.09299097848716169,0.0,0.9069444444444444,0.3087557603686636,23.22222222222222,0.7790178571428571
3430,2.6800000667572,2.6800000667572,0.0,0.0,0.0,0.899999976158142,0.0,0,0,65,1375,2505,1.0,433.0,463.0,62.5,24.3899993896484,23.5,65,0.04510756419153366,0.0,0.9548611111111112,0.1497695852534562,51.96969696969697,0.7301078402798018
5319,4.15000009536743,4.15000009536743,0.0,0.0,0.0,0.0,0.0,0,0,0,1440,2693,1.0,433.0,463.0,62.5,24.3899993896484,23.5,0,0.0,0.0,1.0,0.0,5319.0,0.506203007518797
3008,2.34999990463257,2.34999990463257,0.0,0.0,0.0,0.0,0.0,0,0,0,1440,2439,1.0,433.0,463.0,62.5,24.3899993896484,23.5,0,0.0,0.0,1.0,0.0,3008.0,0.810568295114656
3864,3.00999999046326,3.00999999046326,0.0,0.310000002384186,1.05999994277954,1.35000002384186,0.0,4,22,105,1309,2536,1.0,433.0,463.0,62.5,24.3899993896484,23.5,131,0.09090909090909091,0.030303030303030304,0.9090277777777778,0.30184331797235026,29.272727272727273,0.6561448900388098
5697,4.44000005722046,4.44000005722046,0.0,0.529999971389771,0.479999989271164,3.44000005722046,0.0,7,10,166,1257,2668,1.0,433.0,463.0,62.5,24.3899993896484,23.5,183,0.12699514226231784,0.03804347826086957,0.8729166666666667,0.4216589861751152,30.96195652173913,0.46823446823446824
5273,4.1100001335144,4.1100001335144,0.0,0.0,1.03999996185303,3.0699999332428,0.0,0,27,167,1246,2647,1.0,433.0,463.0,62.5,24.3899993896484,23.5,194,0.13462873004857737,0.0,0.8652777777777778,0.4470046082949309,27.04102564102564,0.5018960940462647
8538,6.65999984741211,6.65999984741211,0.0,2.63000011444092,1.01999998092651,3.00999999046326,0.0,35,18,158,1229,2883,1.0,433.0,463.0,62.5,24.3899993896484,23.5,211,0.14642609299097847,0.1650943396226415,0.8534722222222222,0.4861751152073733,40.27358490566038,0.3376273568333529
8687,6.78000020980835,6.78000020980835,0.0,0.28999999165535,2.41000008583069,4.07999992370605,0.0,4,54,212,1170,2944,1.0,433.0,463.0,62.5,24.3899993896484,23.5,270,0.1873698820263706,0.014760147601476014,0.8125,0.6221198156682027,32.055350553505534,0.3388581952117864
9423,7.34999990463257,7.34999990463257,0.0,0.529999971389771,2.02999997138977,4.75,0.0,7,44,238,1151,3012,1.0,433.0,463.0,62.5,24.3899993896484,23.5,289,0.20055517002081888,0.02413793103448276,0.7993055555555556,0.6658986175115207,32.49310344827586,0.3196095076400679
8286,6.46000003814697,6.46000003814697,0.0,0.150000005960464,2.04999995231628,4.26999998092651,0.0,2,44,206,1188,2889,1.0,433.0,463.0,62.5,24.3899993896484,23.5,252,0.17487855655794587,0.007905138339920948,0.825,0.5806451612903226,32.75098814229249,0.34861831784723063
4503,3.50999999046326,3.50999999046326,0.0,1.47000002861023,0.239999994635582,1.80999994277954,0.0,18,6,122,1294,2547,1.0,433.0,463.0,62.5,24.3899993896484,23.5,146,0.10131852879944483,0.12244897959183673,0.8986111111111111,0.33640552995391704,30.632653061224488,0.5654973357015985
10499,8.1899995803833,8.1899995803833,0.0,0.0700000002980232,4.21999979019165,3.89000010490417,0.0,1,91,214,1134,3093,1.0,433.0,463.0,62.5,24.3899993896484,23.5,306,0.21235253296322,0.003257328990228013,0.7875,0.7050691244239631,34.19869706840391,0.2945714285714286
12474,9.72999954223633,9.72999954223633,0.0,6.59999990463257,0.270000010728836,2.86999988555908,0.0,77,5,129,1229,3142,1.0,433.0,463.0,62.5,24.3899993896484,23.5,211,0.14642609299097847,0.3632075471698113,0.8534722222222222,0.4861751152073733,58.839622641509436,0.2518637274549098
6174,4.82000017166138,4.82000017166138,0.0,0.0,1.20000004768372,3.60999989509583,0.0,0,28,203,1209,2757,1.0,433.0,463.0,62.5,24.3899993896484,23.5,231,0.16030534351145037,0.0,0.8395833333333333,0.532258064516129,26.612068965517242,0.44647773279352226
15168,11.8299999237061,11.8299999237061,0.0,3.90000009536743,3.0,4.92000007629395,0.0,46,67,258,1069,3513,1.0,433.0,463.0,62.5,24.3899993896484,23.5,371,0.25746009715475365,0.12365591397849462,0.7423611111111111,0.8548387096774194,40.774193548387096,0.2315907442810996
10085,7.86999988555908,7.86999988555908,0.0,0.150000005960464,1.27999997138977,6.42999982833862,0.0,2,28,317,1093,3164,1.0,433.0,463.0,62.5,24.3899993896484,23.5,347,0.24080499653018736,0.005747126436781609,0.7590277777777777,0.7995391705069125,28.979885057471265,0.313702161411858
4512,3.51999998092651,3.51999998092651,0.0,0.779999971389771,0.119999997317791,2.03999996185303,0.0,10,2,117,1311,2596,1.0,433.0,463.0,62.5,24.3899993896484,23.5,129,0.08952116585704371,0.07692307692307693,0.9104166666666667,0.29723502304147464,34.707692307692305,0.5752271216485708
8469,6.6100001335144,6.6100001335144,0.0,0.0,0.0,0.0,0.0,0,0,0,1440,2894,1.0,433.0,463.0,62.5,24.3899993896484,23.5,0,0.0,0.0,1.0,0.0,8469.0,0.34167650531286897
12015,9.36999988555908,9.36999988555908,0.0,0.0,0.0,0.0,0.0,0,0,0,1440,3212,1.0,433.0,463.0,62.5,24.3899993896484,23.5,0,0.0,0.0,1.0,0.0,12015.0,0.2673102529960053
3588,2.79999995231628,2.79999995231628,0.0,0.0,0.0,0.0,0.0,0,0,0,1440,2516,1.0,433.0,463.0,62.5,24.3899993896484,23.5,0,0.0,0.0,1.0,0.0,3588.0,0.7010309278350515
12427,9.6899995803833,9.6899995803833,0.0,0.0,0.0,1.17999994754791,0.0,0,0,70,1370,3266,1.0,433.0,463.0,62.5,24.3899993896484,23.5,70,0.048577376821651634,0.0,0.9513888888888888,0.16129032258064516,175.0281690140845,0.26279369166398453
5843,4.55999994277954,4.55999994277954,0.0,0.140000000596046,1.19000005722046,3.23000001907349,0.0,2,22,166,1250,2683,1.0,433.0,463.0,62.5,24.3899993896484,23.5,190,0.131852879944483,0.010471204188481676,0.8680555555555556,0.4377880184331797,30.591623036649214,0.45910335386721424
6117,4.76999998092651,4.76999998092651,0.0,0.0,0.0,4.76999998092651,0.0,0,0,250,1190,2810,1.0,433.0,463.0,62.5,24.3899993896484,23.5,250,0.1734906315058987,0.0,0.8263888888888888,0.576036866359447,24.37051792828685,0.4593004249754822
9217,7.19000005722046,7.19000005722046,0.0,0.219999998807907,3.30999994277954,3.66000008583069,0.0,3,72,182,1183,2940,1.0,433.0,463.0,62.5,24.3899993896484,23.5,257,0.17834836918806385,0.011627906976744186,0.8215277777777777,0.5921658986175116,35.724806201550386,0.3189412019960946
9877,7.69999980926514,7.69999980926514,0.0,5.76000022888184,0.170000001788139,1.73000001907349,0.0,66,4,110,1260,2947,1.0,433.0,463.0,62.5,24.3899993896484,23.5,180,0.12491325468424705,0.36464088397790057,0.875,0.4147465437788018,54.569060773480665,0.2983397448876291
8240,6.42999982833862,6.42999982833862,0.0,0.689999997615814,2.00999999046326,3.72000002861023,0.0,9,43,162,1226,2846,1.0,433.0,463.0,62.5,24.3899993896484,23.5,214,0.14850798056904926,0.04186046511627907,0.8513888888888889,0.4930875576036866,38.325581395348834,0.34534643853901226
8701,6.78999996185303,6.78999996185303,0.0,0.370000004768372,3.24000000953674,3.17000007629395,0.0,5,71,177,1106,2804,1.0,433.0,463.0,62.5,24.3899993896484,23.5,253,0.1860294117647059,0.01968503937007874,0.7680555555555556,0.5829493087557603,34.25590551181102,0.32222477591358306
0,0.0,0.0,0.0,0.0,0.0,0.0,0.0,0,0,0,1440,0,1.0,433.0,463.0,62.5,24.3899993896484,23.5,0,0.0,0.0,1.0,0.0,0.0,0.0
2564,1.63999998569489,1.63999998569489,0.0,0.0,0.0,1.63999998569489,0.0,0,0,116,831,2044,1.0,458.0,493.0,62.5,24.3899993896484,23.5,116,0.12236286919831224,0.0,0.5770833333333333,0.25272331154684097,21.914529914529915,0.7968810916179337
1320,0.839999973773956,0.839999973773956,0.0,0.0,0.0,0.839999973773956,0.0,0,0,82,806,1934,1.0,531.0,552.0,62.5,24.3899993896484,23.5,82,0.0922384701912261,0.0,0.5597222222222222,0.15413533834586465,15.903614457831326,1.4640423921271764
1219,0.779999971389771,0.779999971389771,0.0,0.0,0.0,0.779999971389771,0.0,0,0,84,853,1963,1.0,486.0,503.0,62.5,24.3899993896484,23.5,84,0.08955223880597014,0.0,0.5923611111111111,0.17248459958932238,14.341176470588236,1.609016393442623
2483,1.5900000333786,1.5900000333786,0.0,0.0,0.0,1.5900000333786,0.0,0,0,126,937,2009,1.0,363.0,377.0,62.5,24.3899993896484,23.5,126,0.11842105263157894,0.0,0.6506944444444445,0.34615384615384615,19.551181102362204,0.8087761674718197
244,0.159999996423721,0.159999996423721,0.0,0.0,0.0,0.159999996423721,0.0,0,0,12,1428,1721,1.0,433.0,463.0,62.5,24.3899993896484,23.5,12,0.008327550312283136,0.0,0.9916666666666667,0.027649769585253458,18.76923076923077,7.024489795918368
0,0.0,0.0,0.0,0.0,0.0,0.0,0.0,0,0,0,1440,1688,1.0,433.0,463.0,62.5,24.3899993896484,23.5,0,0.0,0.0,1.0,0.0,0.0,1688.0
0,0.0,0.0,0.0,0.0,0.0,0.0,0.0,0,0,0,1440,1688,1.0,433.0,463.0,62.5,24.3899993896484,23.5,0,0.0,0.0,1.0,0.0,0.0,1688.0
0,0.0,0.0,0.0,0.0,0.0,0.0,0.0,0,0,0,1440,1688,1.0,433.0,463.0,62.5,24.3899993896484,23.5,0,0.0,0.0,1.0,0.0,0.0,1688.0
3147,2.00999999046326,2.00999999046326,0.0,0.0,0.280000001192093,1.74000000953674,0.0,0,10,139,744,2188,1.0,528.0,547.0,62.5,24.3899993896484,23.5,149,0.16666666666666666,0.0,0.5166666666666667,0.28166351606805295,20.98,0.6950444726810674
144,0.0900000035762787,0.0900000035762787,0.0,0.0,0.0,0.0900000035762787,0.0,0,0,9,1431,1720,1.0,433.0,463.0,62.5,24.3899993896484,23.5,9,0.006245662734212352,0.0,0.99375,0.020737327188940093,14.4,11.862068965517242
4068,2.59999990463257,2.59999990463257,0.0,0.0500000007450581,0.280000001192093,2.26999998092651,0.0,1,20,195,817,2419,1.0,391.0,407.0,62.5,24.3899993896484,23.5,216,0.20889748549323017,0.004608294930875576,0.5673611111111111,0.5510204081632653,18.746543778801843,0.5944949619071025
5245,3.35999989509583,3.35999989509583,0.0,0.159999996423721,0.439999997615814,2.75,0.0,8,45,232,795,2748,1.0,339.0,360.0,62.5,24.3899993896484,23.5,285,0.26364477335800185,0.027972027972027972,0.5520833333333334,0.8382352941176471,18.33916083916084,0.5238276782310332
400,0.259999990463257,0.259999990463257,0.0,0.0399999991059303,0.0500000007450581,0.159999996423721,0.0,3,8,19,1410,1799,1.0,433.0,463.0,62.5,24.3899993896484,23.5,30,0.020818875780707843,0.0967741935483871,0.9791666666666666,0.06912442396313365,12.903225806451612,4.486284289276808
0,0.0,0.0,0.0,0.0,0.0,0.0,0.0,0,0,0,1440,1688,1.0,433.0,463.0,62.5,24.3899993896484,23.5,0,0.0,0.0,1.0,0.0,0.0,1688.0
1321,0.850000023841858,0.850000023841858,0.0,0.0,0.0,0.850000023841858,0.0,0,0,80,1360,1928,1.0,433.0,463.0,62.5,24.3899993896484,23.5,80,0.055517002081887576,0.0,0.9444444444444444,0.18433179723502305,16.308641975308642,1.4583963691376702
1758,1.12999999523163,1.12999999523163,0.0,0.0,0.0,1.12999999523163,0.0,0,0,112,900,2067,1.0,423.0,428.0,62.5,24.3899993896484,23.5,112,0.11056268509378085,0.0,0.625,0.2641509433962264,15.557522123893806,1.175099488345651
6157,3.94000005722046,3.94000005722046,0.0,0.0,0.0,3.94000005722046,0.0,0,0,310,714,2780,1.0,402.0,416.0,62.5,24.3899993896484,23.5,310,0.3024390243902439,0.0,0.49583333333333335,0.7692307692307693,19.79742765273312,0.4514452744397532
8360,5.34999990463257,5.34999990463257,0.0,0.140000000596046,0.280000001192093,4.92999982833862,0.0,6,14,380,634,3101,1.0,398.0,406.0,62.5,24.3899993896484,23.5,400,0.3864734299516908,0.014962593516209476,0.44027777777777777,1.0025062656641603,20.84788029925187,0.37088864968305224
7174,4.59000015258789,4.59000015258789,0.0,0.330000013113022,0.360000014305115,3.91000008583069,0.0,10,20,301,749,2896,1.0,343.0,360.0,62.5,24.3899993896484,23.5,331,0.30619796484736356,0.030120481927710843,0.5201388888888889,0.9622093023255814,21.60843373493976,0.4036236933797909
1619,1.03999996185303,1.03999996185303,0.0,0.0,0.0,1.03999996185303,0.0,0,0,79,834,1962,1.0,503.0,527.0,62.5,24.3899993896484,23.5,79,0.08643326039387308,0.0,0.5791666666666667,0.15674603174603174,20.2375,1.211111111111111
1831,1.16999995708466,1.16999995708466,0.0,0.0,0.0,1.16999995708466,0.0,0,0,101,916,2015,1.0,415.0,423.0,62.5,24.3899993896484,23.5,101,0.09921414538310412,0.0,0.6361111111111111,0.24278846153846154,17.95098039215686,1.099890829694323
2421,1.54999995231628,1.54999995231628,0.0,0.0,0.0,1.54999995231628,0.0,0,0,156,739,2297,1.0,516.0,545.0,62.5,24.3899993896484,23.5,156,0.17410714285714285,0.0,0.5131944444444444,0.30174081237911027,15.420382165605096,0.9483897605284889
2283,1.46000003814697,1.46000003814697,0.0,0.0,0.0,1.46000003814697,0.0,0,0,129,848,2067,1.0,439.0,463.0,62.5,24.3899993896484,23.5,129,0.13190184049079753,0.0,0.5888888888888889,0.29318181818181815,17.56153846153846,0.9049912434325744
0,0.0,0.0,0.0,0.0,0.0,0.0,0.0,0,0,0,1440,1688,1.0,433.0,463.0,62.5,24.3899993896484,23.5,0,0.0,0.0,1.0,0.0,0.0,1688.0
0,0.0,0.0,0.0,0.0,0.0,0.0,0.0,0,0,0,1440,1688,1.0,433.0,463.0,62.5,24.3899993896484,23.5,0,0.0,0.0,1.0,0.0,0.0,1688.0
0,0.0,0.0,0.0,0.0,0.0,0.0,0.0,0,0,0,1440,1688,1.0,433.0,463.0,62.5,24.3899993896484,23.5,0,0.0,0.0,1.0,0.0,0.0,1688.0
0,0.0,0.0,0.0,0.0,0.0,0.0,0.0,0,0,0,1440,1688,1.0,433.0,463.0,62.5,24.3899993896484,23.5,0,0.0,0.0,1.0,0.0,0.0,1688.0
0,0.0,0.0,0.0,0.0,0.0,0.0,0.0,0,0,0,1440,1688,1.0,433.0,463.0,62.5,24.3899993896484,23.5,0,0.0,0.0,1.0,0.0,0.0,1688.0
0,0.0,0.0,0.0,0.0,0.0,0.0,0.0,0,0,0,48,57,1.0,433.0,463.0,62.5,24.3899993896484,23.5,0,0.0,0.0,0.03333333333333333,0.0,0.0,57.0
23186,20.3999996185303,20.3999996185303,0.0,12.2200002670288,0.340000003576279,7.82000017166138,0.0,85,7,312,1036,3921,1.0,433.0,463.0,85.8000030517578,25.6800003051758,23.5,404,0.28036086051353226,0.20987654320987653,0.7194444444444444,0.9308755760368663,57.24938271604938,0.1691033768922241
15337,9.57999992370605,9.57999992370605,0.0,3.54999995231628,0.379999995231628,5.6399998664856,0.0,108,18,216,1098,3566,1.0,433.0,463.0,84.9000015258789,25.4099998474121,23.5,342,0.23733518390006939,0.31486880466472306,0.7625,0.7880184331797235,44.714285714285715,0.23249445820837136
21129,18.9799995422363,18.9799995422363,0.0,10.5500001907349,0.589999973773956,7.75,0.0199999995529652,68,13,298,1061,3793,1.0,433.0,463.0,84.5,25.3099994659424,23.5,379,0.2630117973629424,0.17894736842105263,0.7368055555555556,0.8732718894009217,55.60263157894737,0.17950780880265027
13422,7.17000007629395,7.17000007629395,0.0,0.0500000007450581,0.0500000007450581,7.01000022888184,0.0099999997764825,106,1,281,1052,3934,1.0,433.0,463.0,62.5,24.3899993896484,23.5,388,0.26925746009715473,0.27249357326478146,0.7305555555555555,0.8940092165898618,34.50385604113111,0.29307904343291363
29326,25.2900009155273,25.2900009155273,0.0,13.2399997711182,1.21000003814697,10.710000038147,0.0,94,29,429,888,4547,1.0,433.0,463.0,85.5,25.5900001525879,23.5,552,0.3830673143650243,0.16998191681735986,0.6166666666666667,1.271889400921659,53.03074141048825,0.15504483922665122
15118,8.86999988555908,8.86999988555908,0.0,0.0,0.0700000002980232,8.78999996185303,0.0,58,15,307,1060,3545,1.0,433.0,463.0,62.5,24.3899993896484,23.5,380,0.263705759888966,0.15223097112860892,0.7361111111111112,0.8755760368663594,39.67979002624672,0.23447317944308485
11423,8.67000007629395,8.67000007629395,0.0,2.44000005722046,0.270000010728836,5.94000005722046,0.0,29,5,191,1215,2761,1.0,433.0,463.0,85.8000030517578,25.6800003051758,23.5,225,0.15614156835530882,0.12831858407079647,0.84375,0.5184331797235023,50.54424778761062,0.2416841736694678
18785,17.3999996185303,17.3999996185303,0.0,12.1499996185303,0.180000007152557,5.03000020980835,0.0,82,13,214,1131,3676,1.0,433.0,463.0,85.3000030517578,25.5300006866455,23.5,309,0.21443442054129078,0.2645161290322581,0.7854166666666667,0.7119815668202765,60.596774193548384,0.19567763227935697
19948,18.1100006103516,18.1100006103516,0.0,11.0200004577637,0.689999997615814,6.34000015258789,0.0,73,19,225,1123,3679,1.0,433.0,463.0,84.9000015258789,25.4099998474121,23.5,317,0.21998612074947954,0.22955974842767296,0.7798611111111111,0.7304147465437788,62.729559748427675,0.1844202716928167
19377,17.6200008392334,17.6200008392334,0.0,12.289999961853,0.419999986886978,4.8899998664856,0.0,82,13,226,1119,3659,1.0,433.0,463.0,84.5,25.2900009155273,23.5,321,0.2227619708535739,0.2546583850931677,0.7770833333333333,0.7396313364055299,60.17701863354037,0.18882237589018475
18258,16.3099994659424,16.3099994659424,0.0,10.2299995422363,0.0299999993294477,5.96999979019165,0.0500000007450581,61,2,236,1141,3427,1.0,433.0,463.0,62.5,24.3899993896484,23.5,299,0.20749479528105483,0.20333333333333334,0.7923611111111111,0.6889400921658986,60.86,0.18768826332219726
11200,7.42999982833862,7.42999982833862,0.0,0.0,0.0,7.40000009536743,0.0099999997764825,102,6,300,1032,3891,1.0,433.0,463.0,85.5,25.5900001525879,23.5,408,0.28313671061762663,0.24938875305623473,0.7166666666666667,0.9400921658986175,27.383863080684595,0.34737969824122844
16674,15.7399997711182,15.7399997711182,0.0,11.0100002288818,0.0099999997764825,4.69000005722046,0.0,64,1,227,1148,3455,1.0,433.0,463.0,85.5,25.5900001525879,23.5,292,0.20263705759888967,0.21843003412969283,0.7972222222222223,0.6728110599078341,56.907849829351534,0.20719640179910045
12986,8.73999977111816,8.73999977111816,0.0,2.36999988555908,0.0700000002980232,6.26999998092651,0.0099999997764825,113,8,218,1101,3802,1.0,433.0,463.0,85.4000015258789,25.5599994659424,23.5,339,0.23525329632199862,0.3323529411764706,0.7645833333333333,0.7811059907834101,38.194117647058825,0.29275429275429277
11101,8.43000030517578,8.43000030517578,0.0,1.75999999046326,0.129999995231628,6.5,0.0,22,3,258,1157,2860,1.0,433.0,463.0,85.0999984741211,25.4899997711182,23.5,283,0.1963913948646773,0.07746478873239436,0.8034722222222223,0.652073732718894,39.08802816901409,0.2576112412177986
23629,20.6499996185303,20.6499996185303,0.0,13.0699996948242,0.439999997615814,7.09999990463257,0.0,93,8,235,1104,3808,1.0,433.0,463.0,85.4000015258789,25.5599994659424,23.5,336,0.23317140874392783,0.27596439169139464,0.7666666666666667,0.7741935483870968,70.11572700296736,0.16115107913669063
14890,11.3000001907349,11.3000001907349,0.0,4.92999982833862,0.379999995231628,5.96999979019165,0.0,58,8,231,1143,3060,1.0,433.0,463.0,85.0999984741211,25.4899997711182,23.5,297,0.20610687022900764,0.19463087248322147,0.79375,0.684331797235023,49.966442953020135,0.20549325095695387
9733,7.3899998664856,7.3899998664856,0.0,1.37999999523163,0.170000001788139,5.78999996185303,0.0,18,5,210,1207,2698,1.0,433.0,463.0,84.9000015258789,25.4099998474121,23.5,233,0.16169326856349758,0.07692307692307693,0.8381944444444445,0.5368663594470046,41.5940170940171,0.2771727963838093
27745,26.7199993133545,26.7199993133545,0.0,21.6599998474121,0.0799999982118607,4.92999982833862,0.0,124,4,223,1089,4398,1.0,433.0,463.0,85.5,25.5900001525879,23.5,351,0.24358084663428176,0.3522727272727273,0.75625,0.8087557603686636,78.82102272727273,0.15850933467887263
10930,8.31999969482422,8.31999969482422,0.0,3.13000011444092,0.569999992847443,4.57000017166138,0.0,36,12,166,1226,2786,1.0,433.0,463.0,85.3000030517578,25.5300006866455,23.5,214,0.14850798056904926,0.16744186046511628,0.8513888888888889,0.4930875576036866,50.83720930232558,0.25487146647150305
4790,3.64000010490417,3.64000010490417,0.0,0.0,0.0,3.55999994277954,0.0,0,0,105,1335,2189,1.0,433.0,463.0,62.5,24.3899993896484,23.5,105,0.07286606523247745,0.0,0.9270833333333334,0.24193548387096775,45.18867924528302,0.45689835107493215
10818,8.21000003814697,8.21000003814697,0.0,1.38999998569489,0.100000001490116,6.67000007629395,0.0099999997764825,19,3,229,1189,2817,1.0,433.0,463.0,84.9000015258789,25.4099998474121,23.5,251,0.17418459403192227,0.07539682539682539,0.8256944444444444,0.5783410138248848,42.92857142857143,0.26037526573620484
18193,16.2999992370605,16.2999992370605,0.0,10.4200000762939,0.310000002384186,5.53000020980835,0.0,66,8,212,1154,3477,1.0,433.0,463.0,84.4000015258789,25.2600002288818,23.5,286,0.1984732824427481,0.22996515679442509,0.8013888888888889,0.6589861751152074,63.390243902439025,0.1911069583379136
14055,10.6700000762939,10.6700000762939,0.0,5.46000003814697,0.819999992847443,4.36999988555908,0.0,67,15,188,1170,3052,1.0,433.0,463.0,62.5,24.3899993896484,23.5,270,0.1873698820263706,0.24723247232472326,0.8125,0.6221198156682027,51.86346863468635,0.21713147410358566
21727,19.3400001525879,19.3400001525879,0.0,12.789999961853,0.28999999165535,6.15999984741211,0.0,96,17,232,1095,4015,1.0,433.0,463.0,85.0,25.4400005340576,23.5,345,0.23941707147814018,0.2774566473988439,0.7604166666666666,0.7949308755760369,62.79479768786127,0.18478460972017674
12332,8.13000011444092,8.13000011444092,0.0,0.0799999982118607,0.959999978542328,6.98999977111816,0.0,105,28,271,1036,4142,1.0,433.0,463.0,62.5,24.3899993896484,23.5,404,0.28036086051353226,0.25925925925925924,0.7194444444444444,0.9308755760368663,30.44938271604938,0.3358469147814806
10686,8.10999965667725,8.10999965667725,0.0,1.08000004291534,0.200000002980232,6.80000019073486,0.0,17,4,245,1174,2847,1.0,433.0,463.0,85.4000015258789,25.5599994659424,23.5,266,0.1845940319222762,0.06367041198501873,0.8152777777777778,0.6129032258064516,40.02247191011236,0.26639842799663144
20226,18.25,18.25,0.0,11.1000003814697,0.800000011920929,6.23999977111816,0.0500000007450581,73,19,217,1131,3710,1.0,433.0,463.0,85.5,25.6100006103516,23.5,309,0.21443442054129078,0.23548387096774193,0.7854166666666667,0.7119815668202765,65.24516129032259,0.1834182033915064
10733,8.14999961853027,8.14999961853027,0.0,1.35000002384186,0.46000000834465,6.28000020980835,0.0,18,11,224,1187,2832,1.0,433.0,463.0,62.5,24.3899993896484,23.5,253,0.17557251908396945,0.07086614173228346,0.8243055555555555,0.5829493087557603,42.25590551181102,0.2638345444382337
21420,19.5599994659424,19.5599994659424,0.0,13.2200002670288,0.409999996423721,5.8899998664856,0.0,88,12,213,1127,3832,1.0,433.0,463.0,85.4000015258789,25.5599994659424,23.5,313,0.21721027064538515,0.2802547770700637,0.7826388888888889,0.7211981566820277,68.21656050955414,0.17888987442229587
8064,6.11999988555908,6.11999988555908,0.0,1.82000005245209,0.0399999991059303,4.25,0.0,23,1,137,770,1849,1.0,433.0,463.0,84.0,25.1399993896484,23.5,161,0.17274678111587982,0.1419753086419753,0.5347222222222222,0.3709677419354839,49.77777777777778,0.22926224426534408
