Age,Weight (kg),Height (m),Max_BPM,Avg_BPM,Resting_BPM,Session_Duration (hours),Calories_Burned,Fat_Percentage,Water_Intake (liters),Workout_Frequency (days/week),Experience_Level,BMI,Gender_Encoded,BMI_Category,Age_Group,Heart_Rate_Reserve,Calorie_Burn_Rate,Workout_Intensity,Recovery_Index,Member_Engagement,Body_Composition_Score
46,47.9,1.72,171,147,57,1.41,933.0,26.3,2.0,3,1,16.19,0,0,1,114,657.0422535211268,0.8595988538681949,1.238861117148446,3,35.302299999999995
30,113.4,1.91,177,137,54,1.27,957.0,22.2,3.7,3,1,31.08,1,3,1,123,747.65625,0.7739675724535338,1.7994001999333555,3,88.2252
42,73.5,1.63,188,136,68,0.52,350.0,26.1,3.2,3,1,27.66,1,2,1,120,660.377358490566,0.7233657784160418,1.6186622232801715,3,54.3165
45,79.2,1.95,189,135,69,1.47,982.0,22.8,2.8,3,2,20.83,1,1,1,120,663.5135135135135,0.7142479233902969,1.5329926682959343,6,61.1424
33,45.9,1.5,189,144,62,0.92,662.0,29.8,1.7,3,1,20.4,0,1,1,127,711.8279569892472,0.7618644516163167,1.8782187215995154,3,32.221799999999995
59,96.7,1.71,183,150,62,0.57,423.0,28.4,2.9,3,1,33.07,1,3,2,121,729.3103448275863,0.8196273427681547,1.0506693780715133,3,69.2372
33,58.0,1.53,180,126,50,1.84,1159.0,18.3,2.7,5,3,24.78,0,1,1,130,626.4864864864865,0.6999611132714849,1.514692517418964,15,47.385999999999996
29,121.1,1.87,188,130,52,1.31,937.0,24.1,3.2,4,2,34.63,1,3,0,136,709.8484848484848,0.6914525823094516,1.7924853498793518,8,91.9149
34,110.5,1.86,188,139,62,1.42,1086.0,22.3,3.6,2,1,31.94,1,3,1,126,759.4405594405595,0.7393223764693367,1.822993237283152,2,85.8585
51,57.4,1.77,177,123,72,1.08,598.0,31.6,2.1,4,2,18.32,0,0,2,105,548.6238532110091,0.6948759957064573,1.4114879435404823,8,39.261599999999994
40,58.2,1.98,198,138,74,1.43,1085.0,24.0,2.5,3,2,14.85,1,0,1,124,753.4722222222223,0.6969344982576637,1.849537615596101,6,44.232
31,49.3,1.62,182,157,52,0.56,484.0,20.0,3.2,2,1,18.79,1,1,1,130,849.1228070175438,0.8625899675841987,1.6768784263140921,2,39.44
51,88.2,1.62,163,133,72,1.56,1027.0,11.8,3.5,4,3,33.61,1,3,2,91,654.140127388535,0.8159008649776088,1.4114879435404823,12,77.7924
18,62.0,1.59,190,162,50,1.23,996.0,33.2,2.2,4,2,24.52,0,1,0,140,803.2258064516129,0.8525867059628441,2.7762354247640197,8,41.416
50,73.6,1.55,183,145,74,0.89,581.0,33.9,2.1,3,1,30.63,0,3,2,109,645.5555555555555,0.7923064313425496,1.4797040591881625,3,48.6496
32,77.4,1.92,174,137,50,1.39,1047.0,26.7,3.3,3,2,21.0,1,1,1,124,747.8571428571429,0.7873110740762026,1.562011871290222,6,56.7342
59,88.1,1.76,187,168,74,1.35,1123.0,26.9,3.0,3,2,28.44,1,2,2,113,825.735294117647,0.8983476819421422,1.2540247415692256,6,64.4011
50,61.6,1.75,192,166,74,1.22,911.0,25.5,2.2,4,2,20.11,0,1,2,118,740.650406504065,0.8645383052965991,1.4797040591881625,8,45.892
58,65.2,1.63,167,121,53,1.12,610.0,25.4,2.0,3,2,24.54,0,1,2,114,539.8230088495575,0.7245075145200887,0.9136355800724013,6,48.6392
36,57.7,1.77,176,147,63,1.65,1213.0,19.4,2.7,4,3,18.42,0,0,1,113,730.722891566265,0.8351798193284473,1.749514023882255,12,46.50620000000001
59,78.0,1.92,180,127,53,0.72,453.0,28.1,2.7,3,1,21.16,1,1,2,127,620.5479452054794,0.705516360202211,0.8981528554482291,3,56.082
39,60.6,1.65,162,167,63,0.92,768.0,27.6,1.7,3,1,22.26,0,1,1,99,825.8064516129032,1.0308005678661811,1.61497052037939,3,43.8744
44,86.6,1.97,197,167,50,1.66,1372.0,11.7,3.5,5,3,22.31,1,1,1,147,821.556886227545,0.8476727069691894,1.1361054305839582,15,76.4678
23,108.6,1.92,197,134,50,0.89,656.0,25.8,3.5,2,1,29.46,1,2,0,147,728.8888888888889,0.6801685193644993,2.17296827466319,2,80.5812
33,68.2,1.75,177,150,71,0.85,638.0,29.0,1.7,2,1,22.27,0,1,1,106,741.8604651162791,0.8474097508615333,2.150863374734929,2,48.422
50,67.1,1.75,161,120,59,0.67,362.0,31.8,2.7,3,1,21.91,0,1,2,102,532.3529411764705,0.7452953232718466,1.179764047190562,3,45.76219999999999
18,70.0,1.61,173,168,71,1.3,1201.0,23.9,2.5,2,1,27.01,1,2,0,102,916.7938931297709,0.9710421362926999,3.942254303164908,2,53.27
30,90.0,1.66,165,152,71,1.32,1104.0,26.6,2.1,4,2,32.66,1,3,1,94,830.0751879699247,0.9211562935579662,2.3658780406531155,8,66.06
30,101.0,1.68,182,134,61,1.46,1076.0,28.2,2.9,4,2,35.79,1,3,1,121,731.9727891156463,0.7362232844349212,2.0326557814061976,8,72.518
59,70.7,1.68,192,121,66,1.17,637.0,34.9,1.9,3,2,25.05,0,2,2,126,539.8305084745763,0.6301755116920994,1.1184544992374175,6,46.0257
33,81.8,1.99,184,137,51,1.59,1198.0,10.5,3.5,4,3,20.66,1,1,1,133,748.75,0.7445247540894517,1.5449863677673432,12,73.211
50,67.9,1.77,171,164,73,1.03,760.0,33.0,2.4,3,2,21.67,0,1,2,98,730.7692307692307,0.9590082451318637,1.4597080583883224,6,45.493
19,60.5,1.59,184,128,53,1.14,730.0,30.1,2.2,2,1,23.93,0,1,0,131,634.7826086956522,0.6956143687843053,2.788006312467122,2,42.289500000000004
42,72.9,1.62,175,139,67,1.17,732.0,25.7,2.0,4,2,27.78,0,2,1,108,620.3389830508474,0.7942403291240501,1.594858367055463,8,54.1647
21,61.3,1.57,191,152,64,1.94,1474.0,17.2,2.7,4,3,24.87,0,1,0,127,755.8974358974359,0.7957698549814146,3.046168491194669,12,50.7564
43,82.7,1.85,187,142,50,1.22,858.0,28.2,3.1,4,2,24.16,1,1,1,137,697.5609756097562,0.7593176835463344,1.162520344106022,8,59.3786
19,89.0,1.77,175,127,72,1.5,1048.0,28.9,3.7,4,2,28.41,1,2,0,103,694.0397350993377,0.7256728186960746,3.7874802735402415,8,63.279
42,70.2,1.87,188,165,65,1.38,1127.0,22.7,3.4,3,2,20.07,1,1,1,123,810.7913669064749,0.8776128929312271,1.5472506546060463,6,54.2646
37,72.9,1.76,192,121,52,1.21,732.0,27.5,1.9,3,2,23.53,0,1,1,140,600.0,0.6301755116920994,1.405025668738179,6,52.8525
43,40.5,1.74,187,143,51,1.5,965.0,32.9,2.2,3,2,13.38,0,0,1,136,639.0728476821192,0.7646649911769424,1.1857707509881423,6,27.175500000000003
53,82.3,1.61,196,123,60,1.87,1139.0,11.6,3.5,5,3,31.75,1,3,2,136,605.8510638297872,0.6275190041324422,1.1318619128466327,15,72.75319999999999
59,86.9,1.76,194,123,60,1.13,688.0,29.8,3.1,3,2,28.05,1,2,2,134,603.5087719298247,0.633987938766043,1.0167768174885612,6,61.0038
45,88.5,1.78,198,167,67,1.53,1265.0,13.2,3.5,4,3,27.93,1,2,1,131,821.4285714285714,0.8433917478915207,1.4885580982004,12,76.818
22,78.5,1.7,177,138,66,1.36,938.0,31.9,2.1,4,2,27.16,0,2,0,111,684.6715328467153,0.7796169707926106,2.998636983189459,8,53.4585
36,59.3,1.75,178,128,58,0.99,634.0,34.5,2.3,3,1,19.36,0,1,1,120,634.0,0.7190607269254536,1.6106637045265204,3,38.841499999999996
31,61.1,1.76,189,150,67,1.81,1358.0,18.6,2.7,4,3,19.72,0,1,1,122,746.1538461538461,0.7936088037669965,2.160593356981619,12,49.7354
35,63.7,1.74,198,143,71,1.03,810.0,29.8,2.7,4,2,21.04,1,1,1,127,778.8461538461538,0.7221857481945356,2.0279920022850617,8,44.7174
20,120.5,1.73,186,153,67,1.01,850.0,29.3,3.4,3,2,40.26,1,3,0,119,833.3333333333334,0.8225364227729692,3.348325837081459,6,85.19350000000001
52,72.3,1.94,171,121,56,1.46,874.0,21.1,2.9,3,2,19.21,1,1,2,115,594.5578231292517,0.7075609613472896,1.0767160161507403,6,57.04469999999999
28,71.3,1.67,192,140,63,1.46,1022.0,28.1,1.5,4,2,25.57,0,2,0,129,695.2380952380953,0.7291286912139993,2.2491967154587647,8,51.2647
23,56.7,1.55,179,132,73,1.38,911.0,34.0,1.9,4,2,23.6,0,1,0,106,655.3956834532374,0.7373889726830903,3.172533681008257,8,37.422
49,68.3,1.52,177,150,60,1.45,979.0,29.4,1.8,4,2,29.56,0,2,1,117,670.5479452054794,0.8474097508615333,1.224239951030402,8,48.21979999999999
20,71.3,1.69,167,163,52,1.28,1043.0,33.4,2.3,3,2,24.96,0,1,0,115,808.5271317829457,0.9759894617088798,2.598700649675162,6,47.4858
25,77.7,1.55,184,120,52,0.55,330.0,33.0,1.7,2,1,32.34,0,3,0,132,589.2857142857142,0.6521384707352862,2.0791683326669332,2,52.059
56,89.0,1.68,176,152,65,1.77,1332.0,10.5,3.5,5,3,31.53,1,3,2,111,748.314606741573,0.8635872961763537,1.160507052312087,15,79.655
50,87.4,1.6,182,122,67,0.77,465.0,23.2,3.1,2,1,34.14,1,3,2,115,596.1538461538462,0.6702928410526895,1.3397320535892823,2,67.12320000000001
58,49.7,1.67,191,125,72,1.38,776.0,31.9,2.3,4,2,17.82,0,0,2,119,558.2733812949641,0.6544159991623476,1.2411653163247716,8,33.84570000000001
39,85.3,1.89,163,140,61,0.77,593.0,27.6,3.6,2,1,23.88,1,1,1,102,760.2564102564103,0.8588430157659039,1.5637016149705205,2,61.7572
39,61.9,1.77,199,166,69,1.32,1205.0,25.3,2.3,3,1,19.76,1,1,1,130,906.0150375939849,0.8341289382443093,1.7687772366059986,3,46.2393
22,61.8,1.52,169,166,61,1.83,1519.0,17.0,2.7,5,3,26.75,0,2,0,108,825.5434782608695,0.9821904029347377,2.771467514766015,15,51.294
25,105.0,1.88,174,156,67,1.34,1150.0,21.4,2.3,3,2,29.71,1,2,0,107,851.8518518518518,0.8965002011378657,2.6789284286285486,6,82.53
47,61.0,1.76,162,153,54,1.54,1060.0,15.6,2.7,5,3,19.69,0,1,1,108,683.8709677419355,0.944386149003148,1.148691767708998,15,51.484
25,64.4,1.71,179,167,61,1.12,935.0,27.1,1.8,3,1,22.02,0,1,0,118,827.4336283185839,0.932908776046031,2.4390243902439024,3,46.9476
51,115.3,1.67,189,139,55,1.38,950.0,24.4,2.5,3,2,41.34,1,3,2,134,683.453237410072,0.7354108248240834,1.0782199568712019,6,87.1668
20,64.3,1.78,188,137,61,1.71,1171.0,18.7,2.7,4,3,20.29,0,1,0,127,680.8139534883721,0.7286846444338068,3.0484757621189402,12,52.27589999999999
52,84.8,1.85,189,152,50,1.19,895.0,23.4,3.2,2,1,24.78,1,1,2,139,745.8333333333334,0.8041902544838898,0.9613535858488752,2,64.9568
59,60.7,1.73,185,154,55,1.03,714.0,33.8,2.5,3,2,20.28,0,1,2,130,686.5384615384615,0.8323874385168369,0.9320454160311812,6,40.183400000000006
24,42.0,1.75,174,144,55,0.83,598.0,31.8,2.3,3,1,13.71,0,0,0,119,711.9047619047619,0.8275386472041837,2.2907122032486464,3,28.644
42,50.3,1.64,177,150,62,0.63,468.0,27.0,2.4,3,1,18.7,1,1,1,115,731.25,0.8474097508615333,1.475839085931921,3,36.718999999999994
34,64.3,1.62,174,145,62,1.76,1276.0,19.8,2.7,5,3,24.5,0,1,1,112,720.9039548022599,0.8332854433653238,1.822993237283152,15,51.5686
52,104.8,1.99,187,130,67,0.93,598.0,24.0,2.0,2,1,26.46,1,2,2,120,636.1702127659574,0.6951499919790386,1.288213805037493,2,79.648
29,68.0,1.7,190,150,60,0.76,627.0,28.9,2.9,2,1,23.53,1,1,0,130,814.2857142857142,0.7894321351507816,2.0682523267838677,2,48.348000000000006
53,55.8,1.55,171,141,54,1.12,711.0,27.0,1.8,4,2,23.23,0,1,2,117,629.2035398230088,0.8245131863633706,1.0186757215619695,8,40.733999999999995
32,78.6,1.62,195,125,69,1.28,880.0,29.6,3.1,3,1,29.95,1,2,1,126,682.1705426356589,0.6409927696015589,2.1555763823805063,3,55.334399999999995
49,46.5,1.72,169,120,72,1.4,832.0,22.2,2.6,4,2,15.72,1,0,1,97,590.0709219858156,0.7100171587480031,1.4690879412364823,8,36.177
41,64.9,1.57,166,123,53,1.04,576.0,25.9,2.4,4,2,26.33,0,2,1,113,548.5714285714286,0.7409192217336306,1.2923677151914168,8,48.090900000000005
18,87.6,1.93,161,139,72,1.72,1315.0,11.9,3.5,4,3,23.52,1,1,0,89,760.1156069364162,0.8633004161232222,3.9977790116601883,12,77.17559999999999
41,72.1,1.83,175,133,58,1.13,744.0,21.4,2.8,3,2,21.53,1,1,1,117,652.6315789473684,0.7599565739100623,1.4142891977566447,6,56.6706
26,125.5,1.76,176,163,66,1.15,1031.0,23.2,3.1,4,2,40.52,1,3,0,110,888.7931034482759,0.9260837452417476,2.5374855824682814,8,96.384
29,88.1,1.93,186,143,66,1.88,1479.0,11.1,3.5,5,3,23.65,1,1,0,120,782.5396825396825,0.768775872264932,2.2750775594622543,15,78.3209
28,128.4,1.86,173,158,71,1.06,921.0,23.6,3.3,4,2,37.11,1,3,0,102,860.7476635514018,0.9132420091324202,2.534808996786862,8,98.0976
48,83.9,1.82,176,149,70,1.9,1401.0,13.1,3.5,5,3,25.33,1,2,1,106,733.5078534031414,0.8465428100676098,1.4580295771714227,15,72.90910000000001
27,104.3,1.68,162,135,62,1.28,950.0,29.7,3.5,3,2,36.95,1,3,0,100,736.4341085271318,0.8332818961792482,2.2954461310625693,6,73.3229
28,121.7,1.94,185,127,52,1.03,719.0,28.9,2.6,4,2,32.34,1,3,0,133,691.3461538461538,0.6864493811145344,1.8564798286326312,8,86.52870000000001
42,42.7,1.74,161,130,71,1.04,608.0,32.9,1.6,3,1,14.1,0,0,1,90,579.047619047619,0.8074032668778337,1.6900737919542967,3,28.651700000000005
25,76.5,1.96,180,120,59,0.67,442.0,23.2,2.3,3,1,19.91,1,1,0,121,650.0,0.6666296316871285,2.3590563774490203,3,58.752
50,58.1,1.58,199,120,50,1.93,1042.0,19.3,2.7,5,3,23.27,0,1,2,149,537.1134020618557,0.6029847746344406,0.9998000399920016,15,46.8867
42,79.3,1.93,181,147,50,1.22,888.0,27.3,3.3,2,1,21.29,1,1,1,131,721.9512195121952,0.8121098281862881,1.19019281123542,2,57.6511
56,88.5,1.85,161,144,59,1.57,1119.0,11.0,3.5,4,3,25.86,1,2,2,102,708.2278481012657,0.8943543879262158,1.053383324406356,12,78.765
58,109.7,1.75,181,168,54,1.01,840.0,22.1,2.7,2,1,35.82,1,3,2,127,823.5294117647059,0.9281255179271863,0.9308739872435787,2,85.4563
57,96.3,1.86,168,146,74,1.1,795.0,27.6,2.2,3,2,27.84,1,2,2,94,716.2162162162161,0.8689958931016012,1.2980178915979652,6,69.7212
21,125.2,1.66,196,159,60,1.38,1207.0,29.8,3.4,3,2,45.43,1,3,0,136,868.3453237410073,0.8111831029029132,2.8557829604950022,6,87.8904
28,101.8,1.84,169,136,64,1.08,808.0,29.7,2.7,3,1,30.07,1,3,0,105,741.2844036697247,0.8046861132477369,2.2848982506247766,3,71.56540000000001
27,76.7,1.7,196,150,56,0.96,792.0,29.1,2.1,3,1,26.54,1,2,0,140,816.4948453608248,0.7652670782102954,2.073306182895224,3,54.3803
31,57.9,1.56,161,124,50,1.8,1116.0,15.1,2.7,5,3,23.79,0,1,1,111,616.5745856353591,0.7701385007142414,1.6123831022250885,15,49.1571
43,68.6,1.52,173,137,68,1.42,875.0,28.1,2.6,4,2,29.69,0,2,1,105,611.8881118881119,0.7918617420958326,1.5810276679841897,8,49.32339999999999
45,78.3,1.96,166,167,62,1.29,1066.0,29.0,2.2,3,1,20.38,1,1,1,104,820.0,1.0059634961749293,1.3774716729615641,3,55.592999999999996
39,59.7,1.83,170,154,59,1.35,1143.0,29.1,2.3,4,2,17.83,1,0,1,111,840.4411764705882,0.9058290688783013,1.512432709561651,8,42.3273
47,87.2,1.64,177,165,50,2.0,1634.0,15.0,3.5,4,3,32.42,1,3,1,127,812.9353233830847,0.9321507259476867,1.0636034886194428,12,74.12
59,89.4,1.62,198,125,59,1.43,885.0,23.5,3.6,3,2,34.06,1,3,2,139,614.5833333333334,0.6312812484217969,0.9998305371970853,6,68.391
32,85.3,1.64,178,123,69,1.77,1197.0,13.2,3.5,4,3,31.71,1,3,1,109,672.4719101123595,0.6909724172799281,2.1555763823805063,12,74.04039999999999
24,51.0,1.67,178,133,72,0.97,710.0,21.3,2.8,3,1,18.29,1,0,0,106,724.4897959183673,0.7471490365709792,2.99875052061641,3,40.137
24,58.9,1.51,187,157,68,1.04,816.0,31.7,2.5,2,1,25.83,0,2,0,119,777.1428571428571,0.8395272980054543,2.8321532694710534,2,40.2287
57,83.4,1.65,172,166,67,1.57,1290.0,13.3,3.5,4,3,30.63,1,3,2,105,816.4556962025316,0.9650601709202954,1.1752324153657254,12,72.3078
38,81.4,1.71,187,148,58,1.52,1237.0,10.2,3.5,5,3,27.84,1,2,1,129,808.4967320261438,0.7914015293299824,1.5259142330965536,15,73.0972
46,55.1,1.72,164,137,66,1.43,970.0,20.5,3.6,3,2,18.62,1,1,1,98,673.6111111111111,0.8353149198219622,1.4344707672245165,6,43.804500000000004
56,48.3,1.87,165,156,51,0.68,525.0,29.8,3.3,3,1,13.81,1,0,2,114,760.8695652173913,0.9453972486515969,0.9105516871987146,3,33.9066
31,66.6,1.67,184,137,71,1.02,699.0,31.0,1.5,4,2,23.88,0,1,1,113,678.6407766990291,0.7445247540894517,2.2895840051596257,8,45.95399999999999
25,57.8,1.56,170,156,66,1.35,1053.0,29.3,1.6,3,2,23.75,0,1,0,104,774.2647058823529,0.9175930827598378,2.6389444222311074,6,40.8646
27,106.4,1.86,182,123,50,1.34,907.0,20.6,3.1,2,1,30.76,1,3,0,132,671.8518518518518,0.6757870446678754,1.8511662347278786,2,84.48160000000001
50,70.4,1.55,160,143,58,0.73,470.0,29.9,2.7,2,1,29.3,0,2,2,102,635.1351351351351,0.8936941441159928,1.1597680463907218,2,49.35040000000001
56,50.6,1.7,175,146,58,1.29,848.0,33.1,2.3,2,1,17.51,0,0,2,117,652.3076923076923,0.8342380435403691,1.0355293697554009,2,33.851400000000005
27,76.5,1.97,180,165,61,1.13,1025.0,21.3,2.3,2,1,19.71,1,1,0,119,899.1228070175439,0.9166157435698017,2.258422806368012,2,60.2055
19,64.0,1.53,166,167,58,1.33,1111.0,29.8,2.3,3,2,27.34,0,2,0,108,829.1044776119403,1.0059634961749293,3.051025775907417,6,44.928
36,85.4,1.88,195,137,60,1.98,1492.0,13.5,3.5,5,3,24.16,1,1,1,135,749.748743718593,0.7025280754833085,1.6662038322688144,15,73.87100000000001
53,125.1,1.91,171,137,70,0.52,353.0,28.3,3.1,2,1,34.29,1,3,2,101,666.0377358490566,0.8011227413601544,1.3205055649877382,2,89.69669999999999
41,120.8,1.67,188,146,54,0.82,593.0,20.5,3.0,2,1,43.31,1,3,1,134,714.4578313253012,0.7765544385936919,1.3167520117044624,2,96.036
48,67.1,1.61,160,151,74,0.62,421.0,33.4,1.5,2,1,25.89,0,2,1,86,668.2539682539682,0.9436910193112931,1.5413455530097897,2,44.6886
22,50.7,1.59,197,139,66,1.27,883.0,29.4,1.8,3,2,20.05,0,1,0,131,689.84375,0.7055479417288463,2.998636983189459,6,35.794200000000004
47,84.8,1.86,187,129,63,1.85,1181.0,14.4,3.5,5,3,24.51,1,1,1,124,634.9462365591397,0.6898026843484306,1.3401403956604978,15,72.58879999999999
24,60.1,1.79,170,165,63,1.97,1625.0,15.9,2.7,4,3,18.76,0,1,0,107,820.7070707070707,0.9705311452267514,2.6239067055393583,12,50.5441
43,73.2,1.88,176,142,63,1.17,822.0,29.4,3.3,3,1,20.71,1,1,1,113,696.6101694915254,0.806772342480541,1.4647756335735875,3,51.6792
20,82.7,1.99,179,146,59,1.69,1357.0,14.6,3.5,5,3,20.88,1,1,0,120,798.2352941176471,0.8155968940282666,2.948525737131434,15,70.6258
45,73.0,1.75,184,148,50,1.14,759.0,26.6,2.0,4,2,23.84,0,1,1,134,660.0,0.804304113906853,1.1108642523883583,8,53.582
49,44.1,1.65,189,133,74,1.16,694.0,26.7,1.8,4,2,16.2,0,0,1,115,593.1623931623932,0.7036664726734035,1.5098959396041625,8,32.3253
39,64.3,1.69,190,148,58,1.25,925.0,26.9,1.9,4,2,22.51,0,1,1,132,734.1269841269841,0.7789063733487711,1.4867982568572162,8,47.0033
33,64.1,1.63,186,120,74,1.58,948.0,16.4,2.7,5,3,24.13,0,1,1,112,596.2264150943396,0.6451266060964465,2.2417449257800666,15,53.5876
45,84.9,1.86,186,136,66,1.64,1104.0,14.2,3.5,5,3,24.54,1,1,1,120,669.0909090909091,0.731143486909306,1.4663408131526328,15,72.8442
32,61.7,1.58,183,135,54,1.87,1262.0,16.6,2.7,5,3,24.72,0,1,1,129,671.2765957446808,0.7376646084913393,1.6869728209934396,15,51.4578
27,58.0,1.79,164,143,73,1.39,994.0,27.1,1.5,2,1,18.1,0,0,0,91,710.0,0.8718980549966466,2.7027027027027026,2,42.282
21,60.0,1.7,179,123,52,1.97,1212.0,19.1,2.7,5,3,20.76,0,1,0,127,612.1212121212121,0.6871124518183342,2.4750118990956684,15,48.54
21,101.2,1.84,181,132,50,1.3,944.0,24.3,3.3,2,1,29.89,1,2,0,131,720.6106870229007,0.7292414783713608,2.379819133745835,2,76.6084
52,44.1,1.62,179,121,61,1.41,768.0,34.8,1.6,3,1,16.8,0,0,2,118,540.8450704225353,0.6759398916261662,1.1728513747356277,3,28.753200000000003
31,86.9,1.69,185,130,65,1.72,1230.0,14.0,3.5,4,3,30.43,1,3,1,120,710.9826589595376,0.7026647208259014,2.0960980328926153,12,74.73400000000001
45,89.6,1.81,178,153,70,1.7,1287.0,12.4,3.5,5,3,27.35,1,2,1,108,752.6315789473684,0.8595022751530813,1.5552099533437014,15,78.4896
46,63.1,1.61,187,152,68,1.0,684.0,34.7,2.2,4,2,24.34,0,1,1,119,677.2277227722773,0.8127907598524143,1.4779395783525322,8,41.2043
56,93.6,1.66,177,151,52,1.37,1024.0,29.0,2.2,2,1,33.97,1,3,2,125,742.0289855072463,0.8530591492006102,0.9284056418496698,2,66.45599999999999
39,86.2,1.82,191,160,72,1.96,1725.0,10.2,3.5,5,3,26.02,1,2,1,119,875.6345177664974,0.8376524789278049,1.845680594719303,15,77.4076
49,85.0,1.68,197,163,74,1.82,1468.0,11.3,3.5,4,3,30.12,1,3,1,123,802.1857923497267,0.8273691690777119,1.5098959396041625,12,75.395
40,87.9,1.87,196,134,54,1.96,1445.0,10.7,3.5,5,3,25.14,1,2,1,142,733.502538071066,0.683638589867864,1.3496625843539116,15,78.49470000000001
48,94.5,1.7,189,140,64,1.01,700.0,28.2,3.5,3,2,32.7,1,3,1,125,686.2745098039215,0.74070155018253,1.3330556134138722,6,67.851
29,80.8,1.98,160,145,50,1.65,1316.0,14.6,3.5,5,3,20.61,1,1,0,110,792.7710843373494,0.9061933629148179,1.723543605653223,15,69.00319999999999
24,87.1,1.74,187,158,67,1.57,1364.0,10.0,3.5,4,3,28.77,1,2,0,120,863.2911392405063,0.8448746056360623,2.7905039566847147,12,78.39
30,62.9,1.92,170,127,70,1.13,789.0,25.2,3.6,2,1,17.06,1,0,1,100,692.1052631578948,0.7470148814775602,2.3325558147284235,2,47.0492
45,80.8,1.76,183,131,54,1.7,1102.0,11.4,3.5,4,3,26.08,1,2,1,129,644.4444444444445,0.7158078793508552,1.199733392579427,12,71.58879999999999
28,81.6,1.66,174,153,50,1.09,917.0,20.5,3.5,4,2,29.61,1,2,0,124,833.6363636363635,0.8792598126544452,1.7850767583006069,8,64.872
54,70.7,1.57,198,163,65,1.14,836.0,31.8,2.1,3,1,28.68,0,2,2,133,726.9565217391305,0.8231907479420232,1.2034808368820589,3,48.2174
33,40.5,1.63,181,147,66,1.07,786.0,31.9,1.5,4,2,15.24,0,0,1,115,727.7777777777777,0.8121098281862881,1.9993941229930325,8,27.5805
32,65.2,1.62,186,128,63,0.58,408.0,25.3,3.4,2,1,24.84,1,1,1,123,691.5254237288136,0.6881350465028763,1.9681349578256795,2,48.7044
29,106.5,1.81,177,156,60,1.29,1107.0,25.7,2.5,4,2,32.51,1,3,0,117,851.5384615384615,0.8813061408959946,2.0682523267838677,8,79.1295
20,75.9,1.73,165,152,63,1.39,1056.0,30.6,2.1,4,2,25.36,0,2,0,102,754.2857142857143,0.9211562935579662,3.1484257871064467,8,52.6746
43,58.2,1.61,179,124,54,1.04,580.0,26.4,2.6,3,2,22.45,0,1,1,125,552.3809523809524,0.6926987319144182,1.2555219716345036,6,42.8352
32,97.3,1.96,189,137,50,1.36,1025.0,24.9,3.4,3,2,25.33,1,2,1,139,748.1751824817518,0.7248293741071902,1.562011871290222,6,73.0723
41,94.1,1.62,172,139,50,1.13,777.0,23.4,3.1,4,2,35.86,1,3,1,122,681.5789473684212,0.8080925527585606,1.21921482565228,8,72.0806
33,117.0,1.61,166,130,55,1.04,744.0,25.1,2.4,3,2,45.14,1,3,1,111,708.5714285714286,0.7830853563038371,1.6661617691608603,6,87.633
50,69.7,1.72,198,135,66,1.24,753.0,27.3,2.0,4,2,23.56,0,1,2,132,602.4,0.6817837482955407,1.3197360527894422,8,50.6719
52,59.7,1.71,169,151,58,1.23,836.0,34.3,2.0,3,1,20.42,0,1,2,111,674.1935483870968,0.8934382580912372,1.1151701595846952,3,39.2229
43,66.3,1.77,177,157,57,1.48,1046.0,32.7,1.7,4,2,21.16,0,1,1,120,702.0134228187919,0.8869555392350715,1.325273192280865,8,44.6199
18,60.9,1.79,191,126,69,1.11,699.0,31.1,2.1,2,1,19.01,0,1,0,122,624.1071428571428,0.6596513271556463,3.8312048861743473,2,41.960100000000004
28,86.9,1.78,164,134,68,1.29,951.0,24.9,3.7,4,2,27.43,1,2,0,96,731.5384615384615,0.8170233522346199,2.427704391288825,8,65.26190000000001
52,64.9,1.51,164,165,68,1.83,1359.0,18.2,2.7,4,3,28.46,0,2,2,96,738.5869565217391,1.006036217303823,1.3074408767544703,12,53.08820000000001
48,129.2,1.61,193,167,62,1.06,876.0,21.4,2.9,4,2,49.84,1,3,1,131,818.6915887850466,0.8652401429977722,1.2913976254946886,8,101.5512
58,75.4,1.78,161,140,63,1.05,662.0,26.0,2.5,4,2,23.8,0,1,2,98,624.5283018867924,0.869511210483821,1.0860196517841751,8,55.79600000000001
38,123.3,1.62,161,165,65,1.34,1216.0,21.2,2.3,4,2,46.98,1,3,1,96,900.7407407407406,1.0247810694987889,1.7100762957116549,8,97.1604
36,57.3,1.64,164,157,70,1.13,887.0,25.3,1.8,4,2,21.3,0,1,1,94,778.0701754385966,0.957258703737577,1.9439044709802833,8,42.8031
41,71.2,1.64,165,147,54,1.42,939.0,30.9,2.3,3,2,26.47,0,2,1,111,656.6433566433567,0.8908550996909279,1.3167520117044624,6,49.199200000000005
34,68.0,1.68,169,128,57,0.67,472.0,25.8,3.4,2,1,24.09,1,1,1,112,694.1176470588235,0.75735163599787,1.675977653631285,2,50.456
36,123.7,1.69,185,138,73,1.3,987.0,20.4,2.1,4,2,43.31,1,3,1,112,753.4351145038167,0.7459056267228799,2.027214662593724,8,98.46520000000001
36,110.2,1.77,191,156,74,1.19,1021.0,26.5,3.4,2,1,35.18,1,3,1,117,850.8333333333334,0.8167111669546098,2.054984726464871,2,80.997
23,116.8,1.79,178,127,69,1.0,698.0,26.8,3.4,4,2,36.45,1,3,0,109,691.0891089108911,0.7134430649963486,2.998696219035202,8,85.49759999999999
46,108.8,1.64,185,169,63,1.4,1171.0,20.5,3.4,3,1,40.45,1,3,1,122,830.4964539007093,0.9134641370736717,1.369267550532493,3,86.496
39,81.7,1.75,165,165,55,1.32,1198.0,29.1,2.8,4,2,26.68,1,2,1,110,900.7518796992481,0.999939397612266,1.409894898743912,8,57.9253
38,45.2,1.68,193,144,58,1.01,727.0,29.9,2.4,3,2,16.01,0,0,1,135,712.7450980392157,0.7460753328843065,1.5259142330965536,6,31.685200000000005
41,51.5,1.8,166,126,60,1.09,680.0,26.7,2.1,4,2,15.9,1,0,1,106,618.1818181818181,0.758990422263719,1.463057790782736,8,37.7495
23,44.1,1.62,196,122,58,0.58,354.0,25.7,2.7,2,1,16.8,0,0,0,138,600.0,0.6224172236110402,2.5206431986093003,2,32.7663
34,75.7,1.94,181,141,72,1.18,915.0,29.3,2.4,4,2,20.11,1,1,1,109,768.9075630252102,0.7789624882603171,2.1170244045868865,8,53.51990000000001
30,107.9,1.66,194,140,64,1.08,832.0,29.5,2.8,3,2,39.16,1,3,1,130,763.3027522935779,0.7216122880263904,2.132622459180273,6,76.0695
25,41.1,1.67,186,138,71,1.03,711.0,31.9,2.4,3,2,14.74,0,0,0,115,683.6538461538461,0.7418955970109135,2.8388644542183123,6,27.989100000000004
55,49.3,1.76,194,161,73,1.28,927.0,30.5,2.0,2,1,15.92,0,0,2,121,718.6046511627907,0.829854131230349,1.327031448827486,2,34.2635
56,45.1,1.73,165,129,73,0.83,482.0,25.4,2.6,3,1,15.07,0,0,2,92,573.8095238095239,0.7817708017695898,1.3033386895197288,3,33.644600000000004
59,85.5,1.67,190,144,71,1.99,1418.0,15.0,3.5,5,3,30.66,1,3,2,119,709.0,0.7578548497447503,1.2031859006947976,15,72.675
19,59.1,1.57,184,162,50,1.65,1336.0,17.9,2.7,5,3,23.98,0,1,0,134,804.8192771084338,0.8803869354926364,2.6301946344029457,15,48.5211
46,58.0,1.53,196,140,62,1.83,1153.0,18.4,2.7,4,3,24.78,0,1,1,134,626.6304347826086,0.7142492729962757,1.347533144968485,12,47.328
45,81.4,1.61,164,141,55,1.14,796.0,30.0,2.2,4,2,31.4,1,3,1,109,692.1739130434784,0.8597036766050851,1.221950677627194,8,56.98
23,60.1,1.59,191,123,52,1.8,1107.0,17.6,2.7,4,3,23.77,0,1,0,139,611.6022099447514,0.64394534317575,2.2598870056497176,12,49.5224
48,52.3,1.66,174,130,71,0.74,433.0,33.0,1.8,3,1,18.98,0,1,1,103,577.3333333333334,0.7470835009482214,1.4788585711310145,3,35.041
40,76.9,1.92,179,137,68,1.13,851.0,22.4,3.7,4,2,20.86,1,1,1,111,746.4912280701755,0.7653203731635104,1.6995751062234443,8,59.674400000000006
42,62.9,1.98,173,126,61,1.42,886.0,28.5,3.4,4,2,16.04,1,0,1,112,619.5804195804196,0.7282816022195249,1.4520352297072125,8,44.9735
59,53.9,1.75,168,135,69,1.48,989.0,21.6,2.8,4,2,17.6,1,0,2,99,663.7583892617449,0.8035235997857271,1.1692933401118455,8,42.257600000000004
46,61.0,1.71,181,153,61,1.67,1150.0,17.8,2.7,4,3,20.86,0,1,1,120,684.5238095238095,0.845257168112259,1.3257987394044775,12,50.141999999999996
31,63.1,1.64,184,125,51,1.54,962.0,19.0,2.7,4,3,23.46,0,1,1,133,620.6451612903226,0.6793109070159231,1.6446307642695903,12,51.111000000000004
19,73.0,1.79,177,125,61,0.81,506.0,27.7,1.6,3,1,22.78,0,1,0,116,617.0731707317073,0.7061747923846111,3.2088374539715936,3,52.779
19,49.0,1.69,176,147,64,1.05,772.0,29.2,2.4,3,1,17.16,0,0,0,112,728.3018867924528,0.8351798193284473,3.3666491320357705,3,34.692
47,49.9,1.69,178,147,64,1.48,979.0,26.0,1.7,3,2,17.47,0,0,1,114,657.0469798657718,0.8257963035784507,1.3614124654328867,6,36.926
35,44.6,1.62,196,157,65,0.56,440.0,32.4,2.0,2,1,16.99,0,0,1,131,771.9298245614034,0.8009795418601092,1.856612396458155,2,30.1496
44,61.7,1.55,196,129,66,1.41,819.0,33.1,2.6,4,2,25.68,0,2,1,130,576.7605633802817,0.6581296872608541,1.499659168370825,8,41.277300000000004
50,57.1,1.91,184,131,68,1.09,707.0,29.5,2.7,4,2,15.65,1,0,2,116,642.7272727272726,0.7119178305526874,1.3597280543891221,8,40.255500000000005
41,63.4,1.59,162,153,55,1.84,1267.0,15.2,2.7,5,3,25.08,0,2,1,107,684.8648648648648,0.944386149003148,1.341136308217508,15,53.7632
27,63.7,1.52,195,120,60,1.19,714.0,25.4,2.1,4,2,27.57,0,2,0,135,595.0,0.6153530588174966,2.2213994816734544,8,47.5202
33,78.5,1.66,161,156,69,1.29,1006.0,32.8,1.9,4,2,28.49,0,2,1,92,773.8461538461538,0.9688839202534004,2.0902756740381703,8,52.752
26,76.7,1.63,199,139,72,1.08,751.0,25.6,1.7,2,1,28.87,0,2,0,127,688.9908256880733,0.6984573639515602,2.7681660899653977,2,57.0648
34,92.0,1.76,175,143,73,0.73,574.0,22.1,3.5,3,1,29.7,1,2,1,102,775.6756756756757,0.8170961659333753,2.1464275213172597,3,71.668
34,102.1,1.71,185,135,72,0.96,713.0,27.3,3.2,2,1,34.92,1,3,1,113,735.0515463917526,0.729690287011513,2.1170244045868865,2,74.2267
21,67.0,1.61,161,152,74,1.32,1104.0,22.0,2.1,3,2,25.85,1,2,0,87,830.0751879699247,0.9440407428110056,3.522132317943836,6,52.260000000000005
22,96.3,1.63,180,162,62,1.35,1203.0,27.1,2.4,4,2,36.25,1,3,0,118,884.5588235294117,0.8999500027776235,2.816901408450704,8,70.2027
44,98.0,1.83,194,130,56,1.28,824.0,25.7,3.5,4,2,29.26,1,2,1,138,638.7596899224806,0.6700685531673626,1.2724380822540333,8,72.814
56,52.9,1.64,169,155,53,1.1,767.0,27.4,2.3,3,2,19.67,0,1,2,116,690.9909909909909,0.9171054967161707,0.946259596500625,6,38.4054
53,56.9,1.59,199,164,65,1.49,1100.0,29.5,2.0,3,2,22.51,0,1,2,134,733.3333333333334,0.824079192000402,1.2261837389171855,6,40.1145
52,68.2,1.63,179,148,67,1.17,779.0,27.5,2.4,3,1,25.67,0,2,2,112,660.1694915254237,0.8267694542204347,1.288213805037493,3,49.445
49,49.2,1.54,179,153,63,1.28,881.0,30.7,2.1,3,2,20.75,0,1,1,116,682.9457364341085,0.8547008547008548,1.285451948581922,6,34.095600000000005
32,85.9,1.6,176,145,60,1.99,1587.0,14.5,3.5,5,3,33.55,1,3,1,116,793.5,0.8238168285892847,1.8744142455482662,15,73.4445
29,71.8,1.55,190,120,68,1.2,720.0,26.3,2.4,4,2,29.89,0,2,0,122,595.0413223140496,0.6315457081206253,2.344019303688383,8,52.916599999999995
58,44.2,1.57,183,155,59,1.08,753.0,31.9,2.3,3,1,17.93,0,0,2,124,690.8256880733944,0.84694825419376,1.0170660230994657,3,30.100200000000005
18,63.9,1.59,185,125,50,1.87,1169.0,16.4,2.7,4,3,25.28,0,2,0,135,621.8085106382979,0.6756391546402898,2.7762354247640197,12,53.4204
20,101.0,1.91,179,143,58,1.36,1070.0,29.3,2.7,3,2,27.69,1,2,0,121,781.0218978102189,0.7988380537400146,2.898550724637681,6,71.40700000000001
35,127.1,1.62,187,128,69,1.02,718.0,23.3,3.4,4,2,48.43,1,3,1,118,697.0873786407767,0.6844553767178226,1.9708654670094259,8,97.4857
29,49.0,1.57,168,132,53,1.33,878.0,26.5,2.6,3,2,19.88,0,1,0,115,655.2238805970148,0.7856675197904887,1.8269562219924163,6,36.015
30,121.6,2.0,179,160,60,1.24,1091.0,28.0,3.3,4,2,30.4,1,3,1,119,872.8,0.8938048153734429,1.9993335554815062,8,87.55199999999999
40,106.5,1.65,162,162,74,1.32,1176.0,21.0,3.6,4,2,39.12,1,3,1,88,884.2105263157895,0.9999382754150979,1.849537615596101,8,84.135
49,70.2,1.89,194,127,51,0.7,440.0,29.6,2.6,3,1,19.65,1,1,1,143,619.7183098591549,0.6546054327096542,1.0406039583758417,3,49.4208
37,48.7,1.67,164,132,74,1.39,1009.0,27.3,3.0,2,1,17.46,1,0,1,90,720.7142857142858,0.8048289738430584,1.999459605512024,2,35.4049
44,89.3,1.99,192,135,58,1.4,936.0,26.3,2.0,4,2,22.55,1,1,1,134,663.8297872340426,0.7030883808134993,1.3178822994773916,8,65.8141
50,58.4,1.79,164,131,56,1.6,943.0,17.0,2.7,4,3,18.23,0,0,2,108,585.7142857142857,0.7987317846472777,1.1197760447910419,12,48.471999999999994
18,67.4,1.6,182,164,71,0.6,492.0,33.5,2.4,3,1,26.33,0,2,0,111,806.5573770491803,0.9010493928905006,3.942254303164908,3,44.821000000000005
35,100.9,1.63,161,163,59,1.1,986.0,28.4,3.1,2,1,37.98,1,3,1,102,888.2882882882882,1.0123594807775915,1.6852327906312483,2,72.2444
40,69.7,1.51,189,141,64,1.27,895.0,30.6,1.9,3,2,30.57,0,3,1,125,699.21875,0.7459922755409767,1.5996000999750064,6,48.3718
52,70.6,1.58,181,164,67,1.02,753.0,34.9,2.0,3,2,28.28,0,2,2,114,731.0679611650485,0.9060272913098725,1.288213805037493,6,45.9606
40,72.2,1.6,173,130,67,0.87,566.0,29.2,1.9,3,1,28.2,0,2,1,106,643.1818181818181,0.7514016530836368,1.6745813546613348,3,51.117599999999996
28,63.0,1.62,196,147,55,0.68,500.0,31.7,1.9,2,1,24.01,0,1,0,141,724.6376811594203,0.7499617366460896,1.9635844341306674,2,43.029
51,56.3,1.5,182,142,66,1.43,914.0,27.4,2.4,3,1,25.02,0,2,2,116,634.7222222222223,0.780176913356409,1.2938639482454422,3,40.873799999999996
54,86.1,1.95,195,140,64,1.17,811.0,27.9,3.4,2,1,22.64,1,1,2,131,687.2881355932204,0.717911901953746,1.1849657470838735,2,62.078100000000006
22,40.3,1.56,192,121,57,1.45,877.0,30.8,2.1,4,2,16.56,0,0,0,135,600.6849315068494,0.6301755116920994,2.58973194002726,8,27.887599999999996
22,48.7,1.76,165,167,66,1.37,1144.0,29.0,2.2,4,2,15.72,0,0,0,99,828.9855072463768,1.0120598751590812,2.998636983189459,8,34.577
34,124.6,1.63,161,136,66,1.41,1055.0,27.6,2.8,3,2,46.9,1,3,1,95,742.9577464788733,0.844668033041426,1.9406057042046458,6,90.21039999999999
33,65.3,1.71,172,135,74,1.18,796.0,29.7,2.5,4,2,22.33,0,1,1,98,668.9075630252102,0.784838090808674,2.2417449257800666,8,45.9059
47,88.4,1.6,186,126,60,1.86,1160.0,14.2,3.5,5,3,34.53,1,3,1,126,620.3208556149732,0.6773829364012688,1.2763241863433312,15,75.8472
24,54.7,1.74,160,167,53,0.84,772.0,22.9,3.6,3,1,18.07,1,0,0,107,908.2352941176471,1.0436847697018936,2.2074135776759682,3,42.173700000000004
51,77.3,1.58,171,168,68,0.97,733.0,31.1,2.0,2,1,30.96,0,3,2,103,747.9591836734694,0.9823986901350799,1.3330719466771221,2,53.2597
22,78.7,1.52,173,166,74,1.45,1204.0,31.5,2.3,3,2,34.06,0,3,0,99,824.6575342465753,0.9594821108606439,3.3621081326669695,6,53.90950000000001
20,71.3,1.58,167,167,54,1.07,893.0,25.4,1.5,3,2,28.56,0,2,0,113,826.8518518518518,0.9999401233459075,2.6986506746626686,6,53.1898
21,88.4,1.6,198,121,67,1.71,1138.0,12.0,3.5,4,3,34.53,1,3,0,131,661.6279069767442,0.6110802484722994,3.188957639219419,12,77.792
39,71.7,1.88,198,147,51,0.55,445.0,23.7,2.2,2,1,20.29,1,1,1,147,794.6428571428571,0.7423867481440332,1.307357087926173,2,54.707100000000004
39,56.0,1.6,184,151,69,0.89,672.0,32.6,2.0,2,1,21.87,0,1,1,115,746.6666666666666,0.8206075756752351,1.7687772366059986,2,37.744
24,40.4,1.64,168,168,55,0.99,832.0,31.0,1.9,2,1,15.02,0,0,0,113,832.0,0.9999404797333492,2.2907122032486464,2,27.875999999999998
36,56.2,1.95,183,128,64,1.09,767.0,22.5,3.4,4,2,14.78,1,0,1,119,697.2727272727273,0.699415332495492,1.777284087753402,8,43.55500000000001
18,72.7,1.55,172,125,56,0.84,525.0,29.8,2.0,3,1,30.26,0,3,0,116,617.6470588235294,0.7267019359339574,3.1093836757357023,3,51.035399999999996
38,40.6,1.79,195,161,55,0.62,499.0,26.8,2.7,2,1,12.67,0,0,1,140,792.063492063492,0.8255986872468078,1.4469876348329387,2,29.7192
50,90.0,1.7,168,124,74,0.81,497.0,22.9,2.7,2,1,31.14,1,3,2,94,606.0975609756097,0.7380513064698531,1.4797040591881625,2,69.39
21,96.7,1.72,161,151,62,1.26,1046.0,25.0,2.8,3,1,32.69,1,3,0,99,823.6220472440945,0.9378299484504069,2.9509757258448355,3,72.525
50,66.3,1.57,192,132,73,1.25,742.0,31.6,1.6,2,1,26.9,0,2,2,119,588.8888888888889,0.6874641945731993,1.4597080583883224,2,45.349199999999996
21,51.0,1.71,174,132,73,1.07,706.0,34.2,2.2,3,2,17.44,0,0,0,101,653.7037037037037,0.7585770932705017,3.474535935268919,6,33.55799999999999
35,59.2,1.66,197,161,59,1.3,1151.0,21.3,3.2,3,1,21.48,1,1,1,138,878.6259541984732,0.8172174001319731,1.6852327906312483,3,46.5904
27,80.7,1.61,170,166,52,1.75,1598.0,14.3,3.5,4,3,31.13,1,3,0,118,907.9545454545455,0.9764131521675196,1.9252128841169935,12,69.15990000000001
28,72.9,1.67,197,147,74,1.13,831.0,34.7,2.2,3,2,26.14,0,2,0,123,728.9473684210527,0.7461550175118015,2.641913602284898,6,47.6037
28,78.7,1.63,185,154,59,1.1,847.0,31.7,1.8,3,2,29.62,0,2,0,126,763.0630630630629,0.8323874385168369,2.106390574794716,6,53.752100000000006
52,45.1,1.72,196,129,70,0.93,594.0,27.5,3.3,2,1,15.24,1,0,2,126,631.9148936170212,0.6581296872608541,1.3458950201884254,2,32.6975
20,74.8,1.75,184,121,73,1.33,885.0,25.0,3.3,3,2,24.42,1,1,0,111,660.4477611940298,0.6575729579914136,3.648175912043978,6,56.099999999999994
30,79.2,1.62,181,166,66,1.26,1046.0,28.0,2.5,4,2,30.18,0,3,1,115,823.6220472440945,0.9170764046185295,2.1992669110296568,8,57.024
51,64.9,1.6,169,125,55,1.49,838.0,31.1,2.5,4,2,25.35,0,2,2,114,558.6666666666666,0.7396012070291699,1.0782199568712019,8,44.716100000000004
25,55.3,1.76,176,152,67,1.56,1186.0,15.5,2.7,4,3,17.85,0,0,0,109,755.4140127388534,0.8635872961763537,2.6789284286285486,12,46.7285
54,86.0,1.93,171,163,51,1.74,1404.0,12.9,3.5,5,3,23.09,1,1,2,120,802.2857142857143,0.9531606338810596,0.9442695797074616,15,74.906
38,85.8,1.8,168,149,68,1.72,1410.0,10.1,3.5,4,3,26.48,1,2,1,100,815.028901734104,0.8868519730968395,1.7890028939752698,12,77.13419999999999
57,82.2,1.69,188,155,63,1.15,882.0,25.2,3.4,4,2,28.78,1,2,2,125,760.344827586207,0.824424232753577,1.1050692860901596,8,61.485600000000005
58,63.0,1.78,176,154,73,1.58,1095.0,17.5,2.7,4,3,19.88,0,1,2,103,688.6792452830189,0.8749502869155162,1.258403723495949,12,51.974999999999994
49,82.1,1.86,162,160,64,1.87,1481.0,14.2,3.5,4,3,23.73,1,1,1,98,787.7659574468084,0.9875933584346646,1.305855947765762,12,70.4418
38,46.9,1.74,198,167,64,1.03,946.0,20.0,2.6,4,2,15.49,1,0,1,134,909.6153846153845,0.8433917478915207,1.6837674296237832,8,37.52
49,40.0,1.65,188,148,74,1.03,686.0,34.3,2.5,3,2,14.69,0,0,1,114,659.6153846153846,0.7871921706292219,1.5098959396041625,6,26.28
31,78.8,1.71,177,121,59,1.49,992.0,24.7,2.5,4,2,26.95,1,2,1,118,661.3333333333334,0.6835771990283035,1.9026120606256045,8,59.3364
39,63.3,1.71,178,125,56,1.88,1175.0,18.5,2.7,4,3,21.65,0,1,1,122,621.6931216931217,0.7022077411381383,1.4355293514483467,12,51.589499999999994
56,69.3,1.68,195,138,58,0.66,451.0,26.5,2.1,2,1,24.55,1,1,2,137,673.1343283582089,0.7076560176401211,1.0355293697554009,2,50.9355
19,110.8,1.91,161,149,54,1.31,1074.0,23.3,2.9,2,1,30.37,1,3,0,107,813.6363636363636,0.9254083597292094,2.840610205155181,2,84.9836
32,70.5,1.62,177,122,58,1.24,756.0,28.4,1.8,2,1,26.86,0,2,1,119,604.8,0.6892265973673805,1.8119337706966574,2,50.477999999999994
19,98.6,1.7,197,162,74,0.83,740.0,21.1,2.4,2,1,34.12,1,3,0,123,880.952380952381,0.8222932846048424,3.8926880589163595,2,77.79539999999999
34,74.2,1.57,178,158,52,1.47,1161.0,32.7,2.4,3,1,30.1,0,3,1,126,784.4594594594595,0.8875905847986069,1.528962069979418,3,49.936600000000006
40,80.3,1.76,168,167,74,1.63,1497.0,13.1,3.5,5,3,25.92,1,2,1,94,912.8048780487806,0.9939884530682698,1.849537615596101,15,69.7807
19,64.3,1.63,197,132,57,1.87,1234.0,18.0,2.7,5,3,24.2,0,1,0,140,656.3829787234042,0.6700167504187605,2.998421883219358,15,52.726
53,52.4,1.57,171,149,71,1.34,898.0,28.3,2.2,3,2,21.26,0,1,2,100,665.1851851851851,0.8712940763698029,1.3393699302018487,6,37.5708
47,66.8,1.75,199,146,56,1.13,742.0,32.8,2.5,3,2,21.81,0,1,1,143,650.8771929824562,0.7336314758052359,1.191235907253776,6,44.8896
18,62.0,1.85,161,121,53,0.88,586.0,23.7,3.0,3,1,18.12,1,0,0,108,658.4269662921348,0.7515061176324452,2.942809550249861,3,47.306
23,67.8,1.61,186,160,66,1.34,1072.0,34.3,1.8,2,1,26.16,0,2,0,120,794.074074074074,0.8601688081285953,2.8683181225554106,2,44.5446
57,75.6,1.67,186,153,65,1.05,723.0,31.6,1.8,3,2,27.11,0,2,2,121,682.0754716981131,0.8225364227729692,1.1401508507279425,6,51.71039999999999
54,71.6,1.86,160,147,70,1.14,830.0,25.3,2.2,3,2,20.7,1,1,2,90,721.7391304347826,0.918692581713643,1.2960562858729865,6,53.4852
18,82.3,1.84,190,148,66,1.73,1408.0,13.3,3.5,5,3,24.31,1,1,0,124,809.1954022988506,0.7789063733487711,3.6646307606885062,15,71.3541
30,67.9,1.75,180,168,67,1.25,1155.0,29.1,3.1,2,1,22.17,1,1,1,113,916.6666666666666,0.9332814843619799,2.2325891369543482,2,48.1411
56,107.8,1.73,185,126,50,1.09,680.0,26.6,2.8,3,2,36.02,1,3,2,135,618.1818181818181,0.681044267877412,0.8926977325477594,6,79.12519999999999
49,77.7,1.61,160,158,50,1.03,806.0,26.7,3.4,3,2,29.98,1,2,1,110,775.0,0.9874382851071809,1.0201999591920017,6,56.954100000000004
57,64.0,1.52,170,129,52,1.73,1004.0,15.2,2.7,5,3,27.7,0,2,2,118,577.0114942528736,0.7587788953590966,0.912120680582354,15,54.272
53,68.1,1.55,164,131,65,1.41,831.0,26.1,2.2,4,2,28.35,0,2,2,99,585.2112676056338,0.7987317846472777,1.2261837389171855,8,50.3259
50,51.1,1.98,171,126,52,0.92,574.0,28.0,2.4,2,1,13.03,1,0,2,119,617.2043010752687,0.73679901760131,1.0397920415916817,2,36.792
58,52.0,1.79,173,169,52,1.12,937.0,29.6,3.0,3,1,16.23,1,0,2,121,829.2035398230088,0.9768221490087279,0.896397172901224,3,36.608
58,58.6,1.66,172,161,60,1.21,964.0,26.8,2.9,2,1,21.27,1,1,2,112,790.1639344262295,0.9359920934829371,1.034304430270643,2,42.8952
30,91.4,1.99,171,152,60,1.37,1145.0,23.0,3.7,3,2,23.08,1,1,1,111,829.7101449275361,0.8888369101222151,1.9993335554815062,6,70.378
32,84.0,1.74,195,127,63,1.45,1013.0,25.8,2.1,3,1,27.74,1,2,1,132,693.8356164383562,0.6512486539151838,1.9681349578256795,3,62.328
43,55.2,1.73,167,165,62,1.67,1240.0,16.6,2.7,5,3,18.44,0,0,1,105,738.0952380952381,0.9879647925273937,1.441525226691467,15,46.0368
26,76.4,1.79,177,156,73,1.17,1004.0,21.3,2.7,3,2,23.84,1,1,0,104,850.8474576271187,0.8813061408959946,2.806612841214917,6,60.12680000000001
35,55.3,1.56,187,139,56,1.71,1188.0,19.8,2.7,5,3,22.72,0,1,1,131,690.6976744186046,0.7432757606545105,1.599542987717795,15,44.3506
38,56.3,1.6,180,142,53,1.21,859.0,28.8,1.9,4,2,21.99,0,1,1,127,704.0983606557377,0.7888450641631021,1.3943699026571956,8,40.0856
38,91.5,1.77,178,140,74,0.8,616.0,26.7,3.4,2,1,29.21,1,2,1,104,760.4938271604938,0.786472670074715,1.9468560905024994,2,67.0695
18,66.9,1.75,170,122,61,0.94,573.0,26.8,1.7,2,1,21.84,0,1,0,109,603.1578947368421,0.7176048467737193,3.387007218212104,2,48.970800000000004
22,62.2,1.84,161,140,65,0.51,393.0,21.5,2.3,3,1,18.37,1,0,0,96,755.7692307692307,0.869511210483821,2.9532030895047705,3,48.827000000000005
47,89.1,1.84,168,159,65,1.44,1133.0,24.0,3.6,3,2,26.32,1,2,1,103,781.3793103448276,0.9463722397476341,1.3826845352052755,6,67.716
32,62.6,1.63,190,161,58,1.67,1344.0,15.0,2.7,5,3,23.56,0,1,1,132,800.0,0.8473238250618389,1.8119337706966574,15,53.21
50,89.6,1.68,182,139,74,1.79,1232.0,12.2,3.5,5,3,31.75,1,3,2,108,684.4444444444445,0.7636943025108511,1.4797040591881625,15,78.66879999999999
56,40.4,1.8,196,165,72,1.23,913.0,30.0,2.1,4,2,12.47,0,0,2,124,736.2903225806451,0.8417937860313249,1.2854847348687735,8,28.279999999999998
48,69.1,1.6,191,166,53,1.34,1001.0,26.1,2.0,4,2,26.99,0,2,1,138,741.4814814814814,0.8690644468875975,1.103936679858363,8,51.064899999999994
52,47.8,1.86,179,129,67,1.01,645.0,24.7,2.8,3,2,13.82,1,0,2,112,632.3529411764706,0.7206301323948383,1.288213805037493,6,35.9934
48,62.9,1.58,192,124,69,1.98,1105.0,20.0,2.7,4,3,25.2,0,2,1,123,555.2763819095477,0.6457996979323993,1.4372005832118309,12,50.32
50,101.7,1.67,192,127,57,0.53,333.0,20.9,2.9,2,1,36.47,1,3,2,135,616.6666666666666,0.6614238841726994,1.139772045590882,2,80.44470000000001
26,64.1,1.5,194,134,60,1.93,1293.0,15.1,2.7,5,3,28.49,0,2,0,134,666.4948453608248,0.6906860471109737,2.3068050749711646,15,54.420899999999996
41,77.6,1.76,162,161,71,1.27,920.0,31.8,2.2,4,2,25.05,0,2,1,91,718.75,0.9937658169248812,1.7312850524262375,8,52.923199999999994
42,85.2,1.81,189,151,65,1.54,1151.0,13.7,3.5,5,3,26.01,1,2,1,124,742.5806451612902,0.7988995291254432,1.5472506546060463,15,73.5276
25,74.3,1.71,162,157,64,1.43,1123.0,25.6,1.6,3,2,25.41,0,2,0,98,779.8611111111111,0.9690759829640146,2.5589764094362253,6,55.279199999999996
47,73.9,1.8,173,140,50,1.36,942.0,28.3,3.7,3,1,22.81,1,1,1,123,687.5912408759124,0.8092017802439165,1.0636034886194428,3,52.9863
52,50.3,1.78,170,132,67,0.85,555.0,24.5,2.3,2,1,15.88,1,0,2,103,645.3488372093024,0.7764249161814011,1.288213805037493,2,37.9765
23,81.4,1.85,194,150,74,1.6,1320.0,12.4,3.5,4,3,23.78,1,1,0,120,819.8757763975154,0.7731560228854183,3.215993046501521,12,71.30640000000001
51,66.2,1.58,164,129,65,0.86,499.0,31.3,2.3,3,1,26.52,0,2,2,99,573.5632183908046,0.7865374062557161,1.274259949029602,3,45.479400000000005
18,50.7,1.53,181,147,52,1.29,948.0,33.0,2.1,3,2,21.66,0,1,0,129,729.2307692307692,0.8121098281862881,2.8872848417545804,6,33.969
50,96.7,1.72,188,125,62,1.46,903.0,25.7,2.7,3,2,32.69,1,3,2,126,614.2857142857143,0.6648582522206266,1.239752049590082,6,71.8481
22,55.1,1.61,166,144,68,1.62,1166.0,19.9,2.7,4,3,21.26,0,1,0,98,715.3374233128834,0.8674176254442504,3.0895047705588365,12,44.1351
19,87.8,1.78,195,161,72,1.28,1133.0,23.6,3.3,2,1,27.71,1,2,0,123,878.2945736434108,0.8255986872468078,3.7874802735402415,2,67.0792
40,58.1,1.56,174,136,63,0.61,415.0,34.4,2.2,2,1,23.87,0,1,1,111,669.3548387096774,0.7815642779150624,1.574606348412897,2,38.113600000000005
47,127.1,1.76,199,157,73,0.71,552.0,24.9,3.0,2,1,41.03,1,3,1,126,766.6666666666667,0.7889050801467263,1.5528610933843863,2,95.4521
51,78.1,1.51,193,134,74,0.92,555.0,31.1,2.6,3,1,34.25,0,3,2,119,596.7741935483871,0.6942645458784519,1.4506959419721623,3,53.810900000000004
42,57.5,1.67,192,149,55,1.14,764.0,34.1,2.4,2,1,20.62,0,1,1,137,664.3478260869566,0.7760012499348993,1.3092120923589623,2,37.8925
43,53.8,1.72,173,160,71,1.03,742.0,30.2,2.3,4,2,18.19,0,0,1,102,713.4615384615385,0.9248020345644761,1.650778888630551,8,37.5524
37,55.6,1.57,182,123,53,0.97,597.0,29.2,2.4,2,1,22.56,0,1,1,129,609.1836734693877,0.6757870446678754,1.43204539313699,2,39.3648
55,69.9,1.81,179,167,57,1.2,992.0,20.2,2.1,4,2,21.34,1,1,2,122,819.8347107438017,0.932908776046031,1.0361752408652973,8,55.78020000000001
21,50.3,1.52,171,154,67,1.08,832.0,32.2,2.6,3,1,21.77,0,1,0,104,763.3027522935779,0.9005321326238233,3.188957639219419,3,34.10339999999999
54,55.2,1.71,164,152,67,0.77,579.0,24.4,2.8,2,1,18.88,1,1,2,97,742.3076923076923,0.9267727577586733,1.2405110164784299,2,41.7312
38,49.7,1.51,179,145,65,1.25,906.0,32.6,2.5,3,1,21.8,0,1,1,114,719.047619047619,0.8100106139321827,1.7100762957116549,3,33.4978
47,82.1,1.84,185,136,65,1.37,922.0,24.4,3.4,4,2,24.25,1,1,1,120,668.1159420289855,0.7350954002486353,1.3826845352052755,8,62.0676
57,76.6,1.86,173,141,55,1.14,796.0,25.4,2.8,4,2,22.14,1,1,2,118,692.1739130434784,0.8149817929599446,0.9647430275390283,8,57.14359999999999
30,85.3,1.95,160,155,68,1.61,1373.0,10.4,3.5,5,3,22.43,1,1,1,92,847.5308641975308,0.9686894569089433,2.26591136287904,15,76.4288
45,50.9,1.65,170,136,50,1.45,887.0,30.1,2.3,2,1,18.7,0,1,1,120,607.5342465753425,0.7999529439444739,1.1108642523883583,2,35.579100000000004
29,58.6,1.61,198,122,72,1.2,805.0,23.4,2.0,3,2,22.61,1,1,0,126,665.2892561983472,0.6161304984596738,2.481902792140641,6,44.8876
23,83.1,1.8,185,162,56,0.7,624.0,29.3,3.1,3,1,25.65,1,2,0,129,878.8732394366198,0.8756283444138155,2.4337244676227727,3,58.7517
18,125.9,1.67,172,153,60,1.46,1229.0,20.6,2.2,3,2,45.14,1,3,0,112,836.0544217687075,0.8894831695831639,3.3314825097168237,6,99.9646
25,43.1,1.62,196,161,65,1.04,837.0,33.6,1.8,4,2,16.42,0,0,0,131,797.1428571428571,0.8213866639457171,2.5989604158336665,8,28.618399999999998
27,88.5,1.98,161,153,53,1.8,1515.0,11.1,3.5,4,3,22.57,1,1,0,108,837.0165745856353,0.9502515371716043,1.9622362088115513,12,78.6765
29,56.2,1.77,191,123,61,0.68,418.0,33.4,2.6,3,1,17.94,0,0,0,130,605.7971014492753,0.64394534317575,2.102723198896932,3,37.4292
35,78.0,1.67,198,168,57,1.13,949.0,33.3,2.5,4,2,27.97,0,2,1,141,832.4561403508773,0.8484419978788951,1.6281062553556127,8,52.026
43,46.2,1.63,176,139,65,1.18,812.0,21.7,2.1,2,1,17.39,1,0,1,111,682.3529411764706,0.7897278563717971,1.5112764473378284,2,36.174600000000005
52,70.9,1.72,194,143,66,1.31,927.0,20.2,2.6,3,2,23.97,1,1,2,128,702.2727272727273,0.7370754084840988,1.2689867333205154,6,56.57820000000001
47,41.6,1.58,160,163,68,1.03,756.0,26.6,2.1,4,2,16.66,0,0,1,92,726.9230769230769,1.0186863321042436,1.446500744522442,8,30.5344
58,82.2,1.87,171,143,55,1.57,1111.0,10.7,3.5,4,3,23.51,1,1,2,116,703.1645569620252,0.8362084088649787,0.9481123944147561,12,73.4046
39,102.3,1.94,192,134,50,0.89,656.0,22.9,2.4,3,1,27.18,1,2,1,142,728.8888888888889,0.6978803187333993,1.2817226352217381,3,78.8733
59,54.6,1.57,164,169,64,0.58,441.0,29.2,2.3,3,1,22.15,0,1,2,100,747.4576271186442,1.030424974086946,1.0845619386544654,3,38.6568
26,127.6,1.73,167,160,62,1.32,1162.0,27.3,2.9,3,1,42.63,1,3,0,105,873.6842105263157,0.9580264654811089,2.3836985774702035,3,92.7652
57,60.9,1.52,196,157,66,1.31,926.0,30.6,1.8,3,2,26.36,0,2,2,130,701.5151515151515,0.8009795418601092,1.1576916330468339,6,42.264599999999994
40,52.6,1.66,198,120,71,1.27,762.0,32.9,1.7,3,2,19.09,0,1,1,127,595.3125,0.606029998484925,1.7745563609097725,6,35.2946
48,56.8,1.51,185,126,52,1.37,777.0,32.1,2.1,4,2,24.91,0,1,1,133,563.0434782608695,0.681044267877412,1.0831076858987712,8,38.5672
40,93.6,1.93,188,157,60,1.38,1192.0,22.1,2.0,3,1,25.13,1,2,1,128,857.5539568345324,0.835061964789107,1.4996250937265685,3,72.9144
21,76.3,1.65,180,154,62,1.14,878.0,31.8,1.7,3,2,28.03,0,2,0,118,763.4782608695652,0.855508027331815,2.9509757258448355,6,52.03659999999999
27,71.2,1.97,181,151,73,0.74,615.0,25.9,3.6,3,1,18.35,1,0,0,108,820.0,0.834208054803602,2.7027027027027026,3,52.7592
49,70.2,1.67,186,166,50,0.93,695.0,32.5,1.8,3,1,25.17,0,2,1,136,739.3617021276596,0.8924251384334176,1.0201999591920017,3,47.385000000000005
56,109.6,1.66,188,166,66,1.29,1060.0,20.5,3.1,3,2,39.77,1,3,2,122,815.3846153846154,0.8829317589489921,1.1783610069630424,6,87.132
43,42.2,1.65,162,148,59,1.33,886.0,34.6,2.3,3,2,15.5,0,0,1,103,661.1940298507462,0.9135238565520647,1.3717740060451058,6,27.598799999999997
37,124.2,1.76,168,158,50,1.5,1304.0,29.3,2.8,2,1,40.1,1,3,1,118,863.5761589403974,0.9404202130825546,1.3509862199405567,2,87.80940000000001
54,67.5,1.54,182,140,50,0.72,454.0,25.2,1.5,3,1,28.46,0,2,2,132,621.9178082191781,0.7691885061260371,0.9257544899092761,3,50.49
54,114.9,1.92,188,135,71,1.2,802.0,20.7,2.6,4,2,31.17,1,3,2,117,662.8099173553719,0.7180469123982767,1.314571375671172,8,91.1157
43,127.7,1.69,171,155,53,1.14,875.0,24.1,2.9,3,2,44.71,1,3,1,118,760.8695652173914,0.9063797438746273,1.2322715647523832,6,96.9243
19,72.0,1.94,199,148,62,1.17,952.0,24.7,3.2,3,2,19.13,1,1,0,137,806.7796610169491,0.7436812220491433,3.2614413466596526,6,54.216
54,75.6,1.72,194,154,60,0.97,672.0,26.4,1.9,3,1,25.55,0,2,2,134,685.7142857142858,0.7937735168290295,1.1109053878911312,3,55.6416
39,127.5,1.82,180,161,70,1.26,1116.0,29.8,3.0,3,2,38.49,1,3,1,110,878.7401574803149,0.8943947558468974,1.7944116893104334,6,89.505
39,68.6,1.64,162,154,53,1.33,1024.0,32.4,1.5,3,2,25.51,0,2,1,109,764.1791044776119,0.9505586074933646,1.3586259933350424,6,46.37359999999999
34,88.0,1.64,197,147,70,1.9,1536.0,14.4,3.5,4,3,32.72,1,3,1,127,804.1884816753927,0.7461550175118015,2.0582181711261396,12,75.328
22,106.8,1.82,170,130,50,1.0,715.0,28.2,2.3,4,2,32.24,1,3,0,120,707.9207920792079,0.7646609022998647,2.2716946842344385,8,76.6824
50,64.5,1.79,163,130,61,1.17,753.0,28.1,2.4,4,2,20.13,1,1,2,102,638.135593220339,0.7974970860683394,1.219756048790242,8,46.375499999999995
24,59.4,1.5,199,132,60,1.25,825.0,25.0,2.0,3,2,26.4,0,2,0,139,654.7619047619047,0.6632832520978845,2.4989587671803415,6,44.55
53,73.4,1.76,169,151,70,1.09,815.0,27.9,2.8,3,2,23.7,1,1,2,99,740.9090909090909,0.8934382580912372,1.3205055649877382,6,52.92140000000001
36,47.2,1.74,196,160,53,1.5,1200.0,32.2,1.6,4,2,15.59,0,0,1,143,794.7019867549669,0.8162848834243152,1.471813385170786,8,32.001599999999996
22,72.1,1.62,183,123,59,1.38,849.0,25.1,2.1,3,1,27.47,0,2,0,124,610.7913669064749,0.6720944210698869,2.6805997273966375,3,54.0029
55,91.8,1.78,165,153,65,1.44,1091.0,23.5,3.4,3,1,28.97,1,2,2,100,752.4137931034483,0.9272165323313739,1.1816033448463916,3,70.227
57,78.4,1.62,185,149,52,1.01,677.0,31.7,2.0,4,2,29.87,0,2,2,133,663.7254901960785,0.8053618723312254,0.912120680582354,8,53.54720000000001
18,72.2,1.54,194,125,54,0.97,606.0,27.1,1.7,2,1,30.44,0,3,0,140,618.3673469387755,0.6442966857378486,2.998334258745141,2,52.6338
21,80.9,1.9,194,137,55,1.8,1356.0,11.7,3.5,4,3,22.41,1,1,0,139,749.171270718232,0.7061491675686821,2.6178010471204187,12,71.4347
52,65.9,1.52,188,139,53,1.27,794.0,27.0,2.3,4,2,28.52,0,2,2,135,620.3125,0.7393223764693367,1.0190348009998078,8,48.107000000000006
54,75.6,1.61,180,155,52,1.41,983.0,34.9,2.5,4,2,29.17,0,2,2,128,692.2535211267606,0.861063274262541,0.9627846695056471,8,49.215599999999995
39,107.7,1.88,162,160,59,0.72,634.0,28.1,3.6,2,1,30.47,1,3,1,103,868.4931506849315,0.9875933584346646,1.512432709561651,2,77.4363
20,44.2,1.61,177,122,69,1.08,659.0,32.4,2.5,2,1,17.05,0,0,0,108,604.5871559633027,0.6892265973673805,3.4482758620689653,2,29.879199999999997
53,78.3,1.65,164,126,50,1.24,703.0,33.7,1.6,3,1,28.76,0,2,2,114,562.4,0.7682458386683739,0.9432182607055273,3,51.9129
42,46.6,1.77,184,139,63,0.61,382.0,28.1,2.6,2,1,14.87,0,0,1,121,616.1290322580645,0.7553937286017065,1.4996429421566295,2,33.5054
18,54.8,1.68,176,158,71,1.27,1003.0,32.0,2.2,4,2,19.42,0,1,0,105,783.59375,0.8976762683938413,3.942254303164908,8,37.263999999999996
35,64.2,1.59,199,145,66,1.63,1182.0,16.6,2.7,5,3,25.39,0,2,1,133,720.7317073170732,0.7286066026832823,1.8851756640959727,15,53.5428
43,102.6,1.72,190,147,58,0.82,597.0,27.5,2.0,2,1,34.68,1,3,1,132,719.277108433735,0.773643492447766,1.3485235991629854,2,74.38499999999999
18,52.3,1.74,187,165,58,1.2,990.0,29.4,2.2,2,1,17.27,0,0,0,129,818.1818181818182,0.8823057590503182,3.220433092726263,2,36.92379999999999
41,94.5,2.0,179,136,69,1.18,794.0,27.6,3.7,3,1,23.62,1,1,1,110,667.2268907563025,0.7597340930674265,1.6825164594001465,3,68.41799999999999
54,116.4,2.0,184,123,65,1.13,688.0,26.2,3.1,3,1,29.1,1,2,2,119,603.5087719298247,0.6684419325036683,1.2034808368820589,3,85.9032
27,89.3,1.64,192,162,64,1.82,1622.0,12.1,3.5,4,3,33.2,1,3,0,128,886.3387978142076,0.8437060569761992,2.3694927804516843,12,78.4947
20,83.0,1.8,167,160,73,0.79,695.0,29.6,2.9,2,1,25.62,1,2,0,94,868.75,0.9580264654811089,3.648175912043978,2,58.431999999999995
57,46.1,1.76,165,130,60,1.44,842.0,25.8,1.7,3,2,14.88,0,0,2,105,580.6896551724138,0.7878310405429975,1.0524469391334854,6,34.2062
41,78.8,1.72,172,132,62,1.01,660.0,27.3,3.1,4,2,26.64,1,2,1,110,647.0588235294117,0.767397244346259,1.5118263838088273,8,57.2876
45,65.1,1.78,180,158,66,1.46,1038.0,31.3,2.3,3,1,20.55,0,1,1,114,706.1224489795918,0.8777290150547192,1.4663408131526328,3,44.7237
56,55.6,1.92,181,136,62,0.68,458.0,29.4,3.2,3,1,15.08,1,0,2,119,663.7681159420289,0.7513397049886748,1.1069451883592216,3,39.2536
45,48.2,1.64,168,159,67,1.25,894.0,32.1,2.5,4,2,17.92,0,0,1,101,709.5238095238095,0.9463722397476341,1.4885580982004,8,32.7278
29,86.7,1.62,174,122,55,1.52,1020.0,13.9,3.5,4,3,33.04,1,3,0,119,666.6666666666666,0.7011091316591,1.8958979662185451,12,74.6487
53,68.0,1.7,181,139,57,1.06,663.0,25.1,2.4,4,2,23.53,0,1,2,124,619.626168224299,0.7679133749516601,1.075268817204301,8,50.932
46,72.6,1.87,188,161,64,1.31,1044.0,22.6,3.4,4,2,20.76,1,1,1,124,790.9090909090909,0.8563374288601671,1.3910019560965008,8,56.1924
50,56.5,1.6,196,140,61,1.88,1184.0,19.2,2.7,5,3,22.07,0,1,2,135,626.4550264550265,0.7142492729962757,1.219756048790242,15,45.652
51,74.6,1.55,177,132,50,0.71,422.0,33.3,2.1,2,1,31.05,0,3,2,127,586.1111111111111,0.7457205807581493,0.9801999607920016,2,49.7582
49,79.2,1.72,194,128,69,1.46,925.0,29.9,3.3,3,1,26.77,1,2,1,125,629.2517006802722,0.659759806195557,1.4078759436849624,3,55.519200000000005
55,128.4,1.68,178,165,52,1.13,923.0,20.4,2.6,4,2,45.49,1,3,2,126,809.6491228070176,0.9269142183023427,0.9452826758771132,8,102.20640000000002
47,68.7,1.76,161,137,66,1.37,845.0,27.7,2.4,3,2,22.18,0,1,1,95,612.3188405797101,0.8508788274020248,1.4039566049776644,6,49.670100000000005
25,81.7,1.95,188,136,74,1.94,1451.0,13.8,3.5,4,3,21.49,1,1,0,114,744.1025641025641,0.7233657784160418,2.9588164734106357,12,70.4254
39,105.5,1.99,199,133,71,0.81,593.0,26.4,2.5,2,1,26.64,1,2,1,128,723.170731707317,0.6683081252198382,1.8200461420148681,2,77.648
26,54.2,1.65,172,120,58,1.07,642.0,34.9,1.9,4,2,19.91,0,1,0,114,594.4444444444445,0.6976338584965991,2.229911572472126,8,35.284200000000006
49,45.2,1.74,164,156,73,1.24,870.0,30.8,2.1,3,2,14.93,0,0,1,91,696.0,0.9511615145417963,1.4894919404203224,6,31.2784
20,128.2,1.84,164,132,58,0.83,603.0,26.2,2.3,3,1,37.87,1,3,0,106,717.8571428571429,0.8048289738430584,2.898550724637681,3,94.6116
46,59.4,1.68,165,147,62,1.16,844.0,20.2,2.5,4,2,21.05,1,1,1,103,721.3675213675214,0.8908550996909279,1.347533144968485,8,47.4012
47,61.9,1.54,190,131,61,1.95,1150.0,16.4,2.7,4,3,26.1,0,2,1,129,586.7346938775511,0.6894373980316826,1.2975962561157202,12,51.748400000000004
54,72.3,1.78,163,149,72,1.27,852.0,27.7,1.8,2,1,22.82,0,1,2,91,665.625,0.9140543524937121,1.3330864654693575,2,52.27290000000001
56,84.6,1.63,184,141,52,1.01,705.0,20.2,2.9,4,2,31.84,1,3,2,132,691.1764705882352,0.7662627031139613,0.9284056418496698,8,67.5108
19,72.4,1.75,169,140,64,1.2,840.0,31.0,1.7,4,2,23.64,0,1,0,105,694.2148760330579,0.8283533518726703,3.3666491320357705,8,49.956
43,66.5,1.83,178,136,59,1.11,747.0,27.1,2.4,3,2,19.86,1,1,1,119,666.9642857142857,0.7640020223582945,1.3717740060451058,6,48.4785
23,87.3,1.91,164,129,58,1.87,1327.0,11.8,3.5,5,3,23.93,1,1,0,106,705.8510638297872,0.7865374062557161,2.5206431986093003,15,76.9986
37,49.1,1.74,193,138,52,1.11,842.0,22.3,2.6,3,2,16.22,1,0,1,141,751.7857142857142,0.7149888606807938,1.405025668738179,6,38.1507
46,54.4,1.72,194,161,73,0.91,725.0,24.8,2.9,2,1,18.39,1,0,1,121,788.0434782608695,0.829854131230349,1.5866116061725712,2,40.9088
47,55.6,1.77,198,138,68,1.2,820.0,24.3,2.9,4,2,17.75,1,0,1,130,677.6859504132232,0.6969344982576637,1.446500744522442,8,42.0892
32,68.1,1.66,167,122,54,1.11,677.0,33.4,2.3,4,2,24.71,0,1,1,113,604.4642857142857,0.7304951799293455,1.6869728209934396,8,45.3546
38,59.1,1.72,196,148,68,1.07,792.0,31.3,1.7,3,2,19.98,0,1,1,128,733.3333333333333,0.7550635171674915,1.7890028939752698,6,40.6017
56,125.3,1.86,197,129,64,1.0,639.0,22.7,2.2,3,2,36.22,1,3,2,133,632.6732673267327,0.6547890970001523,1.142653097661132,6,96.8569
40,63.0,2.0,176,161,71,1.42,1257.0,26.8,2.9,4,2,15.75,1,0,1,105,879.0209790209791,0.9147207545025852,1.7745563609097725,8,46.116
18,58.1,1.61,175,150,71,1.9,1425.0,15.3,2.7,4,3,22.41,0,1,0,104,746.0732984293194,0.8570938803496944,3.942254303164908,12,49.2107
55,70.8,1.62,166,162,68,0.54,394.0,26.0,1.8,3,1,26.98,0,2,2,98,716.3636363636363,0.9758448286247817,1.236138883839302,3,52.391999999999996
26,73.7,1.66,177,125,72,0.93,639.0,26.7,2.2,2,1,26.75,1,2,0,105,679.7872340425531,0.7061747923846111,2.7681660899653977,2,54.0221
52,60.3,1.68,182,125,64,1.6,900.0,16.5,2.7,4,3,21.36,0,1,2,118,559.0062111801242,0.6867754518982474,1.2305325898865602,12,50.3505
19,82.4,1.96,174,169,62,1.9,1766.0,10.1,3.5,5,3,21.45,1,1,0,112,924.607329842932,0.9712085512326878,3.2614413466596526,15,74.0776
49,61.0,1.87,180,131,61,1.14,739.0,21.3,3.0,4,2,17.44,1,0,1,119,642.608695652174,0.7277373479251154,1.2446439502142421,8,48.007000000000005
50,90.8,1.71,173,153,62,1.07,810.0,22.6,3.4,4,2,31.05,1,3,2,111,750.0,0.8843419455522803,1.239752049590082,8,70.2792
53,94.1,1.95,177,138,50,0.89,608.0,28.6,3.5,3,1,24.75,1,1,2,127,675.5555555555555,0.7796169707926106,0.9432182607055273,3,67.1874
58,74.6,1.68,173,159,60,1.03,737.0,26.0,2.0,4,2,26.43,0,2,2,113,708.6538461538461,0.9190220218484482,1.034304430270643,8,55.20399999999999
50,69.3,1.68,182,135,51,1.2,729.0,30.3,2.0,2,1,24.55,0,1,2,131,602.4793388429753,0.7417174880501072,1.0197960407918416,2,48.3021
19,127.9,1.93,185,168,70,1.27,1173.0,21.8,3.0,4,2,34.34,1,3,0,115,916.40625,0.9080590238365495,3.682272488164124,8,100.01780000000001
57,43.8,1.75,180,160,73,1.39,1001.0,25.1,1.7,2,1,14.3,0,0,2,107,715.0,0.8888395089161714,1.2804771092790739,2,32.8062
50,69.6,1.96,166,139,68,0.97,667.0,25.6,2.0,3,1,18.12,1,0,2,98,680.6122448979592,0.8372989578941028,1.3597280543891221,3,51.782399999999996
45,41.2,1.58,195,168,71,1.47,1111.0,28.7,2.6,2,1,16.5,0,0,1,124,750.6756756756757,0.8614942823444952,1.5774272383914687,2,29.375600000000006
55,87.5,1.88,191,134,73,1.19,789.0,27.2,2.6,4,2,24.76,1,1,2,118,657.5,0.7015339511020365,1.327031448827486,8,63.699999999999996
28,62.4,1.6,178,129,62,1.1,710.0,34.1,1.7,3,2,24.37,0,1,0,116,639.6396396396395,0.7246783888545588,2.2134951802927523,6,41.1216
25,62.6,1.65,174,142,61,1.2,852.0,27.9,2.2,3,1,22.99,0,1,0,113,704.1322314049587,0.8160450548819034,2.4390243902439024,3,45.134600000000006
40,55.1,1.61,184,158,64,1.55,1224.0,16.9,2.7,4,3,21.26,0,1,1,120,784.6153846153846,0.8586489864681268,1.5996000999750064,12,45.7881
22,44.8,1.72,166,132,54,1.48,977.0,28.6,1.8,4,2,15.14,0,0,0,112,655.7046979865772,0.7951328233238962,2.453430258973194,8,31.987199999999998
46,103.9,1.77,194,148,54,1.18,864.0,20.9,2.9,2,1,33.16,1,3,1,140,726.0504201680673,0.7628472759136128,1.1736579004564225,2,82.18490000000001
18,63.2,1.63,162,120,73,0.66,436.0,27.5,2.2,3,1,23.79,1,1,0,89,650.7462686567163,0.7406950188259984,4.053303720155469,3,45.82
54,58.4,1.59,186,166,73,1.08,807.0,32.5,1.9,2,1,23.1,0,1,2,113,740.3669724770641,0.8924251384334176,1.351601555267543,2,39.42
23,71.4,1.72,164,169,74,1.25,1056.0,25.6,1.5,2,1,24.13,0,1,0,90,838.0952380952381,1.030424974086946,3.215993046501521,2,53.1216
18,57.2,1.75,193,160,74,1.29,1032.0,33.5,2.4,3,2,18.68,0,1,0,119,793.8461538461538,0.8289725920936739,4.1088284286507495,6,38.038000000000004
43,61.2,1.88,175,163,68,1.03,831.0,24.7,2.9,3,1,17.32,1,0,1,107,799.0384615384615,0.9313753499800012,1.5810276679841897,3,46.083600000000004
41,61.9,1.64,166,131,68,1.93,1138.0,19.4,2.7,4,3,23.01,0,1,1,98,586.5979381443299,0.7891090898138666,1.6581321628871009,12,49.891400000000004
53,51.7,1.7,175,152,72,1.15,865.0,23.6,3.5,3,2,17.89,1,0,2,103,745.6896551724138,0.868521798754357,1.3582342954159594,6,39.4988
26,62.4,1.61,198,139,58,1.88,1307.0,19.8,2.7,4,3,24.07,0,1,0,140,691.5343915343916,0.7019847482450382,2.229911572472126,12,50.0448
22,98.4,1.88,194,135,71,0.52,386.0,21.3,2.2,2,1,27.84,1,2,0,123,728.3018867924528,0.6958404205968765,3.225806451612903,2,77.44080000000001
28,52.0,1.61,168,164,70,1.32,1082.0,27.9,2.0,3,2,20.06,0,1,0,98,813.5338345864661,0.9761323730730315,2.4991074616208495,6,37.492000000000004
54,78.7,1.66,195,131,55,1.42,921.0,22.9,2.6,3,2,28.56,1,2,2,140,644.0559440559441,0.6717604225424337,1.0183299389002036,6,60.6777
22,86.2,1.9,186,128,58,1.91,1345.0,11.7,3.5,5,3,23.88,1,1,0,128,700.5208333333334,0.6881350465028763,2.635165833711949,15,76.11460000000001
34,46.9,1.61,196,161,69,1.02,821.0,28.6,1.7,3,2,18.09,0,0,1,127,797.0873786407767,0.8213866639457171,2.028815054395766,6,33.486599999999996
37,103.5,1.89,175,168,57,0.54,499.0,26.4,3.1,2,1,28.97,1,2,1,118,907.2727272727273,0.9599451459916577,1.5401242907322346,2,76.176
47,127.8,1.65,198,157,60,0.77,598.0,28.7,3.5,2,1,46.94,1,3,1,138,766.6666666666666,0.7928892480177769,1.2763241863433312,2,91.12140000000001
37,75.1,1.82,189,127,60,1.23,859.0,26.4,3.2,4,2,22.67,1,1,1,129,692.741935483871,0.6719221205227237,1.621183463928668,8,55.273599999999995
52,82.4,1.72,166,137,53,1.01,685.0,24.4,2.7,4,2,27.85,1,2,2,113,671.5686274509803,0.8252514908740438,1.0190348009998078,8,62.2944
35,65.8,1.62,189,158,69,1.0,790.0,33.8,1.5,4,2,25.07,0,2,1,120,782.1782178217821,0.8359346066345696,1.9708654670094259,8,43.5596
35,62.8,1.63,184,160,63,1.41,1241.0,21.9,3.7,4,2,23.64,1,1,1,121,873.943661971831,0.8695179609803816,1.7994858611825193,8,49.0468
22,45.7,1.77,164,139,73,1.04,795.0,20.7,2.4,3,1,14.59,1,0,0,91,757.1428571428571,0.8475092982135236,3.3166742389822805,3,36.240100000000005
51,102.6,1.77,193,130,59,1.21,779.0,21.0,3.4,2,1,32.75,1,3,2,134,638.5245901639345,0.67354023107611,1.1566359537345619,2,81.054
34,69.2,1.53,167,134,59,1.36,911.0,28.5,2.1,2,1,29.56,0,2,1,108,664.963503649635,0.8023471648404288,1.7347838870920318,2,49.47800000000001
41,82.5,1.79,185,139,61,1.69,1163.0,14.7,3.5,4,3,25.75,1,2,1,124,684.1176470588235,0.7513107399600022,1.4874420872957816,12,70.3725
52,57.9,1.56,166,152,68,1.66,1135.0,15.8,2.7,4,3,23.79,0,1,2,98,679.6407185628743,0.9156074935244866,1.3074408767544703,12,48.751799999999996
23,78.6,1.73,192,156,56,1.47,1147.0,32.3,1.5,4,2,26.26,0,2,0,136,775.0,0.8124576844955992,2.4337244676227727,8,53.2122
36,109.8,1.62,193,141,68,0.84,651.0,24.4,3.5,3,1,41.84,1,3,1,125,765.8823529411765,0.7305320967825502,1.8883643432379895,3,83.0088
28,114.2,1.87,184,166,55,1.05,959.0,20.2,3.2,3,2,32.66,1,3,0,129,904.7169811320754,0.9021248845171459,1.9635844341306674,6,91.1316
33,59.0,1.67,175,124,55,0.9,558.0,33.7,1.9,3,1,21.16,0,1,1,120,613.1868131868132,0.7085309410890807,1.6661617691608603,3,39.117000000000004
31,48.8,1.51,195,131,60,1.48,969.0,28.2,2.0,2,1,21.4,0,1,1,135,650.3355704697987,0.6717604225424337,1.9348597226701063,2,35.038399999999996
39,58.3,1.93,165,136,58,1.35,1010.0,27.4,3.7,4,2,15.65,1,0,1,107,742.6470588235294,0.8241924731834435,1.4867982568572162,8,42.325799999999994
48,73.0,1.59,196,149,64,1.19,798.0,32.0,2.1,3,2,28.88,0,2,1,132,665.0,0.7601652976888934,1.3330556134138722,6,49.63999999999999
48,114.9,1.86,175,141,56,1.36,949.0,21.1,3.6,3,1,33.21,1,3,1,119,692.7007299270073,0.8056682475287127,1.1664236617371382,3,90.6561
47,98.2,1.9,199,148,64,0.76,557.0,22.9,3.0,3,1,27.2,1,2,1,135,723.3766233766233,0.7436812220491433,1.3614124654328867,3,75.71220000000001
23,41.9,1.58,163,132,67,0.56,370.0,26.8,1.8,3,1,16.78,0,0,0,96,649.1228070175438,0.8097662720078523,2.911777488048674,3,30.6708
52,66.5,1.6,185,120,70,1.34,796.0,26.8,2.1,4,2,25.98,1,2,2,115,589.6296296296296,0.6486135884546782,1.3458950201884254,8,48.678
29,88.0,1.89,199,137,54,1.75,1319.0,13.3,3.5,5,3,24.64,1,1,0,145,749.4318181818181,0.6884076177076529,1.8614270941054807,15,76.29599999999999
20,74.7,1.58,172,166,62,1.04,863.0,32.8,2.4,3,2,29.92,0,2,0,110,821.9047619047619,0.9650601709202954,3.0984507746126932,6,50.19840000000001
38,83.6,1.74,164,151,51,1.66,1379.0,11.6,3.5,5,3,27.61,1,2,1,113,825.748502994012,0.9206755685628926,1.3417521704814523,15,73.9024
25,41.2,1.62,193,144,64,1.49,1073.0,28.9,2.1,4,2,15.7,0,0,0,129,715.3333333333334,0.7460753328843065,2.5589764094362253,8,29.293200000000006
39,62.0,1.64,195,127,54,0.97,678.0,27.5,3.2,3,1,23.05,1,1,1,141,691.8367346938776,0.6512486539151838,1.3842604460394772,3,44.949999999999996
45,118.4,1.95,178,168,59,1.06,881.0,24.9,2.4,3,2,31.14,1,3,1,119,823.3644859813083,0.943767204089658,1.3108198178182626,6,88.9184
42,64.8,1.65,161,166,67,1.1,904.0,24.4,2.8,3,2,23.8,1,1,1,94,814.4144144144143,1.0309918638593876,1.594858367055463,6,48.9888
38,61.4,1.54,183,131,69,1.47,963.0,30.6,2.7,3,2,25.89,0,2,1,114,650.6756756756757,0.7158078793508552,1.8153117600631414,6,42.611599999999996
24,88.2,1.79,177,154,65,1.76,1491.0,11.3,3.5,4,3,27.53,1,2,0,112,842.3728813559322,0.8700073442178409,2.7072053311120365,12,78.2334
52,79.4,1.59,166,163,59,1.39,1020.0,26.6,1.5,3,2,31.41,0,3,2,107,728.5714285714287,0.9818685621348112,1.1343972313016728,6,58.2796
34,75.6,1.6,193,130,51,0.64,416.0,29.1,2.7,2,1,29.53,0,2,1,142,640.0,0.67354023107611,1.4995589532490445,2,53.60039999999999
42,50.7,1.75,163,162,51,1.29,940.0,29.0,1.9,3,2,16.56,0,0,1,112,723.0769230769231,0.9938040611005461,1.2139966674601286,6,35.997
34,68.4,1.5,192,132,61,1.37,904.0,33.7,2.1,4,2,30.4,0,3,1,131,655.0724637681159,0.6874641945731993,1.7935901205527787,8,45.3492
46,74.9,1.53,179,151,66,1.3,883.0,33.9,2.1,4,2,32.0,0,3,1,113,674.0458015267176,0.8435282945086867,1.4344707672245165,8,49.508900000000004
33,56.4,1.54,165,155,63,1.06,822.0,29.2,1.5,3,1,23.78,0,1,1,102,768.2242990654205,0.9393370098781892,1.9085125719478946,3,39.9312
41,74.3,1.61,160,136,51,1.06,714.0,24.8,3.5,4,2,28.66,1,2,1,109,667.2897196261682,0.8499468783201051,1.2435991221653255,8,55.873599999999996
43,61.5,1.58,165,149,50,1.86,1247.0,16.8,2.7,5,3,24.64,0,1,1,115,666.8449197860962,0.9029755772377432,1.162520344106022,15,51.168
53,44.7,1.79,164,160,72,1.34,965.0,26.7,2.1,3,2,13.95,0,0,2,92,714.8148148148148,0.9755502713249192,1.3582342954159594,6,32.765100000000004
18,83.2,1.96,183,150,67,1.83,1510.0,13.6,3.5,4,3,21.66,1,1,0,116,820.6521739130435,0.8196273427681547,3.7201554691837866,12,71.8848
55,52.1,1.68,180,167,50,0.77,637.0,23.6,3.0,3,1,18.46,1,0,2,130,816.6666666666666,0.9277262374312538,0.9089256498818397,3,39.8044
58,66.1,1.75,169,128,57,0.63,363.0,25.2,1.8,2,1,21.58,0,1,2,112,567.1875,0.75735163599787,0.9825892087571109,2,49.4428
59,65.5,1.52,161,162,61,1.4,1021.0,31.2,2.1,3,2,28.35,0,2,2,100,724.113475177305,1.0061486864169928,1.0337230977800373,6,45.06399999999999
50,86.7,1.63,161,143,58,1.7,1203.0,12.1,3.5,4,3,32.63,1,3,2,103,703.5087719298245,0.8881435935656171,1.1597680463907218,12,76.2093
46,58.9,1.7,180,155,53,1.52,1060.0,17.1,2.7,4,3,20.38,0,1,1,127,692.8104575163399,0.861063274262541,1.1519234948924146,12,48.8281
31,79.7,1.54,184,144,59,1.03,742.0,26.7,2.3,4,2,33.61,0,3,1,125,713.4615384615385,0.7825661648823434,1.9026120606256045,8,58.4201
50,51.5,1.71,199,155,64,1.48,1136.0,20.9,2.9,2,1,17.61,1,0,2,135,762.4161073825503,0.778855333902819,1.2797440511897622,2,40.7365
58,74.6,1.75,193,137,58,1.09,739.0,24.2,2.9,2,1,24.36,1,1,2,135,671.8181818181818,0.7098077819802083,0.9998276159282883,2,56.5468
54,78.4,1.9,174,146,72,0.81,585.0,21.5,3.7,2,1,21.72,1,1,2,102,713.4146341463414,0.839032239526464,1.3330864654693575,2,61.544000000000004
40,57.4,1.71,168,143,61,1.87,1337.0,18.3,2.7,5,3,19.63,0,1,1,107,711.1702127659574,0.8511398131063628,1.524618845288678,15,46.895799999999994
21,93.7,1.73,186,146,72,1.0,803.0,27.8,3.6,2,1,31.31,1,3,0,114,795.049504950495,0.7849040374173432,3.4269395525940025,2,67.6514
23,107.0,1.94,198,120,73,1.35,891.0,23.5,2.9,2,1,28.43,1,2,0,125,655.1470588235294,0.606029998484925,3.172533681008257,2,81.855
44,72.1,1.66,176,152,55,1.4,958.0,27.0,2.5,2,1,26.16,0,2,1,121,679.4326241134752,0.8635872961763537,1.249715973642354,2,52.632999999999996
38,71.9,1.77,197,142,72,1.12,875.0,25.7,3.1,2,1,22.95,1,1,1,125,774.3362831858407,0.7207755951474545,1.8942383583267561,2,53.4217
25,112.4,1.96,188,135,72,1.42,1054.0,23.2,2.5,2,1,29.26,1,2,0,116,737.0629370629371,0.7180469123982767,2.8788484606157536,2,86.3232
53,105.1,1.84,176,130,62,0.69,444.0,23.3,2.9,3,1,31.04,1,3,2,114,634.2857142857143,0.7385943980455656,1.1695906432748537,3,80.6117
22,71.0,1.93,162,139,53,1.42,1086.0,21.2,2.9,4,2,19.06,1,1,0,109,759.4405594405595,0.8579717301401149,2.407996365288505,8,55.948
42,76.4,1.97,165,157,65,1.14,886.0,22.9,2.6,3,2,19.69,1,1,1,100,770.4347826086957,0.9514574874250046,1.5472506546060463,6,58.9044
20,76.4,1.62,168,132,51,1.35,980.0,21.2,2.6,4,2,29.11,1,2,0,117,720.5882352941176,0.7856675197904887,2.548725637181409,8,60.20320000000001
43,108.6,1.73,174,150,66,1.33,988.0,28.5,2.2,2,1,36.29,1,3,1,108,737.3134328358209,0.8620194241710247,1.5345268542199488,2,77.649
36,121.9,1.93,195,132,54,1.49,1082.0,21.8,3.4,3,2,32.73,1,3,1,141,721.3333333333334,0.6768883646992462,1.4995834490419329,6,95.3258
50,56.4,1.59,185,163,74,1.26,924.0,34.3,2.6,3,1,22.31,0,1,2,111,727.5590551181102,0.8810334576509379,1.4797040591881625,3,37.0548
43,72.7,1.8,162,166,50,0.79,590.0,32.8,2.1,3,1,22.44,0,1,1,112,737.5,1.0246281093759646,1.162520344106022,3,48.854400000000005
59,75.8,1.77,167,128,53,1.46,841.0,33.1,1.8,3,1,24.19,0,1,2,114,572.1088435374149,0.7664211723848872,0.8981528554482291,3,50.7102
45,58.2,1.7,168,160,53,0.95,684.0,26.8,2.0,3,1,20.14,0,1,1,115,712.5,0.9523242664127136,1.1775161075316596,3,42.6024
38,76.6,1.58,199,130,53,0.74,481.0,32.2,2.3,2,1,30.68,0,3,1,146,641.3333333333334,0.6532335058539772,1.3943699026571956,2,51.93479999999999
51,70.3,1.55,178,139,54,1.4,876.0,26.1,1.6,3,1,29.26,0,2,2,124,621.2765957446809,0.7808550081456098,1.0586159576553618,3,51.951699999999995
37,70.3,1.77,162,123,52,1.01,621.0,33.7,1.7,2,1,22.44,0,1,1,110,608.8235294117646,0.7592123942966484,1.405025668738179,2,46.6089
59,50.3,1.95,188,167,55,1.07,885.0,24.4,3.4,3,1,13.23,1,0,2,133,819.4444444444443,0.8882506249667571,0.9320454160311812,3,38.0268
57,64.4,1.56,177,144,73,1.52,985.0,17.8,2.7,5,3,26.46,0,2,2,104,643.7908496732026,0.8135133608270719,1.2804771092790739,15,52.936800000000005
53,73.5,1.55,194,153,72,1.17,806.0,26.3,2.1,4,2,30.59,0,3,2,122,683.0508474576271,0.7886191433431267,1.3582342954159594,8,54.1695
52,85.5,1.82,174,154,57,1.78,1357.0,14.9,3.5,4,3,25.81,1,2,2,117,758.1005586592179,0.8850066088155853,1.0959430878677179,12,72.7605
45,73.5,1.74,181,152,50,1.18,807.0,30.0,2.3,4,2,24.28,0,1,1,131,678.1512605042017,0.8397326114579305,1.1108642523883583,8,51.449999999999996
32,59.0,1.66,184,160,64,0.51,408.0,31.0,1.8,2,1,21.41,0,1,1,120,784.6153846153846,0.8695179609803816,1.999375195251484,2,40.709999999999994
52,85.6,1.74,182,145,56,1.84,1321.0,13.9,3.5,4,3,28.27,1,2,2,126,714.0540540540541,0.796659524201967,1.0767160161507403,12,73.7016
27,89.3,1.87,169,153,62,1.62,1363.0,12.7,3.5,5,3,25.54,1,2,0,107,836.1963190184049,0.905271877403704,2.2954461310625693,15,77.9589
43,76.8,1.92,192,161,50,1.24,988.0,21.1,2.5,3,1,20.83,1,1,1,142,790.4,0.8384979948960992,1.162520344106022,3,60.59519999999999
43,110.0,1.76,160,122,50,1.09,658.0,22.0,3.4,3,1,35.51,1,3,1,110,598.1818181818181,0.7624523467283295,1.162520344106022,3,85.8
46,84.3,2.0,189,162,66,1.83,1467.0,13.3,3.5,5,3,21.07,1,1,1,123,797.2826086956521,0.8570975080683562,1.4344707672245165,15,73.0881
45,93.0,1.91,175,143,55,1.03,729.0,27.3,3.7,3,2,25.49,1,2,1,120,700.9615384615385,0.8170961659333753,1.221950677627194,6,67.611
35,101.4,1.76,193,121,64,0.84,559.0,23.6,2.9,2,1,32.74,1,3,1,129,657.6470588235294,0.6269105227708409,1.828049128820337,2,77.4696
37,66.9,1.75,184,127,50,1.38,876.0,26.5,2.1,4,2,21.84,0,1,1,134,630.2158273381295,0.6901798815281779,1.3509862199405567,8,49.1715
40,70.0,1.55,171,163,74,0.85,693.0,31.1,1.5,3,1,29.14,0,2,1,97,805.8139534883721,0.9531606338810596,1.849537615596101,3,48.230000000000004
47,43.4,1.62,179,132,64,0.51,303.0,25.3,2.3,3,1,16.54,0,0,1,115,582.6923076923076,0.7373889726830903,1.3614124654328867,3,32.4198
38,70.3,1.52,164,144,66,1.19,857.0,25.6,2.0,4,2,30.43,0,3,1,98,714.1666666666667,0.8779952441924274,1.7363851617995265,8,52.3032
56,90.2,1.61,163,168,51,1.38,1148.0,22.6,2.3,3,2,34.8,1,3,2,112,825.8992805755396,1.0306116189190848,0.9105516871987146,6,69.8148
19,65.7,1.58,170,121,57,1.46,883.0,25.9,1.9,3,2,26.32,0,2,0,113,600.6802721088435,0.711722839832951,2.998421883219358,6,48.6837
30,60.6,1.55,172,120,52,1.3,780.0,32.9,1.6,3,2,25.22,0,2,1,120,595.4198473282443,0.6976338584965991,1.732755748083972,6,40.662600000000005
55,42.9,1.69,186,140,56,0.9,567.0,34.7,2.4,2,1,15.02,0,0,2,130,623.0769230769231,0.7526477071125208,1.0179967278676605,2,28.0137
42,57.5,1.67,161,133,63,1.76,1053.0,16.2,2.7,5,3,20.62,0,1,1,98,594.9152542372881,0.8260356499596299,1.4996429421566295,15,48.184999999999995
54,70.1,1.52,180,139,65,0.76,475.0,26.6,2.1,2,1,30.34,0,3,2,115,616.8831168831168,0.7721793233709239,1.2034808368820589,2,51.453399999999995
18,114.5,1.97,192,128,60,1.03,725.0,24.1,2.6,3,1,29.5,1,2,0,132,697.1153846153846,0.6666319462527993,3.3314825097168237,3,86.9055
43,55.5,1.82,160,124,66,1.08,663.0,20.1,2.0,3,1,16.76,1,0,1,94,608.2568807339449,0.7749515655271546,1.5345268542199488,3,44.3445
19,65.2,1.52,188,130,71,1.23,800.0,30.6,2.4,3,1,28.22,0,2,0,117,645.1612903225806,0.6914525823094516,3.7348763808521825,3,45.248799999999996
38,57.7,1.56,185,132,54,1.64,1082.0,16.6,2.7,5,3,23.71,0,1,1,131,655.7575757575758,0.7134749473001459,1.4206787687450673,15,48.1218
20,75.8,1.78,197,133,53,1.42,944.0,27.4,2.0,4,2,23.92,0,1,0,144,660.1398601398602,0.6750926348916299,2.648675662168915,8,55.0308
20,128.4,1.92,167,145,57,0.63,502.0,26.1,2.0,2,1,34.83,1,3,0,110,784.375,0.868211484342255,2.8485757121439277,2,94.8876
38,88.4,1.79,182,138,68,1.74,1321.0,12.5,3.5,5,3,27.59,1,2,1,114,754.8571428571429,0.7582000988956651,1.7890028939752698,15,77.35000000000001
28,56.0,1.5,193,128,56,1.94,1242.0,16.7,2.7,5,3,24.89,0,1,0,137,636.9230769230769,0.6631780736749392,1.9992859692966796,15,46.647999999999996
56,59.3,1.56,182,155,57,1.26,879.0,33.4,2.6,4,2,24.37,0,1,2,125,692.1259842519685,0.8516015603538267,1.0176754151044456,8,39.4938
22,102.1,1.85,190,157,67,1.48,1278.0,28.1,2.4,4,2,29.83,1,2,0,123,857.7181208053692,0.826272301457818,3.044070876874148,8,73.4099
34,51.0,1.62,162,158,53,1.42,1122.0,30.8,2.4,3,2,19.43,0,1,1,109,784.6153846153846,0.9752484414542313,1.5583651867097914,6,35.291999999999994
57,122.1,1.89,165,134,58,1.13,750.0,27.4,3.6,3,1,34.18,1,3,2,107,657.8947368421053,0.8120719956366281,1.0173653744957025,3,88.6446
32,105.3,1.67,184,143,72,0.57,448.0,26.9,2.9,3,1,37.76,1,3,1,112,772.4137931034484,0.777131677626216,2.2492970946579196,3,76.97430000000001
32,102.8,1.98,168,120,61,1.24,818.0,27.8,2.8,3,2,26.22,1,2,1,107,654.4,0.7142431998095352,1.9056544829740707,6,74.2216
25,120.6,1.83,179,120,51,1.04,686.0,22.3,2.5,3,2,36.01,1,3,0,128,653.3333333333333,0.6703536115300821,2.039184326269492,6,93.7062
54,50.2,1.61,188,157,67,1.48,1046.0,28.2,2.7,2,1,19.37,0,1,2,121,702.0134228187919,0.835061964789107,1.2405110164784299,2,36.0436
22,42.8,1.56,174,133,66,1.47,978.0,32.2,2.6,3,2,17.59,0,0,0,108,660.8108108108108,0.7643238894316419,2.998636983189459,6,29.018399999999996
54,125.9,1.94,199,132,73,1.35,882.0,28.5,2.9,3,2,33.45,1,3,2,126,648.5294117647059,0.6632832520978845,1.351601555267543,6,90.01850000000002
41,81.6,1.87,167,128,59,1.87,1185.0,10.2,3.5,5,3,23.33,1,1,1,108,630.3191489361702,0.7664211723848872,1.4386734942696904,15,73.2768
45,52.4,1.85,186,161,73,1.2,956.0,25.2,2.5,3,1,15.31,1,0,1,113,790.0826446280992,0.865544863179399,1.621861808487003,3,39.1952
40,62.6,1.53,197,143,73,1.93,1380.0,18.1,2.7,5,3,26.74,0,2,1,124,711.340206185567,0.7258514796203239,1.8245438640339915,15,51.2694
36,48.7,1.68,194,144,56,1.23,886.0,33.7,1.6,3,1,17.25,0,0,1,138,714.516129032258,0.7422297819700016,1.5551235767842266,3,32.2881
47,58.5,1.79,195,131,71,1.42,837.0,30.3,2.4,4,2,18.26,0,0,1,124,585.3146853146853,0.6717604225424337,1.5103169538396086,8,40.7745
48,69.0,1.74,160,167,58,1.48,1223.0,30.0,2.3,3,2,22.79,1,1,1,102,820.8053691275168,1.0436847697018936,1.2080816496563216,6,48.3
43,81.0,1.78,188,152,65,1.58,1189.0,12.4,3.5,5,3,25.56,1,2,1,123,747.7987421383648,0.8084676347002819,1.5112764473378284,15,70.956
36,88.0,1.71,185,160,73,1.87,1646.0,12.0,3.5,5,3,30.09,1,3,1,112,875.531914893617,0.8648181179395709,2.027214662593724,15,77.44
28,76.3,1.62,161,162,70,1.16,1034.0,20.1,2.3,3,2,29.07,1,2,0,91,883.7606837606838,1.0061486864169928,2.4991074616208495,6,60.963699999999996
49,83.7,1.87,183,158,53,1.29,1009.0,23.9,2.3,4,2,23.94,1,1,1,130,776.1538461538461,0.863340801049123,1.0814119567435219,8,63.6957
37,54.6,1.57,170,150,62,1.31,982.0,32.1,2.4,3,1,22.15,0,1,1,108,743.9393939393939,0.8823010411152286,1.6752229127262903,3,37.07340000000001
53,56.3,1.79,193,141,59,1.52,964.0,16.5,2.7,5,3,17.57,0,0,2,134,630.0653594771242,0.7305320967825502,1.1129975476325222,15,47.01049999999999
44,82.5,1.79,167,155,70,1.51,1159.0,13.8,3.5,5,3,25.75,1,2,1,97,762.5,0.9280881384348243,1.5905476028175416,15,71.115
31,48.2,1.65,163,166,60,1.1,913.0,26.1,2.5,2,1,17.7,0,0,1,103,822.5225225225224,1.0183424329795718,1.9348597226701063,2,35.619800000000005
37,76.3,1.77,180,128,57,1.36,957.0,27.3,2.1,4,2,24.35,1,1,1,123,698.5401459854014,0.711071607132937,1.5401242907322346,8,55.470099999999995
41,43.8,1.77,182,165,58,1.19,884.0,31.9,1.6,3,1,13.98,0,0,1,124,736.6666666666667,0.9065435965056865,1.4142891977566447,3,29.8278
55,84.7,1.79,178,122,52,1.19,719.0,23.3,2.4,3,2,26.43,1,2,2,126,599.1666666666667,0.685354755350823,0.9452826758771132,6,64.9649
31,42.7,1.76,182,121,65,1.46,883.0,34.9,2.2,3,1,13.78,0,0,1,117,600.6802721088435,0.6647986374375034,2.0960980328926153,3,27.797700000000003
35,78.9,1.64,196,164,70,1.28,1050.0,25.3,2.6,4,2,29.34,0,2,1,126,813.953488372093,0.836692005509923,1.9994287346472437,8,58.938300000000005
49,57.2,1.89,192,135,62,1.14,762.0,21.1,3.5,2,1,16.01,1,0,1,130,662.608695652174,0.7030883808134993,1.2650479493980822,2,45.1308
43,95.7,1.77,198,151,50,1.08,807.0,24.2,3.4,3,1,30.55,1,3,1,148,740.3669724770641,0.7625877480935307,1.162520344106022,3,72.5406
36,90.3,1.65,169,158,71,1.38,1199.0,23.7,3.4,4,2,33.17,1,3,1,98,862.5899280575541,0.9348559256848707,1.9716745348514302,8,68.8989
42,53.7,1.72,183,142,74,1.37,875.0,29.8,1.6,3,1,18.15,0,0,1,109,634.0579710144928,0.7759138844871866,1.761485360628422,3,37.6974
58,74.8,1.69,175,162,53,1.28,933.0,32.8,2.3,4,2,26.19,0,2,2,122,723.2558139534883,0.9256613907776698,0.9136355800724013,8,50.2656
26,71.2,1.5,182,142,54,1.15,816.0,34.6,2.6,2,1,31.64,0,3,0,128,703.4482758620691,0.780176913356409,2.0761245674740483,2,46.5648
22,63.2,1.54,191,155,53,1.02,790.0,29.5,2.4,4,2,26.65,0,2,0,138,766.9902912621359,0.8114758389613109,2.407996365288505,8,44.556000000000004
22,117.3,1.68,172,134,57,1.24,914.0,28.5,2.7,3,2,41.56,1,3,0,115,731.2,0.7790244753212023,2.58973194002726,6,83.8695
29,84.9,1.72,187,140,51,1.79,1378.0,14.3,3.5,4,3,28.7,1,2,0,136,765.5555555555555,0.7486230682851185,1.7580144777662874,12,72.75930000000001
37,76.9,1.82,192,121,50,1.49,992.0,24.5,2.8,4,2,23.22,1,1,1,142,661.3333333333334,0.6301755116920994,1.3509862199405567,8,58.05950000000001
49,115.3,1.91,161,125,61,1.38,854.0,29.2,3.2,2,1,31.61,1,3,1,100,614.3884892086331,0.7763492950748401,1.2446439502142421,2,81.63239999999999
26,72.8,1.67,163,121,50,1.37,829.0,35.0,1.9,2,1,26.1,0,2,0,113,600.7246376811594,0.7422857493405313,1.9223375624759707,2,47.32
26,59.3,1.51,181,129,71,1.7,1096.0,15.1,2.7,5,3,26.01,0,2,0,110,640.9356725146199,0.7126678084083753,2.7297193387158782,15,50.345699999999994
28,55.1,1.79,192,159,67,1.99,1582.0,17.0,2.7,5,3,17.2,0,0,0,125,791.0,0.8280818707358992,2.3920028561228133,15,45.733
52,65.5,1.74,191,138,70,1.48,1011.0,26.2,2.8,4,2,21.63,1,1,2,121,678.5234899328859,0.7224752630752317,1.3458950201884254,8,48.339
45,65.5,1.57,192,133,59,0.66,395.0,34.3,2.3,2,1,26.57,0,2,1,133,589.5522388059701,0.6926722566532993,1.3108198178182626,2,43.033500000000004
53,51.8,1.74,179,127,61,1.23,773.0,21.3,3.7,3,2,17.11,1,0,2,118,623.3870967741935,0.7094575722026703,1.1507262780607432,6,40.7666
18,64.5,1.82,187,149,52,1.2,983.0,23.4,2.4,3,2,19.47,1,1,0,135,812.3966942148761,0.7967488369605904,2.8872848417545804,6,49.407000000000004
25,57.7,1.58,188,145,52,1.36,986.0,25.7,2.2,3,2,23.11,0,1,0,136,719.7080291970802,0.7712355725759269,2.0791683326669332,6,42.8711
56,55.7,1.53,190,124,66,1.91,1066.0,16.1,2.7,5,3,23.79,0,1,2,124,555.2083333333334,0.6525972317246461,1.1783610069630424,15,46.7323
39,55.4,1.6,192,136,72,1.44,979.0,26.3,1.6,3,2,21.64,0,1,1,120,675.1724137931035,0.7082964428935993,1.845680594719303,6,40.8298
29,55.7,1.61,177,128,51,1.41,993.0,28.7,2.3,3,1,21.49,1,1,0,126,699.2957746478874,0.7231229874018418,1.7580144777662874,3,39.71410000000001
23,60.9,1.62,193,168,69,1.59,1336.0,16.8,2.7,5,3,23.21,0,1,0,124,835.0,0.8704212216983577,2.998696219035202,15,50.6688
30,64.1,1.87,182,142,67,0.64,500.0,26.2,2.1,2,1,18.33,1,0,1,115,769.2307692307692,0.780176913356409,2.2325891369543482,2,47.3058
28,108.5,1.79,183,120,68,1.33,878.0,24.8,2.1,4,2,33.86,1,3,0,115,655.2238805970148,0.6557018742145239,2.427704391288825,8,81.592
33,74.2,1.76,192,145,66,1.15,834.0,25.9,1.5,4,2,23.95,0,1,1,126,718.9655172413794,0.7551690016144993,1.9993941229930325,8,54.9822
47,66.2,1.71,181,169,71,1.42,1188.0,22.8,2.9,3,1,22.64,1,1,1,110,830.7692307692308,0.9336500745815148,1.5103169538396086,3,51.1064
55,63.5,1.86,198,144,53,1.36,969.0,22.9,2.9,4,2,18.35,1,0,2,145,707.2992700729926,0.7272359981819101,0.9634611888747501,8,48.9585
28,87.0,1.76,197,121,60,1.2,799.0,28.4,3.5,3,2,28.09,1,2,0,137,660.3305785123968,0.6141820212171971,2.1420921099607284,6,62.291999999999994
34,54.2,1.52,190,132,60,1.13,746.0,31.0,2.2,3,1,23.46,0,1,1,130,654.3859649122808,0.6947002789326878,1.7641870038224052,3,37.397999999999996
53,115.4,1.92,193,161,50,1.36,1084.0,28.3,2.2,4,2,31.3,1,3,2,143,791.2408759124087,0.8341536707942594,0.9432182607055273,8,82.7418
43,57.3,1.79,175,166,62,1.98,1479.0,17.8,2.7,4,3,17.88,0,0,1,113,743.2160804020101,0.9485172275869951,1.441525226691467,12,47.10059999999999
59,42.1,1.65,172,132,59,1.22,725.0,33.0,2.2,2,1,15.46,0,0,2,113,589.4308943089432,0.767397244346259,0.9998305371970853,2,28.206999999999997
27,61.6,1.8,169,144,72,1.48,1172.0,26.4,3.1,2,1,19.01,1,1,0,97,786.5771812080537,0.8520205904976037,2.665679378008145,2,45.3376
51,109.3,1.78,182,157,64,0.54,420.0,28.7,3.3,3,1,34.5,1,3,2,118,763.6363636363636,0.8625899675841987,1.2546559498137622,3,77.93090000000001
20,72.6,1.73,199,160,68,1.27,1016.0,34.8,2.5,3,2,24.26,0,1,0,131,793.75,0.8039796995125873,3.3983008495752123,6,47.3352
42,88.4,1.93,188,158,65,1.68,1314.0,12.4,3.5,4,3,23.73,1,1,1,123,777.5147928994083,0.840380830806872,1.5472506546060463,12,77.4384
31,53.3,1.64,183,141,70,0.57,402.0,29.4,2.4,3,1,19.82,0,1,1,113,693.1034482758621,0.7704497022020655,2.257336343115124,3,37.629799999999996
26,44.3,1.6,186,136,61,1.08,734.0,34.7,2.0,3,1,17.3,0,0,0,125,673.394495412844,0.731143486909306,2.345251826220684,3,28.927899999999998
45,57.2,1.55,194,121,58,1.67,909.0,18.4,2.7,5,3,23.81,0,1,1,136,541.0714285714286,0.6236791917942375,1.2886025327704955,15,46.675200000000004
39,50.3,1.61,167,128,50,1.17,749.0,32.8,2.5,2,1,19.41,0,1,1,117,634.7457627118645,0.7664211723848872,1.2817226352217381,2,33.8016
59,122.3,1.89,178,153,51,0.66,500.0,20.1,3.1,3,1,34.24,1,3,2,127,746.2686567164179,0.8595022751530813,0.8642602948652771,3,97.7177
18,118.6,1.64,188,134,67,0.94,693.0,25.6,2.7,3,1,44.1,1,3,0,121,729.4736842105264,0.7127280463805117,3.7201554691837866,3,88.2384
31,75.5,1.93,168,135,68,0.6,446.0,20.5,3.4,2,1,20.27,1,1,1,100,731.1475409836065,0.8035235997857271,2.1928410190261203,2,60.0225
43,48.4,1.61,190,127,69,1.28,732.0,34.1,2.4,2,1,18.67,0,1,1,121,567.4418604651163,0.6683858744276617,1.6042780748663101,2,31.8956
42,59.5,1.74,195,141,52,1.78,1129.0,16.4,2.7,5,3,19.65,0,1,1,143,630.7262569832402,0.7230398441105584,1.237800523684837,15,49.742000000000004
29,86.1,1.65,183,128,71,1.66,1169.0,11.2,3.5,4,3,31.63,1,3,0,112,700.0,0.699415332495492,2.4474319200275767,12,76.4568
47,86.6,1.99,182,153,70,1.98,1500.0,10.6,3.5,4,3,21.87,1,1,1,112,753.7688442211055,0.8406131531234547,1.48904488406722,12,77.4204
56,82.5,1.87,187,124,74,1.51,927.0,13.2,3.5,5,3,23.59,1,1,2,113,609.8684210526316,0.6630661461953906,1.3211926441706838,15,71.61
55,86.4,1.77,176,157,61,1.0,777.0,27.3,2.8,3,2,27.58,1,2,2,115,769.3069306930693,0.89199477302426,1.1088892928558445,6,62.8128
49,42.0,1.52,171,130,70,1.1,644.0,28.8,2.2,3,1,18.18,0,0,1,101,580.1801801801802,0.7601894626045261,1.4282799428688024,3,29.904
50,80.5,1.77,175,129,59,1.85,1181.0,14.3,3.5,4,3,25.7,1,2,2,116,634.9462365591397,0.7371007371007371,1.179764047190562,12,68.9885
57,112.5,1.61,195,165,61,1.24,1013.0,22.1,2.7,3,2,43.4,1,3,2,134,810.4,0.8461104558740578,1.0699877214523767,6,87.6375
28,79.6,1.59,181,130,54,1.49,968.0,28.2,1.5,3,2,31.49,0,3,0,127,645.3333333333334,0.7181923650627038,1.9278828989646555,6,57.15279999999999
36,69.2,1.65,165,126,65,1.23,852.0,27.2,2.7,3,1,25.42,1,2,1,100,687.0967741935484,0.7635900854493668,1.8050541516245489,3,50.3776
27,102.6,1.83,199,123,58,1.41,954.0,26.5,3.5,3,2,30.64,1,3,0,141,671.830985915493,0.6180593940003015,2.147352832284339,6,75.411
25,81.5,1.61,170,159,63,1.93,1688.0,10.9,3.5,4,3,31.44,1,3,0,107,870.1030927835052,0.9352391035821422,2.5189924030387845,12,72.6165
36,84.0,1.94,168,123,50,1.8,1218.0,11.2,3.5,5,3,22.32,1,1,1,118,672.92817679558,0.7320992798047735,1.3885031935573453,15,74.592
44,59.1,1.52,177,136,56,1.58,967.0,18.4,2.7,5,3,25.58,0,2,1,121,608.1761006289308,0.7683181741144568,1.2724380822540333,15,48.22560000000001
25,95.6,1.9,190,160,72,1.47,1294.0,23.8,2.4,4,2,26.48,1,2,0,118,874.3243243243244,0.8420609441608337,2.8788484606157536,8,72.8472
20,51.1,1.58,188,169,64,0.5,422.0,29.6,1.6,2,1,20.47,0,1,0,124,827.4509803921568,0.8988883570022872,3.1984007996001997,2,35.974399999999996
22,58.3,1.72,173,128,63,1.0,640.0,32.6,1.6,3,2,19.71,0,1,0,110,633.6633663366337,0.7398416276515809,2.862335302135393,6,39.2942
28,84.8,1.79,182,138,55,1.35,1025.0,28.8,2.3,4,2,26.47,1,2,0,127,753.6764705882352,0.7582000988956651,1.9635844341306674,8,60.377599999999994
55,79.7,1.66,195,160,68,1.06,763.0,27.8,1.9,2,1,28.92,0,2,2,127,713.0841121495326,0.8204707450899954,1.236138883839302,2,57.5434
37,71.2,1.64,162,120,73,1.11,666.0,29.9,1.7,3,2,26.47,0,2,1,89,594.6428571428571,0.7406950188259984,1.9724398811132127,6,49.91120000000001
50,51.8,1.5,182,141,58,1.32,838.0,33.0,2.2,3,1,23.02,0,1,2,124,630.0751879699247,0.774682709741223,1.1597680463907218,3,34.705999999999996
45,46.6,1.79,176,168,55,1.46,1214.0,22.9,2.4,3,2,14.54,1,0,1,121,825.8503401360545,0.9544912220896541,1.221950677627194,6,35.9286
21,110.7,1.69,193,133,59,1.06,775.0,27.0,2.7,3,1,38.76,1,3,0,134,724.2990654205607,0.6890834671778665,2.8081865778200856,3,80.811
29,87.0,1.86,177,123,72,1.52,1028.0,11.0,3.5,4,3,25.15,1,2,0,105,671.8954248366013,0.6948759957064573,2.481902792140641,12,77.43
56,64.2,1.69,190,137,61,1.99,1227.0,19.6,2.7,5,3,22.48,0,1,2,129,613.5,0.7210146834377138,1.0890912337082663,15,51.616800000000005
24,52.6,1.57,169,166,60,1.29,1071.0,31.9,2.4,2,1,21.34,0,1,0,109,823.8461538461538,0.9821904029347377,2.4989587671803415,2,35.820600000000006
23,114.8,1.6,182,163,60,1.47,1318.0,21.7,2.7,4,2,44.84,1,3,0,122,890.5405405405405,0.8955551892753146,2.607561929595828,8,89.8884
43,113.2,1.83,161,134,63,1.45,962.0,29.9,2.9,4,2,33.8,1,3,1,98,658.9041095890411,0.8322464443202287,1.4647756335735875,8,79.35320000000002
18,64.8,1.53,170,141,54,1.98,1396.0,18.6,2.7,5,3,27.68,0,2,0,116,701.5075376884422,0.8293629786483149,2.998334258745141,15,52.74719999999999
40,81.7,1.74,166,133,58,0.91,666.0,27.0,2.7,2,1,26.99,1,2,1,108,723.9130434782609,0.8011565568339257,1.4496375906023495,2,59.641
44,102.3,1.63,188,129,52,1.34,856.0,20.9,2.6,4,2,38.5,1,3,1,136,634.074074074074,0.6861337162916866,1.1815496478073166,8,80.9193
41,101.1,1.83,160,162,66,0.79,634.0,28.6,3.2,2,1,30.19,1,3,1,94,792.5,1.012436722704831,1.6093635698610096,2,72.18539999999999
42,49.2,1.5,173,131,63,1.15,678.0,27.7,1.5,3,2,21.87,0,1,1,110,584.4827586206897,0.7571816657996648,1.4996429421566295,6,35.571600000000004
32,108.2,1.8,172,138,53,1.27,964.0,28.4,3.5,3,1,33.4,1,3,1,119,753.125,0.8022789372710889,1.6557325835676353,3,77.4712
25,59.4,1.51,185,161,54,1.62,1304.0,19.8,2.7,5,3,26.05,0,2,0,131,800.0,0.8702232311766932,2.1591363454618153,15,47.6388
26,55.7,1.68,182,129,54,1.13,802.0,21.7,2.9,3,1,19.73,1,1,0,128,703.5087719298247,0.7087522663589912,2.0761245674740483,3,43.6131
55,129.9,1.73,187,155,60,0.69,529.0,21.7,3.1,3,1,43.4,1,3,2,127,755.7142857142858,0.8288326827442383,1.0907107798582076,3,101.71170000000001
45,59.4,1.51,169,142,65,1.15,735.0,33.1,1.9,4,2,26.05,0,2,1,104,633.6206896551724,0.840186971185137,1.4441235281048657,8,39.7386
39,63.6,1.56,183,148,66,1.22,903.0,34.8,2.4,2,1,26.13,0,2,1,117,734.1463414634146,0.8086989781979127,1.6918738784926943,2,41.467200000000005
26,111.5,1.9,191,167,57,1.02,937.0,25.2,2.2,2,1,30.89,1,3,0,134,909.7087378640776,0.8742997748808963,2.1914648212226067,2,83.402
33,78.0,1.71,187,136,58,1.08,734.0,26.3,2.1,3,1,26.67,0,2,1,129,673.394495412844,0.7272338377626866,1.7570433202059983,3,57.486
49,69.3,1.62,191,122,62,1.14,626.0,28.8,1.9,4,2,26.41,0,2,1,129,544.3478260869566,0.6387100151824512,1.2650479493980822,8,49.34159999999999
26,87.1,1.87,173,132,58,1.71,1241.0,11.2,3.5,4,3,24.91,1,1,0,115,721.5116279069767,0.7629616785156927,2.229911572472126,12,77.34479999999999
32,49.3,1.62,167,158,74,1.18,1025.0,29.3,2.5,3,2,18.79,1,1,1,93,861.344537815126,0.9460511346625952,2.3117775695095286,6,34.8551
52,74.0,1.63,174,150,50,1.26,936.0,25.7,3.7,3,2,27.85,1,2,2,124,737.007874015748,0.8620194241710247,0.9613535858488752,6,54.982
51,60.7,1.71,168,169,60,1.14,954.0,22.1,2.5,2,1,20.76,1,1,2,108,829.5652173913044,1.0058925063984288,1.176239952950402,2,47.28530000000001
44,48.0,1.76,189,124,52,0.88,491.0,28.6,2.6,2,1,15.5,0,0,1,137,551.685393258427,0.6560499444473837,1.1815496478073166,2,34.272
37,73.5,1.69,174,131,66,0.54,354.0,27.5,1.6,2,1,25.73,0,2,1,108,643.6363636363636,0.7528302971093616,1.7833018103215348,2,53.2875
58,59.3,1.58,166,165,56,1.97,1463.0,19.8,2.7,4,3,23.75,0,1,2,110,738.8888888888889,0.9939160291548702,0.9653508015859334,12,47.5586
57,51.9,1.57,169,151,67,1.05,713.0,29.1,2.6,3,2,21.06,0,1,2,102,672.6415094339623,0.8934382580912372,1.1752324153657254,6,36.7971
50,42.7,1.53,168,155,65,1.41,983.0,28.4,2.4,4,2,18.24,0,0,2,103,692.2535211267606,0.9225641330873163,1.299740051989602,8,30.5732
57,68.5,1.56,168,138,68,1.45,900.0,29.1,1.6,4,2,28.15,0,2,2,100,616.4383561643835,0.8213796797809655,1.1927731976846168,8,48.5665
57,51.4,1.63,183,134,73,1.2,724.0,33.7,2.0,4,2,19.35,0,1,2,110,598.3471074380166,0.7322004262062183,1.2804771092790739,8,34.0782
36,99.9,1.99,189,147,73,1.33,1075.0,20.9,2.5,3,1,25.23,1,2,1,116,802.2388059701492,0.7777366276916565,2.027214662593724,3,79.02090000000001
36,112.4,1.63,164,135,58,1.02,757.0,25.0,3.4,4,2,42.3,1,3,1,106,734.9514563106796,0.8231205414304006,1.6106637045265204,8,84.30000000000001
29,60.0,1.62,181,161,69,0.85,684.0,28.1,1.9,2,1,22.86,0,1,0,112,795.3488372093024,0.889453621346887,2.378490175801448,2,43.14
23,47.4,1.6,196,154,50,0.76,585.0,33.5,1.6,3,1,18.52,0,1,0,146,759.7402597402597,0.7856742002959033,2.17296827466319,3,31.521
26,47.7,1.77,198,120,69,1.15,759.0,24.8,2.7,3,2,15.23,1,0,0,129,654.3103448275863,0.606029998484925,2.6528258362168393,6,35.870400000000004
47,45.9,1.93,166,159,65,1.29,1015.0,29.6,2.0,3,2,12.32,1,0,1,101,780.7692307692307,0.9577736280946931,1.3826845352052755,6,32.313599999999994
36,60.0,1.72,161,128,51,1.63,1043.0,18.2,2.7,5,3,20.28,0,1,1,110,635.9756097560976,0.7949816781566362,1.4162732574284922,15,49.080000000000005
26,54.0,1.53,175,148,54,1.14,844.0,26.9,1.7,3,1,23.07,0,1,0,121,733.9130434782609,0.8456659619450317,2.0761245674740483,3,39.474000000000004
59,89.4,1.72,188,152,67,1.08,813.0,24.5,3.2,3,1,30.22,1,3,2,121,745.8715596330275,0.8084676347002819,1.1354007795288934,3,67.497
29,68.7,1.72,171,168,62,1.08,907.0,29.8,1.7,4,2,23.22,0,1,0,109,832.1100917431193,0.9823986901350799,2.1371940710099966,8,48.227399999999996
35,50.4,1.6,195,156,59,1.03,803.0,29.1,1.9,4,2,19.69,0,1,1,136,772.1153846153846,0.7999589764627455,1.6852327906312483,8,35.733599999999996
34,66.5,1.69,191,157,52,0.81,636.0,28.1,2.3,3,1,23.28,0,1,1,139,775.6097560975609,0.8219464949479085,1.528962069979418,3,47.8135
56,129.0,1.78,194,126,64,1.29,805.0,27.1,2.7,2,1,40.71,1,3,2,130,619.2307692307692,0.6494510592237513,1.142653097661132,2,94.041
31,64.4,1.7,160,144,70,1.97,1418.0,17.3,2.7,5,3,22.28,0,1,1,90,716.1616161616162,0.8999437535154053,2.257336343115124,15,53.2588
31,76.7,1.62,174,127,74,1.39,883.0,28.1,2.3,4,2,29.23,0,2,1,100,630.7142857142858,0.7298431124648009,2.386326991293131,8,55.1473
51,49.3,1.61,191,129,55,1.36,868.0,28.3,2.9,2,1,19.02,1,1,2,136,633.5766423357663,0.6753573111355426,1.0782199568712019,2,35.348099999999995
20,117.7,1.81,196,161,54,1.35,1195.0,26.4,3.3,3,2,35.93,1,3,0,142,878.6764705882352,0.8213866639457171,2.6986506746626686,6,86.6272
31,42.3,1.6,163,163,70,1.09,888.0,25.1,1.9,3,2,16.52,0,0,1,93,807.2727272727273,0.9999386540703025,2.257336343115124,6,31.682699999999997
40,51.7,1.82,161,160,71,0.9,792.0,21.4,3.0,3,1,15.61,1,0,1,90,870.3296703296703,0.9937270976957954,1.7745563609097725,3,40.6362
20,124.3,1.82,194,145,63,1.25,997.0,22.4,3.2,3,2,37.53,1,3,0,131,791.2698412698412,0.7473841554559044,3.1484257871064467,6,96.4568
28,67.3,1.67,171,157,74,0.61,479.0,29.2,2.3,3,1,24.13,0,1,0,97,772.5806451612904,0.9180749663762353,2.641913602284898,3,47.648399999999995
58,109.0,1.91,198,156,56,1.49,1151.0,26.0,2.2,3,2,29.88,1,2,2,142,767.3333333333334,0.7878389980304026,0.9653508015859334,6,80.66
54,43.8,1.65,171,129,61,1.29,749.0,26.6,1.7,4,2,16.09,0,0,2,110,576.1538461538462,0.754341851353722,1.1294204776893169,8,32.1492
35,96.9,1.71,188,145,72,1.34,1069.0,24.2,2.9,3,2,33.14,1,3,1,116,791.8518518518518,0.7712355725759269,2.0565552699228795,6,73.45020000000001
24,72.9,1.76,175,127,68,0.86,546.0,30.8,1.5,3,1,23.53,0,1,0,107,627.5862068965517,0.7256728186960746,2.8321532694710534,3,50.4468
54,56.5,1.75,196,154,66,1.76,1220.0,15.3,2.7,5,3,18.45,0,0,2,130,689.2655367231638,0.7856742002959033,1.2219959266802445,15,47.8555
57,85.6,1.69,189,133,50,1.76,1159.0,12.7,3.5,5,3,29.97,1,2,2,139,654.8022598870057,0.7036664726734035,0.8770391159445712,15,74.72879999999999
29,81.7,1.99,162,126,54,1.45,1005.0,29.4,3.2,2,1,20.63,1,1,0,108,688.3561643835617,0.7777297697672984,1.8614270941054807,2,57.6802
48,73.7,1.61,172,121,63,1.36,815.0,21.8,3.6,4,2,28.43,1,2,1,109,594.8905109489051,0.7034474739840707,1.3122266194542804,8,57.6334
27,108.0,1.8,174,122,70,1.38,926.0,28.6,2.5,4,2,33.33,1,3,0,104,666.1870503597123,0.7011091316591,2.5916327286190297,8,77.112
41,66.1,1.69,187,143,68,0.77,545.0,27.4,3.4,2,1,23.14,1,1,1,119,698.7179487179487,0.7646649911769424,1.6581321628871009,2,47.98859999999999
40,63.5,1.61,163,159,59,1.31,1041.0,33.4,1.6,3,2,24.5,0,1,1,104,788.6363636363636,0.9754002821912766,1.474631342164459,6,42.291000000000004
41,64.8,1.71,164,131,54,1.2,778.0,22.5,2.8,3,2,22.16,1,1,1,110,642.9752066115702,0.7987317846472777,1.3167520117044624,6,50.22
52,52.1,1.67,169,124,52,1.5,837.0,32.0,1.5,2,1,18.68,0,1,2,117,554.3046357615895,0.7336843973729366,0.9998077292828302,2,35.428
36,59.1,1.78,184,121,60,0.85,514.0,34.5,2.2,2,1,18.65,0,1,1,124,597.6744186046511,0.6575729579914136,1.6662038322688144,2,38.7105
23,107.2,1.93,167,139,55,1.15,879.0,20.2,3.1,4,2,28.78,1,2,0,112,757.7586206896552,0.8322854918867134,2.3902651021295087,8,85.54560000000001
37,69.5,1.5,196,130,66,0.69,448.0,32.8,2.4,2,1,30.89,0,3,1,130,640.0,0.6632314677822561,1.7833018103215348,2,46.704
24,62.9,1.79,180,135,59,1.42,958.0,27.3,2.3,4,2,19.63,0,1,0,121,669.93006993007,0.7499583356480196,2.4573094543940024,8,45.7283
47,80.0,1.77,171,149,68,0.72,531.0,28.2,3.5,3,1,25.54,1,2,1,103,727.3972602739726,0.8712940763698029,1.446500744522442,3,57.44
20,46.5,1.68,187,145,72,0.91,660.0,27.9,2.4,2,1,16.48,0,0,0,115,717.391304347826,0.7753596064381584,3.598200899550225,2,33.526500000000006
54,66.9,1.74,195,129,62,1.24,720.0,29.5,2.1,2,1,22.1,0,1,2,133,576.0,0.6615045382288088,1.1479355674875023,2,47.16450000000001
37,87.8,1.69,183,158,69,1.81,1573.0,10.3,3.5,5,3,30.74,1,3,1,114,864.2857142857142,0.863340801049123,1.8643609835179682,15,78.7566
26,86.2,1.68,189,157,72,1.97,1701.0,13.3,3.5,5,3,30.54,1,3,0,117,859.0909090909091,0.830643881276123,2.7681660899653977,15,74.7354
34,64.5,1.78,169,144,64,1.33,958.0,27.8,1.8,4,2,20.36,0,1,1,105,714.9253731343283,0.8520205904976037,1.881799470743899,8,46.568999999999996
21,54.9,1.78,173,138,71,0.55,380.0,31.7,2.0,2,1,17.33,0,0,0,102,678.5714285714286,0.7976417548118606,3.379343169919086,2,37.496700000000004
55,118.6,1.72,163,168,67,0.77,640.0,25.9,2.6,3,1,40.09,1,3,2,96,820.5128205128204,1.0306116189190848,1.217960370841665,3,87.8826
35,85.6,1.85,185,135,55,1.78,1322.0,14.5,3.5,5,3,25.01,1,2,1,130,738.5474860335196,0.729690287011513,1.5709797200799773,15,73.18799999999999
23,59.0,1.78,185,141,58,1.67,1177.0,17.8,2.7,5,3,18.62,0,1,0,127,700.5952380952381,0.7621209664342469,2.5206431986093003,15,48.498
42,57.7,1.57,167,122,52,1.83,1005.0,17.7,2.7,4,3,23.41,0,1,1,115,546.195652173913,0.7304951799293455,1.237800523684837,12,47.4871
49,82.3,1.84,192,146,71,1.29,932.0,28.4,3.4,4,2,24.31,1,1,1,121,716.9230769230769,0.7603770636945992,1.4486839420526423,8,58.92679999999999
33,102.6,1.75,186,140,53,1.4,1078.0,27.9,2.2,3,2,33.5,1,3,1,133,764.5390070921986,0.7526477071125208,1.6055740684641018,6,73.97460000000001
21,74.2,1.93,187,141,56,1.32,1024.0,28.3,2.5,3,2,19.92,1,1,0,131,769.9248120300751,0.7539703759157265,2.6653974297953353,6,53.2014
31,60.5,1.77,187,127,56,1.72,1092.0,15.0,2.7,4,3,19.31,0,1,1,131,631.2138728323699,0.6791080690872147,1.8058690744920993,12,51.425
44,69.5,1.75,192,155,69,1.02,711.0,27.6,2.1,3,1,22.69,0,1,1,123,690.2912621359224,0.8072496224154992,1.5678254942058625,3,50.318
29,125.9,2.0,186,152,67,1.36,1137.0,24.7,3.1,4,2,31.48,1,3,0,119,829.92700729927,0.8171603677221655,2.3095484315753185,8,94.8027
25,88.1,1.95,182,131,68,1.41,1016.0,22.7,3.0,2,1,23.17,1,1,0,114,715.492957746479,0.7197406735893632,2.7189124350259894,2,68.1013
20,55.0,1.6,172,168,67,1.12,1035.0,24.0,3.2,4,2,21.48,1,1,0,105,915.9292035398229,0.9766874018952387,3.348325837081459,8,41.8
42,97.9,1.91,193,136,73,1.01,680.0,29.0,2.8,3,2,26.84,1,2,1,120,666.6666666666666,0.7046267032796228,1.7376815044037135,6,69.509
21,101.5,1.95,171,131,69,0.97,699.0,27.9,3.1,3,1,26.69,1,2,0,102,713.265306122449,0.7660370738553302,3.2841504045692527,3,73.18150000000001
48,68.2,1.69,170,159,73,0.75,537.0,28.4,2.5,3,1,23.88,0,1,1,97,706.578947368421,0.9352391035821422,1.520516559050198,3,48.8312
41,71.7,1.96,162,168,51,0.51,424.0,27.3,2.5,2,1,18.66,1,1,1,111,815.3846153846154,1.0369730263563979,1.2435991221653255,2,52.1259
59,123.3,1.88,177,161,67,1.3,1036.0,23.0,2.6,4,2,34.89,1,3,2,110,790.8396946564885,0.909553132591379,1.1354007795288934,8,94.941
58,90.2,1.72,199,150,55,0.9,668.0,28.3,2.1,2,1,30.49,1,3,2,144,734.065934065934,0.7537309682930506,0.9481123944147561,2,64.6734
19,50.6,1.68,193,145,64,1.21,877.0,30.6,2.1,3,2,17.93,0,0,0,129,718.8524590163935,0.751256411584892,3.3666491320357705,6,35.1164
26,77.7,1.62,177,126,73,1.16,804.0,29.6,3.0,3,2,29.61,1,2,0,104,687.1794871794872,0.711824190723688,2.806612841214917,6,54.7008
24,69.7,1.75,166,146,60,1.41,1029.0,32.5,2.0,3,1,22.76,0,1,0,106,724.6478873239437,0.8794650924643094,2.4989587671803415,3,47.04750000000001
20,85.7,1.92,172,136,58,1.72,1287.0,10.5,3.5,5,3,23.25,1,1,0,114,743.9306358381504,0.7906517062961456,2.898550724637681,15,76.70150000000001
19,56.9,1.87,178,138,70,0.61,463.0,23.3,3.7,3,1,16.27,1,0,0,108,746.7741935483871,0.7752373462165048,3.682272488164124,3,43.6423
37,88.8,1.95,189,135,66,1.58,1173.0,10.3,3.5,5,3,23.35,1,1,1,123,737.7358490566037,0.7142479233902969,1.7833018103215348,15,79.6536
21,86.6,1.86,163,129,58,1.37,972.0,21.8,2.6,3,2,25.03,1,2,0,105,704.3478260869565,0.791362493098583,2.7605901951451686,6,67.7212
58,103.5,1.66,172,168,61,1.33,1106.0,24.6,3.1,3,1,37.56,1,3,2,111,825.3731343283581,0.9766874018952387,1.0515428374418203,3,78.039
18,68.1,1.8,174,153,50,1.1,926.0,25.4,3.3,4,2,21.02,1,1,0,124,834.2342342342341,0.8792598126544452,2.7762354247640197,8,50.8026
23,40.9,1.75,167,145,61,0.82,594.0,25.2,2.1,3,1,13.36,0,0,0,106,715.6626506024097,0.868211484342255,2.6510212950890915,3,30.5932
32,56.6,1.57,170,167,72,1.65,1378.0,15.7,2.7,4,3,22.96,0,1,1,98,830.1204819277109,0.9822951591082878,2.2492970946579196,12,47.7138
45,113.4,1.71,190,129,63,0.83,530.0,24.0,2.3,2,1,38.78,1,3,1,127,630.952380952381,0.6789116362296721,1.3996889580093312,2,86.18400000000001
52,61.5,1.69,160,152,63,1.8,1231.0,15.5,2.7,4,3,21.53,0,1,2,97,680.110497237569,0.9499406287107056,1.2113055181695829,12,51.9675
32,68.3,1.92,168,165,54,1.42,1289.0,29.9,3.5,2,1,18.53,1,1,1,114,901.3986013986014,0.9820843997381109,1.6869728209934396,2,47.8783
44,77.7,1.79,198,165,53,1.41,1047.0,28.1,2.2,3,1,24.25,0,1,1,145,737.3239436619718,0.8332912479167719,1.2042717564189958,3,55.8663
57,126.8,1.63,161,133,73,0.96,632.0,20.8,2.1,2,1,47.72,1,3,2,88,651.5463917525774,0.8260356499596299,1.2804771092790739,2,100.4256
23,64.5,1.7,187,125,72,0.51,319.0,30.4,1.7,2,1,22.32,0,1,0,115,613.4615384615385,0.6684134538259986,3.1290743155149934,2,44.891999999999996
33,45.9,1.89,193,144,50,1.45,1148.0,21.6,2.9,3,2,12.85,1,0,1,143,786.3013698630137,0.7460753328843065,1.514692517418964,6,35.9856
39,93.4,1.7,191,155,50,1.1,938.0,21.1,2.5,4,2,32.32,1,3,1,141,845.045045045045,0.8114758389613109,1.2817226352217381,8,73.6926
27,75.7,1.76,167,132,66,0.68,494.0,25.3,2.3,3,1,24.44,1,1,0,101,715.9420289855071,0.7903718340219149,2.4435394298407997,3,56.5479
49,88.6,2.0,162,127,56,1.83,1150.0,14.9,3.5,4,3,22.15,1,1,1,106,625.0,0.783902228257515,1.1426239542950418,12,75.39859999999999
44,42.8,1.78,167,159,64,1.49,1066.0,25.3,2.6,3,2,13.51,0,0,1,103,710.6666666666666,0.952038800071852,1.4542149511474665,6,31.9716
19,58.8,1.77,181,136,53,1.4,952.0,32.8,2.7,2,1,18.77,0,1,0,128,675.1773049645391,0.7513397049886748,2.788006312467122,2,39.513600000000004
54,78.1,1.6,198,145,73,1.1,718.0,32.9,2.4,4,2,30.51,0,3,2,125,646.8468468468468,0.7322862481692844,1.351601555267543,8,52.4051
49,78.9,1.73,182,151,64,1.38,938.0,34.0,2.3,2,1,26.36,0,2,1,118,674.8201438848921,0.8296247458930829,1.305855947765762,2,52.074
22,107.4,1.74,195,138,63,1.34,1017.0,22.0,2.2,2,1,35.47,1,3,0,132,753.3333333333333,0.7076560176401211,2.862335302135393,2,83.772
22,110.5,1.92,172,144,55,1.16,919.0,20.2,3.3,3,2,29.98,1,2,0,117,785.4700854700856,0.8371606301959189,2.4988641526578825,6,88.179
18,65.3,1.55,184,161,59,1.42,1143.0,28.5,2.2,3,2,27.18,0,2,0,125,799.3006993006993,0.874952448236509,3.2759578012215433,6,46.6895
30,62.7,1.67,164,162,70,1.02,826.0,26.1,2.6,4,2,22.48,0,1,1,94,801.9417475728155,0.9877446497164808,2.3325558147284235,8,46.335300000000004
20,111.0,1.94,170,156,50,1.02,875.0,27.6,3.3,4,2,29.49,1,2,0,120,849.5145631067961,0.9175930827598378,2.498750624687656,8,80.364
42,45.5,1.6,166,163,64,1.31,1057.0,21.7,2.6,3,2,17.77,1,0,1,102,800.7575757575758,0.9818685621348112,1.5234467983813378,6,35.6265
46,52.0,1.65,165,147,63,0.7,463.0,34.1,1.9,2,1,19.1,0,1,1,102,652.112676056338,0.8908550996909279,1.369267550532493,2,34.268
55,75.6,1.71,173,130,57,1.03,663.0,28.1,2.0,4,2,25.85,1,2,2,116,637.5,0.7514016530836368,1.0361752408652973,8,54.356399999999994
